state,kind,item,profile,method,positions,heights,raw_um,display_um
"horizontal-ideal-flat","horizontal","XY","ideal","known bulk fixture via evaluate","{""X"":0,""Y"":0,""Z"":0,""A"":0,""C"":0}","[0,0,0,0,0,0,0,0]","0","0"
"horizontal-ideal-flat","horizontal","XZ","ideal","known bulk fixture via evaluate","{""X"":0,""Y"":0,""Z"":0,""A"":0,""C"":0}","[0,0,0,0,0,0,0,0]","0","0"
"horizontal-ideal-flat","horizontal","YZ","ideal","known bulk fixture via evaluate","{""X"":0,""Y"":0,""Z"":0,""A"":0,""C"":0}","[0,0,0,0,0,0,0,0]","0","0"
"horizontal-ideal-flat","horizontal","a","ideal","known bulk fixture via evaluate","{""X"":0,""Y"":0,""Z"":0,""A"":0,""C"":0}","[0,0,0,0,0,0,0,0]","0","0"
"horizontal-ideal-flat","horizontal","b","ideal","known bulk fixture via evaluate","{""X"":0,""Y"":0,""Z"":0,""A"":0,""C"":0}","[0,0,0,0,0,0,0,0]","0","0"
"horizontal-ideal-0-0.001-start","horizontal","XY","ideal","real support map and step buttons","{""X"":0,""Y"":0,""Z"":0,""A"":0,""C"":0}","[0,0,0,0,0,0,0,0]","0","0"
"horizontal-ideal-0-0.001-start","horizontal","XZ","ideal","real support map and step buttons","{""X"":0,""Y"":0,""Z"":0,""A"":0,""C"":0}","[0,0,0,0,0,0,0,0]","0","0"
"horizontal-ideal-0-0.001-start","horizontal","YZ","ideal","real support map and step buttons","{""X"":0,""Y"":0,""Z"":0,""A"":0,""C"":0}","[0,0,0,0,0,0,0,0]","0","0"
"horizontal-ideal-0-0.001-start","horizontal","a","ideal","real support map and step buttons","{""X"":0,""Y"":0,""Z"":0,""A"":0,""C"":0}","[0,0,0,0,0,0,0,0]","0","0"
"horizontal-ideal-0-0.001-start","horizontal","b","ideal","real support map and step buttons","{""X"":0,""Y"":0,""Z"":0,""A"":0,""C"":0}","[0,0,0,0,0,0,0,0]","0","0"
"horizontal-ideal-0-0.001-plus","horizontal","XY","ideal","real raise/lower button","{""X"":0,""Y"":0,""Z"":0,""A"":0,""C"":0}","[0.001,0,0,0,0,0,0,0]","8.326672684688674e-11","0"
"horizontal-ideal-0-0.001-plus","horizontal","XZ","ideal","real raise/lower button","{""X"":0,""Y"":0,""Z"":0,""A"":0,""C"":0}","[0.001,0,0,0,0,0,0,0]","-0.04681506893255971","0"
"horizontal-ideal-0-0.001-plus","horizontal","YZ","ideal","real raise/lower button","{""X"":0,""Y"":0,""Z"":0,""A"":0,""C"":0}","[0.001,0,0,0,0,0,0,0]","-0.15760849962458134","0"
"horizontal-ideal-0-0.001-plus","horizontal","a","ideal","real raise/lower button","{""X"":0,""Y"":0,""Z"":0,""A"":0,""C"":0}","[0.001,0,0,0,0,0,0,0]","-0.13406261946923015","0"
"horizontal-ideal-0-0.001-plus","horizontal","b","ideal","real raise/lower button","{""X"":0,""Y"":0,""Z"":0,""A"":0,""C"":0}","[0.001,0,0,0,0,0,0,0]","-0.25543529250104946","0"
"horizontal-ideal-0-0.001-plus-restored","horizontal","XY","ideal","real inverse support button","{""X"":0,""Y"":0,""Z"":0,""A"":0,""C"":0}","[0,0,0,0,0,0,0,0]","0","0"
"horizontal-ideal-0-0.001-plus-restored","horizontal","XZ","ideal","real inverse support button","{""X"":0,""Y"":0,""Z"":0,""A"":0,""C"":0}","[0,0,0,0,0,0,0,0]","0","0"
"horizontal-ideal-0-0.001-plus-restored","horizontal","YZ","ideal","real inverse support button","{""X"":0,""Y"":0,""Z"":0,""A"":0,""C"":0}","[0,0,0,0,0,0,0,0]","0","0"
"horizontal-ideal-0-0.001-plus-restored","horizontal","a","ideal","real inverse support button","{""X"":0,""Y"":0,""Z"":0,""A"":0,""C"":0}","[0,0,0,0,0,0,0,0]","0","0"
"horizontal-ideal-0-0.001-plus-restored","horizontal","b","ideal","real inverse support button","{""X"":0,""Y"":0,""Z"":0,""A"":0,""C"":0}","[0,0,0,0,0,0,0,0]","0","0"
"horizontal-ideal-0-0.001-minus","horizontal","XY","ideal","real raise/lower button","{""X"":0,""Y"":0,""Z"":0,""A"":0,""C"":0}","[-0.001,0,0,0,0,0,0,0]","8.326672684688674e-11","0"
"horizontal-ideal-0-0.001-minus","horizontal","XZ","ideal","real raise/lower button","{""X"":0,""Y"":0,""Z"":0,""A"":0,""C"":0}","[-0.001,0,0,0,0,0,0,0]","0.04681504614523213","0"
"horizontal-ideal-0-0.001-minus","horizontal","YZ","ideal","real raise/lower button","{""X"":0,""Y"":0,""Z"":0,""A"":0,""C"":0}","[-0.001,0,0,0,0,0,0,0]","0.1576088916564744","0"
"horizontal-ideal-0-0.001-minus","horizontal","a","ideal","real raise/lower button","{""X"":0,""Y"":0,""Z"":0,""A"":0,""C"":0}","[-0.001,0,0,0,0,0,0,0]","0.13405998284220233","0"
"horizontal-ideal-0-0.001-minus","horizontal","b","ideal","real raise/lower button","{""X"":0,""Y"":0,""Z"":0,""A"":0,""C"":0}","[-0.001,0,0,0,0,0,0,0]","0.2554342728184472","0"
"horizontal-ideal-0-0.001-minus-restored","horizontal","XY","ideal","real inverse support button","{""X"":0,""Y"":0,""Z"":0,""A"":0,""C"":0}","[0,0,0,0,0,0,0,0]","0","0"
"horizontal-ideal-0-0.001-minus-restored","horizontal","XZ","ideal","real inverse support button","{""X"":0,""Y"":0,""Z"":0,""A"":0,""C"":0}","[0,0,0,0,0,0,0,0]","0","0"
"horizontal-ideal-0-0.001-minus-restored","horizontal","YZ","ideal","real inverse support button","{""X"":0,""Y"":0,""Z"":0,""A"":0,""C"":0}","[0,0,0,0,0,0,0,0]","0","0"
"horizontal-ideal-0-0.001-minus-restored","horizontal","a","ideal","real inverse support button","{""X"":0,""Y"":0,""Z"":0,""A"":0,""C"":0}","[0,0,0,0,0,0,0,0]","0","0"
"horizontal-ideal-0-0.001-minus-restored","horizontal","b","ideal","real inverse support button","{""X"":0,""Y"":0,""Z"":0,""A"":0,""C"":0}","[0,0,0,0,0,0,0,0]","0","0"
"horizontal-ideal-0-0.01-start","horizontal","XY","ideal","real support map and step buttons","{""X"":0,""Y"":0,""Z"":0,""A"":0,""C"":0}","[0,0,0,0,0,0,0,0]","0","0"
"horizontal-ideal-0-0.01-start","horizontal","XZ","ideal","real support map and step buttons","{""X"":0,""Y"":0,""Z"":0,""A"":0,""C"":0}","[0,0,0,0,0,0,0,0]","0","0"
"horizontal-ideal-0-0.01-start","horizontal","YZ","ideal","real support map and step buttons","{""X"":0,""Y"":0,""Z"":0,""A"":0,""C"":0}","[0,0,0,0,0,0,0,0]","0","0"
"horizontal-ideal-0-0.01-start","horizontal","a","ideal","real support map and step buttons","{""X"":0,""Y"":0,""Z"":0,""A"":0,""C"":0}","[0,0,0,0,0,0,0,0]","0","0"
"horizontal-ideal-0-0.01-start","horizontal","b","ideal","real support map and step buttons","{""X"":0,""Y"":0,""Z"":0,""A"":0,""C"":0}","[0,0,0,0,0,0,0,0]","0","0"
"horizontal-ideal-0-0.01-plus","horizontal","XY","ideal","real raise/lower button","{""X"":0,""Y"":0,""Z"":0,""A"":0,""C"":0}","[0.01,0,0,0,0,0,0,0]","0","0"
"horizontal-ideal-0-0.01-plus","horizontal","XZ","ideal","real raise/lower button","{""X"":0,""Y"":0,""Z"":0,""A"":0,""C"":0}","[0.01,0,0,0,0,0,0,0]","-0.4681517143823727","0"
"horizontal-ideal-0-0.01-plus","horizontal","YZ","ideal","real raise/lower button","{""X"":0,""Y"":0,""Z"":0,""A"":0,""C"":0}","[0.01,0,0,0,0,0,0,0]","-1.576067356935662","-2"
"horizontal-ideal-0-0.01-plus","horizontal","a","ideal","real raise/lower button","{""X"":0,""Y"":0,""Z"":0,""A"":0,""C"":0}","[0.01,0,0,0,0,0,0,0]","-1.3407448456997235","-1"
"horizontal-ideal-0-0.01-plus","horizontal","b","ideal","real raise/lower button","{""X"":0,""Y"":0,""Z"":0,""A"":0,""C"":0}","[0.01,0,0,0,0,0,0,0]","-2.5543987886879336","-3"
"horizontal-ideal-0-0.01-plus-restored","horizontal","XY","ideal","real inverse support button","{""X"":0,""Y"":0,""Z"":0,""A"":0,""C"":0}","[0,0,0,0,0,0,0,0]","0","0"
"horizontal-ideal-0-0.01-plus-restored","horizontal","XZ","ideal","real inverse support button","{""X"":0,""Y"":0,""Z"":0,""A"":0,""C"":0}","[0,0,0,0,0,0,0,0]","0","0"
"horizontal-ideal-0-0.01-plus-restored","horizontal","YZ","ideal","real inverse support button","{""X"":0,""Y"":0,""Z"":0,""A"":0,""C"":0}","[0,0,0,0,0,0,0,0]","0","0"
"horizontal-ideal-0-0.01-plus-restored","horizontal","a","ideal","real inverse support button","{""X"":0,""Y"":0,""Z"":0,""A"":0,""C"":0}","[0,0,0,0,0,0,0,0]","0","0"
"horizontal-ideal-0-0.01-plus-restored","horizontal","b","ideal","real inverse support button","{""X"":0,""Y"":0,""Z"":0,""A"":0,""C"":0}","[0,0,0,0,0,0,0,0]","0","0"
"horizontal-ideal-0-0.01-minus","horizontal","XY","ideal","real raise/lower button","{""X"":0,""Y"":0,""Z"":0,""A"":0,""C"":0}","[-0.01,0,0,0,0,0,0,0]","0","0"
"horizontal-ideal-0-0.01-minus","horizontal","XZ","ideal","real raise/lower button","{""X"":0,""Y"":0,""Z"":0,""A"":0,""C"":0}","[-0.01,0,0,0,0,0,0,0]","0.4681494364649347","0"
"horizontal-ideal-0-0.01-minus","horizontal","YZ","ideal","real raise/lower button","{""X"":0,""Y"":0,""Z"":0,""A"":0,""C"":0}","[-0.01,0,0,0,0,0,0,0]","1.5761065561004095","2"
"horizontal-ideal-0-0.01-minus","horizontal","a","ideal","real raise/lower button","{""X"":0,""Y"":0,""Z"":0,""A"":0,""C"":0}","[-0.01,0,0,0,0,0,0,0]","1.3404811804364898","1"
"horizontal-ideal-0-0.01-minus","horizontal","b","ideal","real raise/lower button","{""X"":0,""Y"":0,""Z"":0,""A"":0,""C"":0}","[-0.01,0,0,0,0,0,0,0]","2.554296863339564","3"
"horizontal-ideal-0-0.01-minus-restored","horizontal","XY","ideal","real inverse support button","{""X"":0,""Y"":0,""Z"":0,""A"":0,""C"":0}","[0,0,0,0,0,0,0,0]","0","0"
"horizontal-ideal-0-0.01-minus-restored","horizontal","XZ","ideal","real inverse support button","{""X"":0,""Y"":0,""Z"":0,""A"":0,""C"":0}","[0,0,0,0,0,0,0,0]","0","0"
"horizontal-ideal-0-0.01-minus-restored","horizontal","YZ","ideal","real inverse support button","{""X"":0,""Y"":0,""Z"":0,""A"":0,""C"":0}","[0,0,0,0,0,0,0,0]","0","0"
"horizontal-ideal-0-0.01-minus-restored","horizontal","a","ideal","real inverse support button","{""X"":0,""Y"":0,""Z"":0,""A"":0,""C"":0}","[0,0,0,0,0,0,0,0]","0","0"
"horizontal-ideal-0-0.01-minus-restored","horizontal","b","ideal","real inverse support button","{""X"":0,""Y"":0,""Z"":0,""A"":0,""C"":0}","[0,0,0,0,0,0,0,0]","0","0"
"horizontal-ideal-1-0.001-start","horizontal","XY","ideal","real support map and step buttons","{""X"":0,""Y"":0,""Z"":0,""A"":0,""C"":0}","[0,0,0,0,0,0,0,0]","0","0"
"horizontal-ideal-1-0.001-start","horizontal","XZ","ideal","real support map and step buttons","{""X"":0,""Y"":0,""Z"":0,""A"":0,""C"":0}","[0,0,0,0,0,0,0,0]","0","0"
"horizontal-ideal-1-0.001-start","horizontal","YZ","ideal","real support map and step buttons","{""X"":0,""Y"":0,""Z"":0,""A"":0,""C"":0}","[0,0,0,0,0,0,0,0]","0","0"
"horizontal-ideal-1-0.001-start","horizontal","a","ideal","real support map and step buttons","{""X"":0,""Y"":0,""Z"":0,""A"":0,""C"":0}","[0,0,0,0,0,0,0,0]","0","0"
"horizontal-ideal-1-0.001-start","horizontal","b","ideal","real support map and step buttons","{""X"":0,""Y"":0,""Z"":0,""A"":0,""C"":0}","[0,0,0,0,0,0,0,0]","0","0"
"horizontal-ideal-1-0.001-plus","horizontal","XY","ideal","real raise/lower button","{""X"":0,""Y"":0,""Z"":0,""A"":0,""C"":0}","[0,0.001,0,0,0,0,0,0]","8.326672684688674e-11","0"
"horizontal-ideal-1-0.001-plus","horizontal","XZ","ideal","real raise/lower button","{""X"":0,""Y"":0,""Z"":0,""A"":0,""C"":0}","[0,0.001,0,0,0,0,0,0]","0.04681506832367177","0"
"horizontal-ideal-1-0.001-plus","horizontal","YZ","ideal","real raise/lower button","{""X"":0,""Y"":0,""Z"":0,""A"":0,""C"":0}","[0,0.001,0,0,0,0,0,0]","-0.15760849962458134","0"
"horizontal-ideal-1-0.001-plus","horizontal","a","ideal","real raise/lower button","{""X"":0,""Y"":0,""Z"":0,""A"":0,""C"":0}","[0,0.001,0,0,0,0,0,0]","0.134060009612455","0"
"horizontal-ideal-1-0.001-plus","horizontal","b","ideal","real raise/lower button","{""X"":0,""Y"":0,""Z"":0,""A"":0,""C"":0}","[0,0.001,0,0,0,0,0,0]","-0.25543529250104946","0"
"horizontal-ideal-1-0.001-plus-restored","horizontal","XY","ideal","real inverse support button","{""X"":0,""Y"":0,""Z"":0,""A"":0,""C"":0}","[0,0,0,0,0,0,0,0]","0","0"
"horizontal-ideal-1-0.001-plus-restored","horizontal","XZ","ideal","real inverse support button","{""X"":0,""Y"":0,""Z"":0,""A"":0,""C"":0}","[0,0,0,0,0,0,0,0]","0","0"
"horizontal-ideal-1-0.001-plus-restored","horizontal","YZ","ideal","real inverse support button","{""X"":0,""Y"":0,""Z"":0,""A"":0,""C"":0}","[0,0,0,0,0,0,0,0]","0","0"
"horizontal-ideal-1-0.001-plus-restored","horizontal","a","ideal","real inverse support button","{""X"":0,""Y"":0,""Z"":0,""A"":0,""C"":0}","[0,0,0,0,0,0,0,0]","0","0"
"horizontal-ideal-1-0.001-plus-restored","horizontal","b","ideal","real inverse support button","{""X"":0,""Y"":0,""Z"":0,""A"":0,""C"":0}","[0,0,0,0,0,0,0,0]","0","0"
"horizontal-ideal-1-0.001-minus","horizontal","XY","ideal","real raise/lower button","{""X"":0,""Y"":0,""Z"":0,""A"":0,""C"":0}","[0,-0.001,0,0,0,0,0,0]","8.326672684688674e-11","0"
"horizontal-ideal-1-0.001-minus","horizontal","XZ","ideal","real raise/lower button","{""X"":0,""Y"":0,""Z"":0,""A"":0,""C"":0}","[0,-0.001,0,0,0,0,0,0]","-0.04681504675412007","0"
"horizontal-ideal-1-0.001-minus","horizontal","YZ","ideal","real raise/lower button","{""X"":0,""Y"":0,""Z"":0,""A"":0,""C"":0}","[0,-0.001,0,0,0,0,0,0]","0.1576088916564744","0"
"horizontal-ideal-1-0.001-minus","horizontal","a","ideal","real raise/lower button","{""X"":0,""Y"":0,""Z"":0,""A"":0,""C"":0}","[0,-0.001,0,0,0,0,0,0]","-0.13406259269203857","0"
"horizontal-ideal-1-0.001-minus","horizontal","b","ideal","real raise/lower button","{""X"":0,""Y"":0,""Z"":0,""A"":0,""C"":0}","[0,-0.001,0,0,0,0,0,0]","0.2554342728184472","0"
"horizontal-ideal-1-0.001-minus-restored","horizontal","XY","ideal","real inverse support button","{""X"":0,""Y"":0,""Z"":0,""A"":0,""C"":0}","[0,0,0,0,0,0,0,0]","0","0"
"horizontal-ideal-1-0.001-minus-restored","horizontal","XZ","ideal","real inverse support button","{""X"":0,""Y"":0,""Z"":0,""A"":0,""C"":0}","[0,0,0,0,0,0,0,0]","0","0"
"horizontal-ideal-1-0.001-minus-restored","horizontal","YZ","ideal","real inverse support button","{""X"":0,""Y"":0,""Z"":0,""A"":0,""C"":0}","[0,0,0,0,0,0,0,0]","0","0"
"horizontal-ideal-1-0.001-minus-restored","horizontal","a","ideal","real inverse support button","{""X"":0,""Y"":0,""Z"":0,""A"":0,""C"":0}","[0,0,0,0,0,0,0,0]","0","0"
"horizontal-ideal-1-0.001-minus-restored","horizontal","b","ideal","real inverse support button","{""X"":0,""Y"":0,""Z"":0,""A"":0,""C"":0}","[0,0,0,0,0,0,0,0]","0","0"
"horizontal-ideal-1-0.01-start","horizontal","XY","ideal","real support map and step buttons","{""X"":0,""Y"":0,""Z"":0,""A"":0,""C"":0}","[0,0,0,0,0,0,0,0]","0","0"
"horizontal-ideal-1-0.01-start","horizontal","XZ","ideal","real support map and step buttons","{""X"":0,""Y"":0,""Z"":0,""A"":0,""C"":0}","[0,0,0,0,0,0,0,0]","0","0"
"horizontal-ideal-1-0.01-start","horizontal","YZ","ideal","real support map and step buttons","{""X"":0,""Y"":0,""Z"":0,""A"":0,""C"":0}","[0,0,0,0,0,0,0,0]","0","0"
"horizontal-ideal-1-0.01-start","horizontal","a","ideal","real support map and step buttons","{""X"":0,""Y"":0,""Z"":0,""A"":0,""C"":0}","[0,0,0,0,0,0,0,0]","0","0"
"horizontal-ideal-1-0.01-start","horizontal","b","ideal","real support map and step buttons","{""X"":0,""Y"":0,""Z"":0,""A"":0,""C"":0}","[0,0,0,0,0,0,0,0]","0","0"
"horizontal-ideal-1-0.01-plus","horizontal","XY","ideal","real raise/lower button","{""X"":0,""Y"":0,""Z"":0,""A"":0,""C"":0}","[0,0.01,0,0,0,0,0,0]","0","0"
"horizontal-ideal-1-0.01-plus","horizontal","XZ","ideal","real raise/lower button","{""X"":0,""Y"":0,""Z"":0,""A"":0,""C"":0}","[0,0.01,0,0,0,0,0,0]","0.46815164373749385","0"
"horizontal-ideal-1-0.01-plus","horizontal","YZ","ideal","real raise/lower button","{""X"":0,""Y"":0,""Z"":0,""A"":0,""C"":0}","[0,0.01,0,0,0,0,0,0]","-1.576067356935662","-2"
"horizontal-ideal-1-0.01-plus","horizontal","a","ideal","real raise/lower button","{""X"":0,""Y"":0,""Z"":0,""A"":0,""C"":0}","[0,0.01,0,0,0,0,0,0]","1.3404838548978364","1"
"horizontal-ideal-1-0.01-plus","horizontal","b","ideal","real raise/lower button","{""X"":0,""Y"":0,""Z"":0,""A"":0,""C"":0}","[0,0.01,0,0,0,0,0,0]","-2.5543987886879336","-3"
"horizontal-ideal-1-0.01-plus-restored","horizontal","XY","ideal","real inverse support button","{""X"":0,""Y"":0,""Z"":0,""A"":0,""C"":0}","[0,0,0,0,0,0,0,0]","0","0"
"horizontal-ideal-1-0.01-plus-restored","horizontal","XZ","ideal","real inverse support button","{""X"":0,""Y"":0,""Z"":0,""A"":0,""C"":0}","[0,0,0,0,0,0,0,0]","0","0"
"horizontal-ideal-1-0.01-plus-restored","horizontal","YZ","ideal","real inverse support button","{""X"":0,""Y"":0,""Z"":0,""A"":0,""C"":0}","[0,0,0,0,0,0,0,0]","0","0"
"horizontal-ideal-1-0.01-plus-restored","horizontal","a","ideal","real inverse support button","{""X"":0,""Y"":0,""Z"":0,""A"":0,""C"":0}","[0,0,0,0,0,0,0,0]","0","0"
"horizontal-ideal-1-0.01-plus-restored","horizontal","b","ideal","real inverse support button","{""X"":0,""Y"":0,""Z"":0,""A"":0,""C"":0}","[0,0,0,0,0,0,0,0]","0","0"
"horizontal-ideal-1-0.01-minus","horizontal","XY","ideal","real raise/lower button","{""X"":0,""Y"":0,""Z"":0,""A"":0,""C"":0}","[0,-0.01,0,0,0,0,0,0]","0","0"
"horizontal-ideal-1-0.01-minus","horizontal","XZ","ideal","real raise/lower button","{""X"":0,""Y"":0,""Z"":0,""A"":0,""C"":0}","[0,-0.01,0,0,0,0,0,0]","-0.4681495071375691","0"
"horizontal-ideal-1-0.01-minus","horizontal","YZ","ideal","real raise/lower button","{""X"":0,""Y"":0,""Z"":0,""A"":0,""C"":0}","[0,-0.01,0,0,0,0,0,0]","1.5761065561004095","2"
"horizontal-ideal-1-0.01-minus","horizontal","a","ideal","real raise/lower button","{""X"":0,""Y"":0,""Z"":0,""A"":0,""C"":0}","[0,-0.01,0,0,0,0,0,0]","-1.3407421650280664","-1"
"horizontal-ideal-1-0.01-minus","horizontal","b","ideal","real raise/lower button","{""X"":0,""Y"":0,""Z"":0,""A"":0,""C"":0}","[0,-0.01,0,0,0,0,0,0]","2.554296863339564","3"
"horizontal-ideal-1-0.01-minus-restored","horizontal","XY","ideal","real inverse support button","{""X"":0,""Y"":0,""Z"":0,""A"":0,""C"":0}","[0,0,0,0,0,0,0,0]","0","0"
"horizontal-ideal-1-0.01-minus-restored","horizontal","XZ","ideal","real inverse support button","{""X"":0,""Y"":0,""Z"":0,""A"":0,""C"":0}","[0,0,0,0,0,0,0,0]","0","0"
"horizontal-ideal-1-0.01-minus-restored","horizontal","YZ","ideal","real inverse support button","{""X"":0,""Y"":0,""Z"":0,""A"":0,""C"":0}","[0,0,0,0,0,0,0,0]","0","0"
"horizontal-ideal-1-0.01-minus-restored","horizontal","a","ideal","real inverse support button","{""X"":0,""Y"":0,""Z"":0,""A"":0,""C"":0}","[0,0,0,0,0,0,0,0]","0","0"
"horizontal-ideal-1-0.01-minus-restored","horizontal","b","ideal","real inverse support button","{""X"":0,""Y"":0,""Z"":0,""A"":0,""C"":0}","[0,0,0,0,0,0,0,0]","0","0"
"horizontal-ideal-2-0.001-start","horizontal","XY","ideal","real support map and step buttons","{""X"":0,""Y"":0,""Z"":0,""A"":0,""C"":0}","[0,0,0,0,0,0,0,0]","0","0"
"horizontal-ideal-2-0.001-start","horizontal","XZ","ideal","real support map and step buttons","{""X"":0,""Y"":0,""Z"":0,""A"":0,""C"":0}","[0,0,0,0,0,0,0,0]","0","0"
"horizontal-ideal-2-0.001-start","horizontal","YZ","ideal","real support map and step buttons","{""X"":0,""Y"":0,""Z"":0,""A"":0,""C"":0}","[0,0,0,0,0,0,0,0]","0","0"
"horizontal-ideal-2-0.001-start","horizontal","a","ideal","real support map and step buttons","{""X"":0,""Y"":0,""Z"":0,""A"":0,""C"":0}","[0,0,0,0,0,0,0,0]","0","0"
"horizontal-ideal-2-0.001-start","horizontal","b","ideal","real support map and step buttons","{""X"":0,""Y"":0,""Z"":0,""A"":0,""C"":0}","[0,0,0,0,0,0,0,0]","0","0"
"horizontal-ideal-2-0.001-plus","horizontal","XY","ideal","real raise/lower button","{""X"":0,""Y"":0,""Z"":0,""A"":0,""C"":0}","[0,0,0.001,0,0,0,0,0]","2.7755575615628914e-11","0"
"horizontal-ideal-2-0.001-plus","horizontal","XZ","ideal","real raise/lower button","{""X"":0,""Y"":0,""Z"":0,""A"":0,""C"":0}","[0,0,0.001,0,0,0,0,0]","0.034287130100396634","0"
"horizontal-ideal-2-0.001-plus","horizontal","YZ","ideal","real raise/lower button","{""X"":0,""Y"":0,""Z"":0,""A"":0,""C"":0}","[0,0,0.001,0,0,0,0,0]","0.19293531548086884","0"
"horizontal-ideal-2-0.001-plus","horizontal","a","ideal","real raise/lower button","{""X"":0,""Y"":0,""Z"":0,""A"":0,""C"":0}","[0,0,0.001,0,0,0,0,0]","0.09818279819197306","0"
"horizontal-ideal-2-0.001-plus","horizontal","b","ideal","real raise/lower button","{""X"":0,""Y"":0,""Z"":0,""A"":0,""C"":0}","[0,0,0.001,0,0,0,0,0]","0.38858614625700283","0"
"horizontal-ideal-2-0.001-plus-restored","horizontal","XY","ideal","real inverse support button","{""X"":0,""Y"":0,""Z"":0,""A"":0,""C"":0}","[0,0,0,0,0,0,0,0]","0","0"
"horizontal-ideal-2-0.001-plus-restored","horizontal","XZ","ideal","real inverse support button","{""X"":0,""Y"":0,""Z"":0,""A"":0,""C"":0}","[0,0,0,0,0,0,0,0]","0","0"
"horizontal-ideal-2-0.001-plus-restored","horizontal","YZ","ideal","real inverse support button","{""X"":0,""Y"":0,""Z"":0,""A"":0,""C"":0}","[0,0,0,0,0,0,0,0]","0","0"
"horizontal-ideal-2-0.001-plus-restored","horizontal","a","ideal","real inverse support button","{""X"":0,""Y"":0,""Z"":0,""A"":0,""C"":0}","[0,0,0,0,0,0,0,0]","0","0"
"horizontal-ideal-2-0.001-plus-restored","horizontal","b","ideal","real inverse support button","{""X"":0,""Y"":0,""Z"":0,""A"":0,""C"":0}","[0,0,0,0,0,0,0,0]","0","0"
"horizontal-ideal-2-0.001-minus","horizontal","XY","ideal","real raise/lower button","{""X"":0,""Y"":0,""Z"":0,""A"":0,""C"":0}","[0,0,-0.001,0,0,0,0,0]","2.7755575615628914e-11","0"
"horizontal-ideal-2-0.001-minus","horizontal","XZ","ideal","real raise/lower button","{""X"":0,""Y"":0,""Z"":0,""A"":0,""C"":0}","[0,0,-0.001,0,0,0,0,0]","-0.03428703871516392","0"
"horizontal-ideal-2-0.001-minus","horizontal","YZ","ideal","real raise/lower button","{""X"":0,""Y"":0,""Z"":0,""A"":0,""C"":0}","[0,0,-0.001,0,0,0,0,0]","-0.19293424989054453","0"
"horizontal-ideal-2-0.001-minus","horizontal","a","ideal","real raise/lower button","{""X"":0,""Y"":0,""Z"":0,""A"":0,""C"":0}","[0,0,-0.001,0,0,0,0,0]","-0.09818868520507229","0"
"horizontal-ideal-2-0.001-minus","horizontal","b","ideal","real raise/lower button","{""X"":0,""Y"":0,""Z"":0,""A"":0,""C"":0}","[0,0,-0.001,0,0,0,0,0]","-0.388587767413337","0"
"horizontal-ideal-2-0.001-minus-restored","horizontal","XY","ideal","real inverse support button","{""X"":0,""Y"":0,""Z"":0,""A"":0,""C"":0}","[0,0,0,0,0,0,0,0]","0","0"
"horizontal-ideal-2-0.001-minus-restored","horizontal","XZ","ideal","real inverse support button","{""X"":0,""Y"":0,""Z"":0,""A"":0,""C"":0}","[0,0,0,0,0,0,0,0]","0","0"
"horizontal-ideal-2-0.001-minus-restored","horizontal","YZ","ideal","real inverse support button","{""X"":0,""Y"":0,""Z"":0,""A"":0,""C"":0}","[0,0,0,0,0,0,0,0]","0","0"
"horizontal-ideal-2-0.001-minus-restored","horizontal","a","ideal","real inverse support button","{""X"":0,""Y"":0,""Z"":0,""A"":0,""C"":0}","[0,0,0,0,0,0,0,0]","0","0"
"horizontal-ideal-2-0.001-minus-restored","horizontal","b","ideal","real inverse support button","{""X"":0,""Y"":0,""Z"":0,""A"":0,""C"":0}","[0,0,0,0,0,0,0,0]","0","0"
"horizontal-ideal-2-0.01-start","horizontal","XY","ideal","real support map and step buttons","{""X"":0,""Y"":0,""Z"":0,""A"":0,""C"":0}","[0,0,0,0,0,0,0,0]","0","0"
"horizontal-ideal-2-0.01-start","horizontal","XZ","ideal","real support map and step buttons","{""X"":0,""Y"":0,""Z"":0,""A"":0,""C"":0}","[0,0,0,0,0,0,0,0]","0","0"
"horizontal-ideal-2-0.01-start","horizontal","YZ","ideal","real support map and step buttons","{""X"":0,""Y"":0,""Z"":0,""A"":0,""C"":0}","[0,0,0,0,0,0,0,0]","0","0"
"horizontal-ideal-2-0.01-start","horizontal","a","ideal","real support map and step buttons","{""X"":0,""Y"":0,""Z"":0,""A"":0,""C"":0}","[0,0,0,0,0,0,0,0]","0","0"
"horizontal-ideal-2-0.01-start","horizontal","b","ideal","real support map and step buttons","{""X"":0,""Y"":0,""Z"":0,""A"":0,""C"":0}","[0,0,0,0,0,0,0,0]","0","0"
"horizontal-ideal-2-0.01-plus","horizontal","XY","ideal","real raise/lower button","{""X"":0,""Y"":0,""Z"":0,""A"":0,""C"":0}","[0,0,0.01,0,0,0,0,0]","5.551115123125783e-11","0"
"horizontal-ideal-2-0.01-plus","horizontal","XZ","ideal","real raise/lower button","{""X"":0,""Y"":0,""Z"":0,""A"":0,""C"":0}","[0,0,0.01,0,0,0,0,0]","0.34287540583675946","0"
"horizontal-ideal-2-0.01-plus","horizontal","YZ","ideal","real raise/lower button","{""X"":0,""Y"":0,""Z"":0,""A"":0,""C"":0}","[0,0,0.01,0,0,0,0,0]","1.929401103144962","2"
"horizontal-ideal-2-0.01-plus","horizontal","a","ideal","real raise/lower button","{""X"":0,""Y"":0,""Z"":0,""A"":0,""C"":0}","[0,0,0.01,0,0,0,0,0]","0.9815630761748212","1"
"horizontal-ideal-2-0.01-plus","horizontal","b","ideal","real raise/lower button","{""X"":0,""Y"":0,""Z"":0,""A"":0,""C"":0}","[0,0,0.01,0,0,0,0,0]","3.8857885667625824","4"
"horizontal-ideal-2-0.01-plus-restored","horizontal","XY","ideal","real inverse support button","{""X"":0,""Y"":0,""Z"":0,""A"":0,""C"":0}","[0,0,0,0,0,0,0,0]","0","0"
"horizontal-ideal-2-0.01-plus-restored","horizontal","XZ","ideal","real inverse support button","{""X"":0,""Y"":0,""Z"":0,""A"":0,""C"":0}","[0,0,0,0,0,0,0,0]","0","0"
"horizontal-ideal-2-0.01-plus-restored","horizontal","YZ","ideal","real inverse support button","{""X"":0,""Y"":0,""Z"":0,""A"":0,""C"":0}","[0,0,0,0,0,0,0,0]","0","0"
"horizontal-ideal-2-0.01-plus-restored","horizontal","a","ideal","real inverse support button","{""X"":0,""Y"":0,""Z"":0,""A"":0,""C"":0}","[0,0,0,0,0,0,0,0]","0","0"
"horizontal-ideal-2-0.01-plus-restored","horizontal","b","ideal","real inverse support button","{""X"":0,""Y"":0,""Z"":0,""A"":0,""C"":0}","[0,0,0,0,0,0,0,0]","0","0"
"horizontal-ideal-2-0.01-minus","horizontal","XY","ideal","real raise/lower button","{""X"":0,""Y"":0,""Z"":0,""A"":0,""C"":0}","[0,0,-0.01,0,0,0,0,0]","2.7755575615628914e-11","0"
"horizontal-ideal-2-0.01-minus","horizontal","XZ","ideal","real raise/lower button","{""X"":0,""Y"":0,""Z"":0,""A"":0,""C"":0}","[0,0,-0.01,0,0,0,0,0]","-0.3428662824142559","0"
"horizontal-ideal-2-0.01-minus","horizontal","YZ","ideal","real raise/lower button","{""X"":0,""Y"":0,""Z"":0,""A"":0,""C"":0}","[0,0,-0.01,0,0,0,0,0]","-1.9292945490755748","-2"
"horizontal-ideal-2-0.01-minus","horizontal","a","ideal","real raise/lower button","{""X"":0,""Y"":0,""Z"":0,""A"":0,""C"":0}","[0,0,-0.01,0,0,0,0,0]","-0.982151776686771","-1"
"horizontal-ideal-2-0.01-minus","horizontal","b","ideal","real raise/lower button","{""X"":0,""Y"":0,""Z"":0,""A"":0,""C"":0}","[0,0,-0.01,0,0,0,0,0]","-3.885950563373153","-4"
"horizontal-ideal-2-0.01-minus-restored","horizontal","XY","ideal","real inverse support button","{""X"":0,""Y"":0,""Z"":0,""A"":0,""C"":0}","[0,0,0,0,0,0,0,0]","0","0"
"horizontal-ideal-2-0.01-minus-restored","horizontal","XZ","ideal","real inverse support button","{""X"":0,""Y"":0,""Z"":0,""A"":0,""C"":0}","[0,0,0,0,0,0,0,0]","0","0"
"horizontal-ideal-2-0.01-minus-restored","horizontal","YZ","ideal","real inverse support button","{""X"":0,""Y"":0,""Z"":0,""A"":0,""C"":0}","[0,0,0,0,0,0,0,0]","0","0"
"horizontal-ideal-2-0.01-minus-restored","horizontal","a","ideal","real inverse support button","{""X"":0,""Y"":0,""Z"":0,""A"":0,""C"":0}","[0,0,0,0,0,0,0,0]","0","0"
"horizontal-ideal-2-0.01-minus-restored","horizontal","b","ideal","real inverse support button","{""X"":0,""Y"":0,""Z"":0,""A"":0,""C"":0}","[0,0,0,0,0,0,0,0]","0","0"
"horizontal-ideal-3-0.001-start","horizontal","XY","ideal","real support map and step buttons","{""X"":0,""Y"":0,""Z"":0,""A"":0,""C"":0}","[0,0,0,0,0,0,0,0]","0","0"
"horizontal-ideal-3-0.001-start","horizontal","XZ","ideal","real support map and step buttons","{""X"":0,""Y"":0,""Z"":0,""A"":0,""C"":0}","[0,0,0,0,0,0,0,0]","0","0"
"horizontal-ideal-3-0.001-start","horizontal","YZ","ideal","real support map and step buttons","{""X"":0,""Y"":0,""Z"":0,""A"":0,""C"":0}","[0,0,0,0,0,0,0,0]","0","0"
"horizontal-ideal-3-0.001-start","horizontal","a","ideal","real support map and step buttons","{""X"":0,""Y"":0,""Z"":0,""A"":0,""C"":0}","[0,0,0,0,0,0,0,0]","0","0"
"horizontal-ideal-3-0.001-start","horizontal","b","ideal","real support map and step buttons","{""X"":0,""Y"":0,""Z"":0,""A"":0,""C"":0}","[0,0,0,0,0,0,0,0]","0","0"
"horizontal-ideal-3-0.001-plus","horizontal","XY","ideal","real raise/lower button","{""X"":0,""Y"":0,""Z"":0,""A"":0,""C"":0}","[0,0,0,0.001,0,0,0,0]","2.7755575615628914e-11","0"
"horizontal-ideal-3-0.001-plus","horizontal","XZ","ideal","real raise/lower button","{""X"":0,""Y"":0,""Z"":0,""A"":0,""C"":0}","[0,0,0,0.001,0,0,0,0]","-0.03428712490663455","0"
"horizontal-ideal-3-0.001-plus","horizontal","YZ","ideal","real raise/lower button","{""X"":0,""Y"":0,""Z"":0,""A"":0,""C"":0}","[0,0,0,0.001,0,0,0,0]","0.19293531548086884","0"
"horizontal-ideal-3-0.001-plus","horizontal","a","ideal","real raise/lower button","{""X"":0,""Y"":0,""Z"":0,""A"":0,""C"":0}","[0,0,0,0.001,0,0,0,0]","-0.09818883819033564","0"
"horizontal-ideal-3-0.001-plus","horizontal","b","ideal","real raise/lower button","{""X"":0,""Y"":0,""Z"":0,""A"":0,""C"":0}","[0,0,0,0.001,0,0,0,0]","0.38858614625700283","0"
"horizontal-ideal-3-0.001-plus-restored","horizontal","XY","ideal","real inverse support button","{""X"":0,""Y"":0,""Z"":0,""A"":0,""C"":0}","[0,0,0,0,0,0,0,0]","0","0"
"horizontal-ideal-3-0.001-plus-restored","horizontal","XZ","ideal","real inverse support button","{""X"":0,""Y"":0,""Z"":0,""A"":0,""C"":0}","[0,0,0,0,0,0,0,0]","0","0"
"horizontal-ideal-3-0.001-plus-restored","horizontal","YZ","ideal","real inverse support button","{""X"":0,""Y"":0,""Z"":0,""A"":0,""C"":0}","[0,0,0,0,0,0,0,0]","0","0"
"horizontal-ideal-3-0.001-plus-restored","horizontal","a","ideal","real inverse support button","{""X"":0,""Y"":0,""Z"":0,""A"":0,""C"":0}","[0,0,0,0,0,0,0,0]","0","0"
"horizontal-ideal-3-0.001-plus-restored","horizontal","b","ideal","real inverse support button","{""X"":0,""Y"":0,""Z"":0,""A"":0,""C"":0}","[0,0,0,0,0,0,0,0]","0","0"
"horizontal-ideal-3-0.001-minus","horizontal","XY","ideal","real raise/lower button","{""X"":0,""Y"":0,""Z"":0,""A"":0,""C"":0}","[0,0,0,-0.001,0,0,0,0]","2.7755575615628914e-11","0"
"horizontal-ideal-3-0.001-minus","horizontal","XZ","ideal","real raise/lower button","{""X"":0,""Y"":0,""Z"":0,""A"":0,""C"":0}","[0,0,0,-0.001,0,0,0,0]","0.03428704388117043","0"
"horizontal-ideal-3-0.001-minus","horizontal","YZ","ideal","real raise/lower button","{""X"":0,""Y"":0,""Z"":0,""A"":0,""C"":0}","[0,0,0,-0.001,0,0,0,0]","-0.19293424989054453","0"
"horizontal-ideal-3-0.001-minus","horizontal","a","ideal","real raise/lower button","{""X"":0,""Y"":0,""Z"":0,""A"":0,""C"":0}","[0,0,0,-0.001,0,0,0,0]","0.09818264517201525","0"
"horizontal-ideal-3-0.001-minus","horizontal","b","ideal","real raise/lower button","{""X"":0,""Y"":0,""Z"":0,""A"":0,""C"":0}","[0,0,0,-0.001,0,0,0,0]","-0.388587767413337","0"
"horizontal-ideal-3-0.001-minus-restored","horizontal","XY","ideal","real inverse support button","{""X"":0,""Y"":0,""Z"":0,""A"":0,""C"":0}","[0,0,0,0,0,0,0,0]","0","0"
"horizontal-ideal-3-0.001-minus-restored","horizontal","XZ","ideal","real inverse support button","{""X"":0,""Y"":0,""Z"":0,""A"":0,""C"":0}","[0,0,0,0,0,0,0,0]","0","0"
"horizontal-ideal-3-0.001-minus-restored","horizontal","YZ","ideal","real inverse support button","{""X"":0,""Y"":0,""Z"":0,""A"":0,""C"":0}","[0,0,0,0,0,0,0,0]","0","0"
"horizontal-ideal-3-0.001-minus-restored","horizontal","a","ideal","real inverse support button","{""X"":0,""Y"":0,""Z"":0,""A"":0,""C"":0}","[0,0,0,0,0,0,0,0]","0","0"
"horizontal-ideal-3-0.001-minus-restored","horizontal","b","ideal","real inverse support button","{""X"":0,""Y"":0,""Z"":0,""A"":0,""C"":0}","[0,0,0,0,0,0,0,0]","0","0"
"horizontal-ideal-3-0.01-start","horizontal","XY","ideal","real support map and step buttons","{""X"":0,""Y"":0,""Z"":0,""A"":0,""C"":0}","[0,0,0,0,0,0,0,0]","0","0"
"horizontal-ideal-3-0.01-start","horizontal","XZ","ideal","real support map and step buttons","{""X"":0,""Y"":0,""Z"":0,""A"":0,""C"":0}","[0,0,0,0,0,0,0,0]","0","0"
"horizontal-ideal-3-0.01-start","horizontal","YZ","ideal","real support map and step buttons","{""X"":0,""Y"":0,""Z"":0,""A"":0,""C"":0}","[0,0,0,0,0,0,0,0]","0","0"
"horizontal-ideal-3-0.01-start","horizontal","a","ideal","real support map and step buttons","{""X"":0,""Y"":0,""Z"":0,""A"":0,""C"":0}","[0,0,0,0,0,0,0,0]","0","0"
"horizontal-ideal-3-0.01-start","horizontal","b","ideal","real support map and step buttons","{""X"":0,""Y"":0,""Z"":0,""A"":0,""C"":0}","[0,0,0,0,0,0,0,0]","0","0"
"horizontal-ideal-3-0.01-plus","horizontal","XY","ideal","real raise/lower button","{""X"":0,""Y"":0,""Z"":0,""A"":0,""C"":0}","[0,0,0,0.01,0,0,0,0]","2.7755575615628914e-11","0"
"horizontal-ideal-3-0.01-plus","horizontal","XZ","ideal","real raise/lower button","{""X"":0,""Y"":0,""Z"":0,""A"":0,""C"":0}","[0,0,0,0.01,0,0,0,0]","-0.34287490036609414","0"
"horizontal-ideal-3-0.01-plus","horizontal","YZ","ideal","real raise/lower button","{""X"":0,""Y"":0,""Z"":0,""A"":0,""C"":0}","[0,0,0,0.01,0,0,0,0]","1.929401103144962","2"
"horizontal-ideal-3-0.01-plus","horizontal","a","ideal","real raise/lower button","{""X"":0,""Y"":0,""Z"":0,""A"":0,""C"":0}","[0,0,0,0.01,0,0,0,0]","-0.9821670560201251","-1"
"horizontal-ideal-3-0.01-plus","horizontal","b","ideal","real raise/lower button","{""X"":0,""Y"":0,""Z"":0,""A"":0,""C"":0}","[0,0,0,0.01,0,0,0,0]","3.8857885667625824","4"
"horizontal-ideal-3-0.01-plus-restored","horizontal","XY","ideal","real inverse support button","{""X"":0,""Y"":0,""Z"":0,""A"":0,""C"":0}","[0,0,0,0,0,0,0,0]","0","0"
"horizontal-ideal-3-0.01-plus-restored","horizontal","XZ","ideal","real inverse support button","{""X"":0,""Y"":0,""Z"":0,""A"":0,""C"":0}","[0,0,0,0,0,0,0,0]","0","0"
"horizontal-ideal-3-0.01-plus-restored","horizontal","YZ","ideal","real inverse support button","{""X"":0,""Y"":0,""Z"":0,""A"":0,""C"":0}","[0,0,0,0,0,0,0,0]","0","0"
"horizontal-ideal-3-0.01-plus-restored","horizontal","a","ideal","real inverse support button","{""X"":0,""Y"":0,""Z"":0,""A"":0,""C"":0}","[0,0,0,0,0,0,0,0]","0","0"
"horizontal-ideal-3-0.01-plus-restored","horizontal","b","ideal","real inverse support button","{""X"":0,""Y"":0,""Z"":0,""A"":0,""C"":0}","[0,0,0,0,0,0,0,0]","0","0"
"horizontal-ideal-3-0.01-minus","horizontal","XY","ideal","real raise/lower button","{""X"":0,""Y"":0,""Z"":0,""A"":0,""C"":0}","[0,0,0,-0.01,0,0,0,0]","5.551115123125783e-11","0"
"horizontal-ideal-3-0.01-minus","horizontal","XZ","ideal","real raise/lower button","{""X"":0,""Y"":0,""Z"":0,""A"":0,""C"":0}","[0,0,0,-0.01,0,0,0,0]","0.3428667878866559","0"
"horizontal-ideal-3-0.01-minus","horizontal","YZ","ideal","real raise/lower button","{""X"":0,""Y"":0,""Z"":0,""A"":0,""C"":0}","[0,0,0,-0.01,0,0,0,0]","-1.9292945490755748","-2"
"horizontal-ideal-3-0.01-minus","horizontal","a","ideal","real raise/lower button","{""X"":0,""Y"":0,""Z"":0,""A"":0,""C"":0}","[0,0,0,-0.01,0,0,0,0]","0.9815477579454973","1"
"horizontal-ideal-3-0.01-minus","horizontal","b","ideal","real raise/lower button","{""X"":0,""Y"":0,""Z"":0,""A"":0,""C"":0}","[0,0,0,-0.01,0,0,0,0]","-3.885950563373153","-4"
"horizontal-ideal-3-0.01-minus-restored","horizontal","XY","ideal","real inverse support button","{""X"":0,""Y"":0,""Z"":0,""A"":0,""C"":0}","[0,0,0,0,0,0,0,0]","0","0"
"horizontal-ideal-3-0.01-minus-restored","horizontal","XZ","ideal","real inverse support button","{""X"":0,""Y"":0,""Z"":0,""A"":0,""C"":0}","[0,0,0,0,0,0,0,0]","0","0"
"horizontal-ideal-3-0.01-minus-restored","horizontal","YZ","ideal","real inverse support button","{""X"":0,""Y"":0,""Z"":0,""A"":0,""C"":0}","[0,0,0,0,0,0,0,0]","0","0"
"horizontal-ideal-3-0.01-minus-restored","horizontal","a","ideal","real inverse support button","{""X"":0,""Y"":0,""Z"":0,""A"":0,""C"":0}","[0,0,0,0,0,0,0,0]","0","0"
"horizontal-ideal-3-0.01-minus-restored","horizontal","b","ideal","real inverse support button","{""X"":0,""Y"":0,""Z"":0,""A"":0,""C"":0}","[0,0,0,0,0,0,0,0]","0","0"
"horizontal-ideal-4-0.001-start","horizontal","XY","ideal","real support map and step buttons","{""X"":0,""Y"":0,""Z"":0,""A"":0,""C"":0}","[0,0,0,0,0,0,0,0]","0","0"
"horizontal-ideal-4-0.001-start","horizontal","XZ","ideal","real support map and step buttons","{""X"":0,""Y"":0,""Z"":0,""A"":0,""C"":0}","[0,0,0,0,0,0,0,0]","0","0"
"horizontal-ideal-4-0.001-start","horizontal","YZ","ideal","real support map and step buttons","{""X"":0,""Y"":0,""Z"":0,""A"":0,""C"":0}","[0,0,0,0,0,0,0,0]","0","0"
"horizontal-ideal-4-0.001-start","horizontal","a","ideal","real support map and step buttons","{""X"":0,""Y"":0,""Z"":0,""A"":0,""C"":0}","[0,0,0,0,0,0,0,0]","0","0"
"horizontal-ideal-4-0.001-start","horizontal","b","ideal","real support map and step buttons","{""X"":0,""Y"":0,""Z"":0,""A"":0,""C"":0}","[0,0,0,0,0,0,0,0]","0","0"
"horizontal-ideal-4-0.001-plus","horizontal","XY","ideal","real raise/lower button","{""X"":0,""Y"":0,""Z"":0,""A"":0,""C"":0}","[0,0,0,0,0.001,0,0,0]","0.19637151042750656","0"
"horizontal-ideal-4-0.001-plus","horizontal","XZ","ideal","real raise/lower button","{""X"":0,""Y"":0,""Z"":0,""A"":0,""C"":0}","[0,0,0,0,0.001,0,0,0]","-0.046814948490708774","0"
"horizontal-ideal-4-0.001-plus","horizontal","YZ","ideal","real raise/lower button","{""X"":0,""Y"":0,""Z"":0,""A"":0,""C"":0}","[0,0,0,0,0.001,0,0,0]","0.08695649482762247","0"
"horizontal-ideal-4-0.001-plus","horizontal","a","ideal","real raise/lower button","{""X"":0,""Y"":0,""Z"":0,""A"":0,""C"":0}","[0,0,0,0,0.001,0,0,0]","0.03587560173240467","0"
"horizontal-ideal-4-0.001-plus","horizontal","b","ideal","real raise/lower button","{""X"":0,""Y"":0,""Z"":0,""A"":0,""C"":0}","[0,0,0,0,0.001,0,0,0]","-0.010869745468294889","0"
"horizontal-ideal-4-0.001-plus-restored","horizontal","XY","ideal","real inverse support button","{""X"":0,""Y"":0,""Z"":0,""A"":0,""C"":0}","[0,0,0,0,0,0,0,0]","0","0"
"horizontal-ideal-4-0.001-plus-restored","horizontal","XZ","ideal","real inverse support button","{""X"":0,""Y"":0,""Z"":0,""A"":0,""C"":0}","[0,0,0,0,0,0,0,0]","0","0"
"horizontal-ideal-4-0.001-plus-restored","horizontal","YZ","ideal","real inverse support button","{""X"":0,""Y"":0,""Z"":0,""A"":0,""C"":0}","[0,0,0,0,0,0,0,0]","0","0"
"horizontal-ideal-4-0.001-plus-restored","horizontal","a","ideal","real inverse support button","{""X"":0,""Y"":0,""Z"":0,""A"":0,""C"":0}","[0,0,0,0,0,0,0,0]","0","0"
"horizontal-ideal-4-0.001-plus-restored","horizontal","b","ideal","real inverse support button","{""X"":0,""Y"":0,""Z"":0,""A"":0,""C"":0}","[0,0,0,0,0,0,0,0]","0","0"
"horizontal-ideal-4-0.001-minus","horizontal","XY","ideal","real raise/lower button","{""X"":0,""Y"":0,""Z"":0,""A"":0,""C"":0}","[0,0,0,0,-0.001,0,0,0]","-0.1963714563041341","0"
"horizontal-ideal-4-0.001-minus","horizontal","XZ","ideal","real raise/lower button","{""X"":0,""Y"":0,""Z"":0,""A"":0,""C"":0}","[0,0,0,0,-0.001,0,0,0]","0.04681516739199476","0"
"horizontal-ideal-4-0.001-minus","horizontal","YZ","ideal","real raise/lower button","{""X"":0,""Y"":0,""Z"":0,""A"":0,""C"":0}","[0,0,0,0,-0.001,0,0,0]","-0.08695654827098331","0"
"horizontal-ideal-4-0.001-minus","horizontal","a","ideal","real raise/lower button","{""X"":0,""Y"":0,""Z"":0,""A"":0,""C"":0}","[0,0,0,0,-0.001,0,0,0]","-0.03587551719586024","0"
"horizontal-ideal-4-0.001-minus","horizontal","b","ideal","real raise/lower button","{""X"":0,""Y"":0,""Z"":0,""A"":0,""C"":0}","[0,0,0,0,-0.001,0,0,0]","0.010869385048267732","0"
"horizontal-ideal-4-0.001-minus-restored","horizontal","XY","ideal","real inverse support button","{""X"":0,""Y"":0,""Z"":0,""A"":0,""C"":0}","[0,0,0,0,0,0,0,0]","0","0"
"horizontal-ideal-4-0.001-minus-restored","horizontal","XZ","ideal","real inverse support button","{""X"":0,""Y"":0,""Z"":0,""A"":0,""C"":0}","[0,0,0,0,0,0,0,0]","0","0"
"horizontal-ideal-4-0.001-minus-restored","horizontal","YZ","ideal","real inverse support button","{""X"":0,""Y"":0,""Z"":0,""A"":0,""C"":0}","[0,0,0,0,0,0,0,0]","0","0"
"horizontal-ideal-4-0.001-minus-restored","horizontal","a","ideal","real inverse support button","{""X"":0,""Y"":0,""Z"":0,""A"":0,""C"":0}","[0,0,0,0,0,0,0,0]","0","0"
"horizontal-ideal-4-0.001-minus-restored","horizontal","b","ideal","real inverse support button","{""X"":0,""Y"":0,""Z"":0,""A"":0,""C"":0}","[0,0,0,0,0,0,0,0]","0","0"
"horizontal-ideal-4-0.01-start","horizontal","XY","ideal","real support map and step buttons","{""X"":0,""Y"":0,""Z"":0,""A"":0,""C"":0}","[0,0,0,0,0,0,0,0]","0","0"
"horizontal-ideal-4-0.01-start","horizontal","XZ","ideal","real support map and step buttons","{""X"":0,""Y"":0,""Z"":0,""A"":0,""C"":0}","[0,0,0,0,0,0,0,0]","0","0"
"horizontal-ideal-4-0.01-start","horizontal","YZ","ideal","real support map and step buttons","{""X"":0,""Y"":0,""Z"":0,""A"":0,""C"":0}","[0,0,0,0,0,0,0,0]","0","0"
"horizontal-ideal-4-0.01-start","horizontal","a","ideal","real support map and step buttons","{""X"":0,""Y"":0,""Z"":0,""A"":0,""C"":0}","[0,0,0,0,0,0,0,0]","0","0"
"horizontal-ideal-4-0.01-start","horizontal","b","ideal","real support map and step buttons","{""X"":0,""Y"":0,""Z"":0,""A"":0,""C"":0}","[0,0,0,0,0,0,0,0]","0","0"
"horizontal-ideal-4-0.01-plus","horizontal","XY","ideal","real raise/lower button","{""X"":0,""Y"":0,""Z"":0,""A"":0,""C"":0}","[0,0,0,0,0.01,0,0,0]","1.9637175195479084","2"
"horizontal-ideal-4-0.01-plus","horizontal","XZ","ideal","real raise/lower button","{""X"":0,""Y"":0,""Z"":0,""A"":0,""C"":0}","[0,0,0,0,0.01,0,0,0]","-0.46813963864265895","0"
"horizontal-ideal-4-0.01-plus","horizontal","YZ","ideal","real raise/lower button","{""X"":0,""Y"":0,""Z"":0,""A"":0,""C"":0}","[0,0,0,0,0.01,0,0,0]","0.86956251820966","1"
"horizontal-ideal-4-0.01-plus","horizontal","a","ideal","real raise/lower button","{""X"":0,""Y"":0,""Z"":0,""A"":0,""C"":0}","[0,0,0,0,0.01,0,0,0]","0.35875981997841866","0"
"horizontal-ideal-4-0.01-plus","horizontal","b","ideal","real raise/lower button","{""X"":0,""Y"":0,""Z"":0,""A"":0,""C"":0}","[0,0,0,0,0.01,0,0,0]","-0.10871368519120572","0"
"horizontal-ideal-4-0.01-plus-restored","horizontal","XY","ideal","real inverse support button","{""X"":0,""Y"":0,""Z"":0,""A"":0,""C"":0}","[0,0,0,0,0,0,0,0]","0","0"
"horizontal-ideal-4-0.01-plus-restored","horizontal","XZ","ideal","real inverse support button","{""X"":0,""Y"":0,""Z"":0,""A"":0,""C"":0}","[0,0,0,0,0,0,0,0]","0","0"
"horizontal-ideal-4-0.01-plus-restored","horizontal","YZ","ideal","real inverse support button","{""X"":0,""Y"":0,""Z"":0,""A"":0,""C"":0}","[0,0,0,0,0,0,0,0]","0","0"
"horizontal-ideal-4-0.01-plus-restored","horizontal","a","ideal","real inverse support button","{""X"":0,""Y"":0,""Z"":0,""A"":0,""C"":0}","[0,0,0,0,0,0,0,0]","0","0"
"horizontal-ideal-4-0.01-plus-restored","horizontal","b","ideal","real inverse support button","{""X"":0,""Y"":0,""Z"":0,""A"":0,""C"":0}","[0,0,0,0,0,0,0,0]","0","0"
"horizontal-ideal-4-0.01-minus","horizontal","XY","ideal","real raise/lower button","{""X"":0,""Y"":0,""Z"":0,""A"":0,""C"":0}","[0,0,0,0,-0.01,0,0,0]","-1.9637121475620662","-2"
"horizontal-ideal-4-0.01-minus","horizontal","XZ","ideal","real raise/lower button","{""X"":0,""Y"":0,""Z"":0,""A"":0,""C"":0}","[0,0,0,0,-0.01,0,0,0]","0.4681615128326183","0"
"horizontal-ideal-4-0.01-minus","horizontal","YZ","ideal","real raise/lower button","{""X"":0,""Y"":0,""Z"":0,""A"":0,""C"":0}","[0,0,0,0,-0.01,0,0,0]","-0.8695679167974868","-1"
"horizontal-ideal-4-0.01-minus","horizontal","a","ideal","real raise/lower button","{""X"":0,""Y"":0,""Z"":0,""A"":0,""C"":0}","[0,0,0,0,-0.01,0,0,0]","-0.35875136908912475","0"
"horizontal-ideal-4-0.01-minus","horizontal","b","ideal","real raise/lower button","{""X"":0,""Y"":0,""Z"":0,""A"":0,""C"":0}","[0,0,0,0,-0.01,0,0,0]","0.10867762002993164","0"
"horizontal-ideal-4-0.01-minus-restored","horizontal","XY","ideal","real inverse support button","{""X"":0,""Y"":0,""Z"":0,""A"":0,""C"":0}","[0,0,0,0,0,0,0,0]","0","0"
"horizontal-ideal-4-0.01-minus-restored","horizontal","XZ","ideal","real inverse support button","{""X"":0,""Y"":0,""Z"":0,""A"":0,""C"":0}","[0,0,0,0,0,0,0,0]","0","0"
"horizontal-ideal-4-0.01-minus-restored","horizontal","YZ","ideal","real inverse support button","{""X"":0,""Y"":0,""Z"":0,""A"":0,""C"":0}","[0,0,0,0,0,0,0,0]","0","0"
"horizontal-ideal-4-0.01-minus-restored","horizontal","a","ideal","real inverse support button","{""X"":0,""Y"":0,""Z"":0,""A"":0,""C"":0}","[0,0,0,0,0,0,0,0]","0","0"
"horizontal-ideal-4-0.01-minus-restored","horizontal","b","ideal","real inverse support button","{""X"":0,""Y"":0,""Z"":0,""A"":0,""C"":0}","[0,0,0,0,0,0,0,0]","0","0"
"horizontal-ideal-5-0.001-start","horizontal","XY","ideal","real support map and step buttons","{""X"":0,""Y"":0,""Z"":0,""A"":0,""C"":0}","[0,0,0,0,0,0,0,0]","0","0"
"horizontal-ideal-5-0.001-start","horizontal","XZ","ideal","real support map and step buttons","{""X"":0,""Y"":0,""Z"":0,""A"":0,""C"":0}","[0,0,0,0,0,0,0,0]","0","0"
"horizontal-ideal-5-0.001-start","horizontal","YZ","ideal","real support map and step buttons","{""X"":0,""Y"":0,""Z"":0,""A"":0,""C"":0}","[0,0,0,0,0,0,0,0]","0","0"
"horizontal-ideal-5-0.001-start","horizontal","a","ideal","real support map and step buttons","{""X"":0,""Y"":0,""Z"":0,""A"":0,""C"":0}","[0,0,0,0,0,0,0,0]","0","0"
"horizontal-ideal-5-0.001-start","horizontal","b","ideal","real support map and step buttons","{""X"":0,""Y"":0,""Z"":0,""A"":0,""C"":0}","[0,0,0,0,0,0,0,0]","0","0"
"horizontal-ideal-5-0.001-plus","horizontal","XY","ideal","real raise/lower button","{""X"":0,""Y"":0,""Z"":0,""A"":0,""C"":0}","[0,0,0,0,0,0.001,0,0]","-0.19637150493016786","0"
"horizontal-ideal-5-0.001-plus","horizontal","XZ","ideal","real raise/lower button","{""X"":0,""Y"":0,""Z"":0,""A"":0,""C"":0}","[0,0,0,0,0,0.001,0,0]","0.04681496417954789","0"
"horizontal-ideal-5-0.001-plus","horizontal","YZ","ideal","real raise/lower button","{""X"":0,""Y"":0,""Z"":0,""A"":0,""C"":0}","[0,0,0,0,0,0.001,0,0]","0.08695649482762247","0"
"horizontal-ideal-5-0.001-plus","horizontal","a","ideal","real raise/lower button","{""X"":0,""Y"":0,""Z"":0,""A"":0,""C"":0}","[0,0,0,0,0,0.001,0,0]","-0.03587560644738308","0"
"horizontal-ideal-5-0.001-plus","horizontal","b","ideal","real raise/lower button","{""X"":0,""Y"":0,""Z"":0,""A"":0,""C"":0}","[0,0,0,0,0,0.001,0,0]","-0.010869745468294889","0"
"horizontal-ideal-5-0.001-plus-restored","horizontal","XY","ideal","real inverse support button","{""X"":0,""Y"":0,""Z"":0,""A"":0,""C"":0}","[0,0,0,0,0,0,0,0]","0","0"
"horizontal-ideal-5-0.001-plus-restored","horizontal","XZ","ideal","real inverse support button","{""X"":0,""Y"":0,""Z"":0,""A"":0,""C"":0}","[0,0,0,0,0,0,0,0]","0","0"
"horizontal-ideal-5-0.001-plus-restored","horizontal","YZ","ideal","real inverse support button","{""X"":0,""Y"":0,""Z"":0,""A"":0,""C"":0}","[0,0,0,0,0,0,0,0]","0","0"
"horizontal-ideal-5-0.001-plus-restored","horizontal","a","ideal","real inverse support button","{""X"":0,""Y"":0,""Z"":0,""A"":0,""C"":0}","[0,0,0,0,0,0,0,0]","0","0"
"horizontal-ideal-5-0.001-plus-restored","horizontal","b","ideal","real inverse support button","{""X"":0,""Y"":0,""Z"":0,""A"":0,""C"":0}","[0,0,0,0,0,0,0,0]","0","0"
"horizontal-ideal-5-0.001-minus","horizontal","XY","ideal","real raise/lower button","{""X"":0,""Y"":0,""Z"":0,""A"":0,""C"":0}","[0,0,0,0,0,-0.001,0,0]","0.196371462245562","0"
"horizontal-ideal-5-0.001-minus","horizontal","XZ","ideal","real raise/lower button","{""X"":0,""Y"":0,""Z"":0,""A"":0,""C"":0}","[0,0,0,0,0,-0.001,0,0]","-0.046815150676199346","0"
"horizontal-ideal-5-0.001-minus","horizontal","YZ","ideal","real raise/lower button","{""X"":0,""Y"":0,""Z"":0,""A"":0,""C"":0}","[0,0,0,0,0,-0.001,0,0]","-0.08695654827098331","0"
"horizontal-ideal-5-0.001-minus","horizontal","a","ideal","real raise/lower button","{""X"":0,""Y"":0,""Z"":0,""A"":0,""C"":0}","[0,0,0,0,0,-0.001,0,0]","0.03587551248088183","0"
"horizontal-ideal-5-0.001-minus","horizontal","b","ideal","real raise/lower button","{""X"":0,""Y"":0,""Z"":0,""A"":0,""C"":0}","[0,0,0,0,0,-0.001,0,0]","0.010869385048267732","0"
"horizontal-ideal-5-0.001-minus-restored","horizontal","XY","ideal","real inverse support button","{""X"":0,""Y"":0,""Z"":0,""A"":0,""C"":0}","[0,0,0,0,0,0,0,0]","0","0"
"horizontal-ideal-5-0.001-minus-restored","horizontal","XZ","ideal","real inverse support button","{""X"":0,""Y"":0,""Z"":0,""A"":0,""C"":0}","[0,0,0,0,0,0,0,0]","0","0"
"horizontal-ideal-5-0.001-minus-restored","horizontal","YZ","ideal","real inverse support button","{""X"":0,""Y"":0,""Z"":0,""A"":0,""C"":0}","[0,0,0,0,0,0,0,0]","0","0"
"horizontal-ideal-5-0.001-minus-restored","horizontal","a","ideal","real inverse support button","{""X"":0,""Y"":0,""Z"":0,""A"":0,""C"":0}","[0,0,0,0,0,0,0,0]","0","0"
"horizontal-ideal-5-0.001-minus-restored","horizontal","b","ideal","real inverse support button","{""X"":0,""Y"":0,""Z"":0,""A"":0,""C"":0}","[0,0,0,0,0,0,0,0]","0","0"
"horizontal-ideal-5-0.01-start","horizontal","XY","ideal","real support map and step buttons","{""X"":0,""Y"":0,""Z"":0,""A"":0,""C"":0}","[0,0,0,0,0,0,0,0]","0","0"
"horizontal-ideal-5-0.01-start","horizontal","XZ","ideal","real support map and step buttons","{""X"":0,""Y"":0,""Z"":0,""A"":0,""C"":0}","[0,0,0,0,0,0,0,0]","0","0"
"horizontal-ideal-5-0.01-start","horizontal","YZ","ideal","real support map and step buttons","{""X"":0,""Y"":0,""Z"":0,""A"":0,""C"":0}","[0,0,0,0,0,0,0,0]","0","0"
"horizontal-ideal-5-0.01-start","horizontal","a","ideal","real support map and step buttons","{""X"":0,""Y"":0,""Z"":0,""A"":0,""C"":0}","[0,0,0,0,0,0,0,0]","0","0"
"horizontal-ideal-5-0.01-start","horizontal","b","ideal","real support map and step buttons","{""X"":0,""Y"":0,""Z"":0,""A"":0,""C"":0}","[0,0,0,0,0,0,0,0]","0","0"
"horizontal-ideal-5-0.01-plus","horizontal","XY","ideal","real raise/lower button","{""X"":0,""Y"":0,""Z"":0,""A"":0,""C"":0}","[0,0,0,0,0,0.01,0,0]","-1.9637169855948184","-2"
"horizontal-ideal-5-0.01-plus","horizontal","XZ","ideal","real raise/lower button","{""X"":0,""Y"":0,""Z"":0,""A"":0,""C"":0}","[0,0,0,0,0,0.01,0,0]","0.4681412569089438","0"
"horizontal-ideal-5-0.01-plus","horizontal","YZ","ideal","real raise/lower button","{""X"":0,""Y"":0,""Z"":0,""A"":0,""C"":0}","[0,0,0,0,0,0.01,0,0]","0.86956251820966","1"
"horizontal-ideal-5-0.01-plus","horizontal","a","ideal","real raise/lower button","{""X"":0,""Y"":0,""Z"":0,""A"":0,""C"":0}","[0,0,0,0,0,0.01,0,0]","-0.3587602927009742","0"
"horizontal-ideal-5-0.01-plus","horizontal","b","ideal","real raise/lower button","{""X"":0,""Y"":0,""Z"":0,""A"":0,""C"":0}","[0,0,0,0,0,0.01,0,0]","-0.10871368519120572","0"
"horizontal-ideal-5-0.01-plus-restored","horizontal","XY","ideal","real inverse support button","{""X"":0,""Y"":0,""Z"":0,""A"":0,""C"":0}","[0,0,0,0,0,0,0,0]","0","0"
"horizontal-ideal-5-0.01-plus-restored","horizontal","XZ","ideal","real inverse support button","{""X"":0,""Y"":0,""Z"":0,""A"":0,""C"":0}","[0,0,0,0,0,0,0,0]","0","0"
"horizontal-ideal-5-0.01-plus-restored","horizontal","YZ","ideal","real inverse support button","{""X"":0,""Y"":0,""Z"":0,""A"":0,""C"":0}","[0,0,0,0,0,0,0,0]","0","0"
"horizontal-ideal-5-0.01-plus-restored","horizontal","a","ideal","real inverse support button","{""X"":0,""Y"":0,""Z"":0,""A"":0,""C"":0}","[0,0,0,0,0,0,0,0]","0","0"
"horizontal-ideal-5-0.01-plus-restored","horizontal","b","ideal","real inverse support button","{""X"":0,""Y"":0,""Z"":0,""A"":0,""C"":0}","[0,0,0,0,0,0,0,0]","0","0"
"horizontal-ideal-5-0.01-minus","horizontal","XY","ideal","real raise/lower button","{""X"":0,""Y"":0,""Z"":0,""A"":0,""C"":0}","[0,0,0,0,0,-0.01,0,0]","1.963712681780569","2"
"horizontal-ideal-5-0.01-minus","horizontal","XZ","ideal","real raise/lower button","{""X"":0,""Y"":0,""Z"":0,""A"":0,""C"":0}","[0,0,0,0,0,-0.01,0,0]","-0.4681598935359077","0"
"horizontal-ideal-5-0.01-minus","horizontal","YZ","ideal","real raise/lower button","{""X"":0,""Y"":0,""Z"":0,""A"":0,""C"":0}","[0,0,0,0,0,-0.01,0,0]","-0.8695679167974868","-1"
"horizontal-ideal-5-0.01-minus","horizontal","a","ideal","real raise/lower button","{""X"":0,""Y"":0,""Z"":0,""A"":0,""C"":0}","[0,0,0,0,0,-0.01,0,0]","0.3587508966406555","0"
"horizontal-ideal-5-0.01-minus","horizontal","b","ideal","real raise/lower button","{""X"":0,""Y"":0,""Z"":0,""A"":0,""C"":0}","[0,0,0,0,0,-0.01,0,0]","0.10867762002993164","0"
"horizontal-ideal-5-0.01-minus-restored","horizontal","XY","ideal","real inverse support button","{""X"":0,""Y"":0,""Z"":0,""A"":0,""C"":0}","[0,0,0,0,0,0,0,0]","0","0"
"horizontal-ideal-5-0.01-minus-restored","horizontal","XZ","ideal","real inverse support button","{""X"":0,""Y"":0,""Z"":0,""A"":0,""C"":0}","[0,0,0,0,0,0,0,0]","0","0"
"horizontal-ideal-5-0.01-minus-restored","horizontal","YZ","ideal","real inverse support button","{""X"":0,""Y"":0,""Z"":0,""A"":0,""C"":0}","[0,0,0,0,0,0,0,0]","0","0"
"horizontal-ideal-5-0.01-minus-restored","horizontal","a","ideal","real inverse support button","{""X"":0,""Y"":0,""Z"":0,""A"":0,""C"":0}","[0,0,0,0,0,0,0,0]","0","0"
"horizontal-ideal-5-0.01-minus-restored","horizontal","b","ideal","real inverse support button","{""X"":0,""Y"":0,""Z"":0,""A"":0,""C"":0}","[0,0,0,0,0,0,0,0]","0","0"
"horizontal-ideal-6-0.001-start","horizontal","XY","ideal","real support map and step buttons","{""X"":0,""Y"":0,""Z"":0,""A"":0,""C"":0}","[0,0,0,0,0,0,0,0]","0","0"
"horizontal-ideal-6-0.001-start","horizontal","XZ","ideal","real support map and step buttons","{""X"":0,""Y"":0,""Z"":0,""A"":0,""C"":0}","[0,0,0,0,0,0,0,0]","0","0"
"horizontal-ideal-6-0.001-start","horizontal","YZ","ideal","real support map and step buttons","{""X"":0,""Y"":0,""Z"":0,""A"":0,""C"":0}","[0,0,0,0,0,0,0,0]","0","0"
"horizontal-ideal-6-0.001-start","horizontal","a","ideal","real support map and step buttons","{""X"":0,""Y"":0,""Z"":0,""A"":0,""C"":0}","[0,0,0,0,0,0,0,0]","0","0"
"horizontal-ideal-6-0.001-start","horizontal","b","ideal","real support map and step buttons","{""X"":0,""Y"":0,""Z"":0,""A"":0,""C"":0}","[0,0,0,0,0,0,0,0]","0","0"
"horizontal-ideal-6-0.001-plus","horizontal","XY","ideal","real raise/lower button","{""X"":0,""Y"":0,""Z"":0,""A"":0,""C"":0}","[0,0,0,0,0,0,0.001,0]","-0.19637145613586593","0"
"horizontal-ideal-6-0.001-plus","horizontal","XZ","ideal","real raise/lower button","{""X"":0,""Y"":0,""Z"":0,""A"":0,""C"":0}","[0,0,0,0,0,0,0.001,0]","0.05934301400452313","0"
"horizontal-ideal-6-0.001-plus","horizontal","YZ","ideal","real raise/lower button","{""X"":0,""Y"":0,""Z"":0,""A"":0,""C"":0}","[0,0,0,0,0,0,0.001,0]","-0.12228260792661316","0"
"horizontal-ideal-6-0.001-plus","horizontal","a","ideal","real raise/lower button","{""X"":0,""Y"":0,""Z"":0,""A"":0,""C"":0}","[0,0,0,0,0,0,0.001,0]","-2.9450400451658254e-7","0"
"horizontal-ideal-6-0.001-plus","horizontal","b","ideal","real raise/lower button","{""X"":0,""Y"":0,""Z"":0,""A"":0,""C"":0}","[0,0,0,0,0,0,0.001,0]","-0.12228260869856511","0"
"horizontal-ideal-6-0.001-plus-restored","horizontal","XY","ideal","real inverse support button","{""X"":0,""Y"":0,""Z"":0,""A"":0,""C"":0}","[0,0,0,0,0,0,0,0]","0","0"
"horizontal-ideal-6-0.001-plus-restored","horizontal","XZ","ideal","real inverse support button","{""X"":0,""Y"":0,""Z"":0,""A"":0,""C"":0}","[0,0,0,0,0,0,0,0]","0","0"
"horizontal-ideal-6-0.001-plus-restored","horizontal","YZ","ideal","real inverse support button","{""X"":0,""Y"":0,""Z"":0,""A"":0,""C"":0}","[0,0,0,0,0,0,0,0]","0","0"
"horizontal-ideal-6-0.001-plus-restored","horizontal","a","ideal","real inverse support button","{""X"":0,""Y"":0,""Z"":0,""A"":0,""C"":0}","[0,0,0,0,0,0,0,0]","0","0"
"horizontal-ideal-6-0.001-plus-restored","horizontal","b","ideal","real inverse support button","{""X"":0,""Y"":0,""Z"":0,""A"":0,""C"":0}","[0,0,0,0,0,0,0,0]","0","0"
"horizontal-ideal-6-0.001-minus","horizontal","XY","ideal","real raise/lower button","{""X"":0,""Y"":0,""Z"":0,""A"":0,""C"":0}","[0,0,0,0,0,0,-0.001,0]","0.1963715101794411","0"
"horizontal-ideal-6-0.001-minus","horizontal","XZ","ideal","real raise/lower button","{""X"":0,""Y"":0,""Z"":0,""A"":0,""C"":0}","[0,0,0,0,0,0,-0.001,0]","-0.05934304808490054","0"
"horizontal-ideal-6-0.001-minus","horizontal","YZ","ideal","real raise/lower button","{""X"":0,""Y"":0,""Z"":0,""A"":0,""C"":0}","[0,0,0,0,0,0,-0.001,0]","0.12228260881826103","0"
"horizontal-ideal-6-0.001-minus","horizontal","a","ideal","real raise/lower button","{""X"":0,""Y"":0,""Z"":0,""A"":0,""C"":0}","[0,0,0,0,0,0,-0.001,0]","-2.9450400451658254e-7","0"
"horizontal-ideal-6-0.001-minus","horizontal","b","ideal","real raise/lower button","{""X"":0,""Y"":0,""Z"":0,""A"":0,""C"":0}","[0,0,0,0,0,0,-0.001,0]","0.12228260869856511","0"
"horizontal-ideal-6-0.001-minus-restored","horizontal","XY","ideal","real inverse support button","{""X"":0,""Y"":0,""Z"":0,""A"":0,""C"":0}","[0,0,0,0,0,0,0,0]","0","0"
"horizontal-ideal-6-0.001-minus-restored","horizontal","XZ","ideal","real inverse support button","{""X"":0,""Y"":0,""Z"":0,""A"":0,""C"":0}","[0,0,0,0,0,0,0,0]","0","0"
"horizontal-ideal-6-0.001-minus-restored","horizontal","YZ","ideal","real inverse support button","{""X"":0,""Y"":0,""Z"":0,""A"":0,""C"":0}","[0,0,0,0,0,0,0,0]","0","0"
"horizontal-ideal-6-0.001-minus-restored","horizontal","a","ideal","real inverse support button","{""X"":0,""Y"":0,""Z"":0,""A"":0,""C"":0}","[0,0,0,0,0,0,0,0]","0","0"
"horizontal-ideal-6-0.001-minus-restored","horizontal","b","ideal","real inverse support button","{""X"":0,""Y"":0,""Z"":0,""A"":0,""C"":0}","[0,0,0,0,0,0,0,0]","0","0"
"horizontal-ideal-6-0.01-start","horizontal","XY","ideal","real support map and step buttons","{""X"":0,""Y"":0,""Z"":0,""A"":0,""C"":0}","[0,0,0,0,0,0,0,0]","0","0"
"horizontal-ideal-6-0.01-start","horizontal","XZ","ideal","real support map and step buttons","{""X"":0,""Y"":0,""Z"":0,""A"":0,""C"":0}","[0,0,0,0,0,0,0,0]","0","0"
"horizontal-ideal-6-0.01-start","horizontal","YZ","ideal","real support map and step buttons","{""X"":0,""Y"":0,""Z"":0,""A"":0,""C"":0}","[0,0,0,0,0,0,0,0]","0","0"
"horizontal-ideal-6-0.01-start","horizontal","a","ideal","real support map and step buttons","{""X"":0,""Y"":0,""Z"":0,""A"":0,""C"":0}","[0,0,0,0,0,0,0,0]","0","0"
"horizontal-ideal-6-0.01-start","horizontal","b","ideal","real support map and step buttons","{""X"":0,""Y"":0,""Z"":0,""A"":0,""C"":0}","[0,0,0,0,0,0,0,0]","0","0"
"horizontal-ideal-6-0.01-plus","horizontal","XY","ideal","real raise/lower button","{""X"":0,""Y"":0,""Z"":0,""A"":0,""C"":0}","[0,0,0,0,0,0,0.01,0]","-1.9637121483929987","-2"
"horizontal-ideal-6-0.01-plus","horizontal","XZ","ideal","real raise/lower button","{""X"":0,""Y"":0,""Z"":0,""A"":0,""C"":0}","[0,0,0,0,0,0,0.01,0]","0.5934286477406875","1"
"horizontal-ideal-6-0.01-plus","horizontal","YZ","ideal","real raise/lower button","{""X"":0,""Y"":0,""Z"":0,""A"":0,""C"":0}","[0,0,0,0,0,0,0.01,0]","-1.2228260869457523","-1"
"horizontal-ideal-6-0.01-plus","horizontal","a","ideal","real raise/lower button","{""X"":0,""Y"":0,""Z"":0,""A"":0,""C"":0}","[0,0,0,0,0,0,0.01,0]","-0.00002945088964367848","0"
"horizontal-ideal-6-0.01-plus","horizontal","b","ideal","real raise/lower button","{""X"":0,""Y"":0,""Z"":0,""A"":0,""C"":0}","[0,0,0,0,0,0,0.01,0]","-1.2228260869474872","-1"
"horizontal-ideal-6-0.01-plus-restored","horizontal","XY","ideal","real inverse support button","{""X"":0,""Y"":0,""Z"":0,""A"":0,""C"":0}","[0,0,0,0,0,0,0,0]","0","0"
"horizontal-ideal-6-0.01-plus-restored","horizontal","XZ","ideal","real inverse support button","{""X"":0,""Y"":0,""Z"":0,""A"":0,""C"":0}","[0,0,0,0,0,0,0,0]","0","0"
"horizontal-ideal-6-0.01-plus-restored","horizontal","YZ","ideal","real inverse support button","{""X"":0,""Y"":0,""Z"":0,""A"":0,""C"":0}","[0,0,0,0,0,0,0,0]","0","0"
"horizontal-ideal-6-0.01-plus-restored","horizontal","a","ideal","real inverse support button","{""X"":0,""Y"":0,""Z"":0,""A"":0,""C"":0}","[0,0,0,0,0,0,0,0]","0","0"
"horizontal-ideal-6-0.01-plus-restored","horizontal","b","ideal","real inverse support button","{""X"":0,""Y"":0,""Z"":0,""A"":0,""C"":0}","[0,0,0,0,0,0,0,0]","0","0"
"horizontal-ideal-6-0.01-minus","horizontal","XY","ideal","real raise/lower button","{""X"":0,""Y"":0,""Z"":0,""A"":0,""C"":0}","[0,0,0,0,0,0,-0.01,0]","1.9637175191888208","2"
"horizontal-ideal-6-0.01-minus","horizontal","XZ","ideal","real raise/lower button","{""X"":0,""Y"":0,""Z"":0,""A"":0,""C"":0}","[0,0,0,0,0,0,-0.01,0]","-0.5934319663603721","-1"
"horizontal-ideal-6-0.01-minus","horizontal","YZ","ideal","real raise/lower button","{""X"":0,""Y"":0,""Z"":0,""A"":0,""C"":0}","[0,0,0,0,0,0,-0.01,0]","1.222826087167797","1"
"horizontal-ideal-6-0.01-minus","horizontal","a","ideal","real raise/lower button","{""X"":0,""Y"":0,""Z"":0,""A"":0,""C"":0}","[0,0,0,0,0,0,-0.01,0]","-0.00002945088964367848","0"
"horizontal-ideal-6-0.01-minus","horizontal","b","ideal","real raise/lower button","{""X"":0,""Y"":0,""Z"":0,""A"":0,""C"":0}","[0,0,0,0,0,0,-0.01,0]","1.2228260869509566","1"
"horizontal-ideal-6-0.01-minus-restored","horizontal","XY","ideal","real inverse support button","{""X"":0,""Y"":0,""Z"":0,""A"":0,""C"":0}","[0,0,0,0,0,0,0,0]","0","0"
"horizontal-ideal-6-0.01-minus-restored","horizontal","XZ","ideal","real inverse support button","{""X"":0,""Y"":0,""Z"":0,""A"":0,""C"":0}","[0,0,0,0,0,0,0,0]","0","0"
"horizontal-ideal-6-0.01-minus-restored","horizontal","YZ","ideal","real inverse support button","{""X"":0,""Y"":0,""Z"":0,""A"":0,""C"":0}","[0,0,0,0,0,0,0,0]","0","0"
"horizontal-ideal-6-0.01-minus-restored","horizontal","a","ideal","real inverse support button","{""X"":0,""Y"":0,""Z"":0,""A"":0,""C"":0}","[0,0,0,0,0,0,0,0]","0","0"
"horizontal-ideal-6-0.01-minus-restored","horizontal","b","ideal","real inverse support button","{""X"":0,""Y"":0,""Z"":0,""A"":0,""C"":0}","[0,0,0,0,0,0,0,0]","0","0"
"horizontal-ideal-7-0.001-start","horizontal","XY","ideal","real support map and step buttons","{""X"":0,""Y"":0,""Z"":0,""A"":0,""C"":0}","[0,0,0,0,0,0,0,0]","0","0"
"horizontal-ideal-7-0.001-start","horizontal","XZ","ideal","real support map and step buttons","{""X"":0,""Y"":0,""Z"":0,""A"":0,""C"":0}","[0,0,0,0,0,0,0,0]","0","0"
"horizontal-ideal-7-0.001-start","horizontal","YZ","ideal","real support map and step buttons","{""X"":0,""Y"":0,""Z"":0,""A"":0,""C"":0}","[0,0,0,0,0,0,0,0]","0","0"
"horizontal-ideal-7-0.001-start","horizontal","a","ideal","real support map and step buttons","{""X"":0,""Y"":0,""Z"":0,""A"":0,""C"":0}","[0,0,0,0,0,0,0,0]","0","0"
"horizontal-ideal-7-0.001-start","horizontal","b","ideal","real support map and step buttons","{""X"":0,""Y"":0,""Z"":0,""A"":0,""C"":0}","[0,0,0,0,0,0,0,0]","0","0"
"horizontal-ideal-7-0.001-plus","horizontal","XY","ideal","real raise/lower button","{""X"":0,""Y"":0,""Z"":0,""A"":0,""C"":0}","[0,0,0,0,0,0,0,0.001]","0.1963714618309631","0"
"horizontal-ideal-7-0.001-plus","horizontal","XZ","ideal","real raise/lower button","{""X"":0,""Y"":0,""Z"":0,""A"":0,""C"":0}","[0,0,0,0,0,0,0,0.001]","-0.05934300375924628","0"
"horizontal-ideal-7-0.001-plus","horizontal","YZ","ideal","real raise/lower button","{""X"":0,""Y"":0,""Z"":0,""A"":0,""C"":0}","[0,0,0,0,0,0,0,0.001]","-0.12228260792661316","0"
"horizontal-ideal-7-0.001-plus","horizontal","a","ideal","real raise/lower button","{""X"":0,""Y"":0,""Z"":0,""A"":0,""C"":0}","[0,0,0,0,0,0,0,0.001]","-3.0361477221241273e-7","0"
"horizontal-ideal-7-0.001-plus","horizontal","b","ideal","real raise/lower button","{""X"":0,""Y"":0,""Z"":0,""A"":0,""C"":0}","[0,0,0,0,0,0,0,0.001]","-0.12228260869856511","0"
"horizontal-ideal-7-0.001-plus-restored","horizontal","XY","ideal","real inverse support button","{""X"":0,""Y"":0,""Z"":0,""A"":0,""C"":0}","[0,0,0,0,0,0,0,0]","0","0"
"horizontal-ideal-7-0.001-plus-restored","horizontal","XZ","ideal","real inverse support button","{""X"":0,""Y"":0,""Z"":0,""A"":0,""C"":0}","[0,0,0,0,0,0,0,0]","0","0"
"horizontal-ideal-7-0.001-plus-restored","horizontal","YZ","ideal","real inverse support button","{""X"":0,""Y"":0,""Z"":0,""A"":0,""C"":0}","[0,0,0,0,0,0,0,0]","0","0"
"horizontal-ideal-7-0.001-plus-restored","horizontal","a","ideal","real inverse support button","{""X"":0,""Y"":0,""Z"":0,""A"":0,""C"":0}","[0,0,0,0,0,0,0,0]","0","0"
"horizontal-ideal-7-0.001-plus-restored","horizontal","b","ideal","real inverse support button","{""X"":0,""Y"":0,""Z"":0,""A"":0,""C"":0}","[0,0,0,0,0,0,0,0]","0","0"
"horizontal-ideal-7-0.001-minus","horizontal","XY","ideal","real raise/lower button","{""X"":0,""Y"":0,""Z"":0,""A"":0,""C"":0}","[0,0,0,0,0,0,0,-0.001]","-0.1963715044826092","0"
"horizontal-ideal-7-0.001-minus","horizontal","XZ","ideal","real raise/lower button","{""X"":0,""Y"":0,""Z"":0,""A"":0,""C"":0}","[0,0,0,0,0,0,0,-0.001]","0.059343057554755996","0"
"horizontal-ideal-7-0.001-minus","horizontal","YZ","ideal","real raise/lower button","{""X"":0,""Y"":0,""Z"":0,""A"":0,""C"":0}","[0,0,0,0,0,0,0,-0.001]","0.12228260881826103","0"
"horizontal-ideal-7-0.001-minus","horizontal","a","ideal","real raise/lower button","{""X"":0,""Y"":0,""Z"":0,""A"":0,""C"":0}","[0,0,0,0,0,0,0,-0.001]","-3.0361477221241273e-7","0"
"horizontal-ideal-7-0.001-minus","horizontal","b","ideal","real raise/lower button","{""X"":0,""Y"":0,""Z"":0,""A"":0,""C"":0}","[0,0,0,0,0,0,0,-0.001]","0.12228260869856511","0"
"horizontal-ideal-7-0.001-minus-restored","horizontal","XY","ideal","real inverse support button","{""X"":0,""Y"":0,""Z"":0,""A"":0,""C"":0}","[0,0,0,0,0,0,0,0]","0","0"
"horizontal-ideal-7-0.001-minus-restored","horizontal","XZ","ideal","real inverse support button","{""X"":0,""Y"":0,""Z"":0,""A"":0,""C"":0}","[0,0,0,0,0,0,0,0]","0","0"
"horizontal-ideal-7-0.001-minus-restored","horizontal","YZ","ideal","real inverse support button","{""X"":0,""Y"":0,""Z"":0,""A"":0,""C"":0}","[0,0,0,0,0,0,0,0]","0","0"
"horizontal-ideal-7-0.001-minus-restored","horizontal","a","ideal","real inverse support button","{""X"":0,""Y"":0,""Z"":0,""A"":0,""C"":0}","[0,0,0,0,0,0,0,0]","0","0"
"horizontal-ideal-7-0.001-minus-restored","horizontal","b","ideal","real inverse support button","{""X"":0,""Y"":0,""Z"":0,""A"":0,""C"":0}","[0,0,0,0,0,0,0,0]","0","0"
"horizontal-ideal-7-0.01-start","horizontal","XY","ideal","real support map and step buttons","{""X"":0,""Y"":0,""Z"":0,""A"":0,""C"":0}","[0,0,0,0,0,0,0,0]","0","0"
"horizontal-ideal-7-0.01-start","horizontal","XZ","ideal","real support map and step buttons","{""X"":0,""Y"":0,""Z"":0,""A"":0,""C"":0}","[0,0,0,0,0,0,0,0]","0","0"
"horizontal-ideal-7-0.01-start","horizontal","YZ","ideal","real support map and step buttons","{""X"":0,""Y"":0,""Z"":0,""A"":0,""C"":0}","[0,0,0,0,0,0,0,0]","0","0"
"horizontal-ideal-7-0.01-start","horizontal","a","ideal","real support map and step buttons","{""X"":0,""Y"":0,""Z"":0,""A"":0,""C"":0}","[0,0,0,0,0,0,0,0]","0","0"
"horizontal-ideal-7-0.01-start","horizontal","b","ideal","real support map and step buttons","{""X"":0,""Y"":0,""Z"":0,""A"":0,""C"":0}","[0,0,0,0,0,0,0,0]","0","0"
"horizontal-ideal-7-0.01-plus","horizontal","XY","ideal","real raise/lower button","{""X"":0,""Y"":0,""Z"":0,""A"":0,""C"":0}","[0,0,0,0,0,0,0,0.01]","1.963712681058924","2"
"horizontal-ideal-7-0.01-plus","horizontal","XZ","ideal","real raise/lower button","{""X"":0,""Y"":0,""Z"":0,""A"":0,""C"":0}","[0,0,0,0,0,0,0,0.01]","-0.5934275940488315","-1"
"horizontal-ideal-7-0.01-plus","horizontal","YZ","ideal","real raise/lower button","{""X"":0,""Y"":0,""Z"":0,""A"":0,""C"":0}","[0,0,0,0,0,0,0,0.01]","-1.2228260869457523","-1"
"horizontal-ideal-7-0.01-plus","horizontal","a","ideal","real raise/lower button","{""X"":0,""Y"":0,""Z"":0,""A"":0,""C"":0}","[0,0,0,0,0,0,0,0.01]","-0.0000303612586460833","0"
"horizontal-ideal-7-0.01-plus","horizontal","b","ideal","real raise/lower button","{""X"":0,""Y"":0,""Z"":0,""A"":0,""C"":0}","[0,0,0,0,0,0,0,0.01]","-1.2228260869474872","-1"
"horizontal-ideal-7-0.01-plus-restored","horizontal","XY","ideal","real inverse support button","{""X"":0,""Y"":0,""Z"":0,""A"":0,""C"":0}","[0,0,0,0,0,0,0,0]","0","0"
"horizontal-ideal-7-0.01-plus-restored","horizontal","XZ","ideal","real inverse support button","{""X"":0,""Y"":0,""Z"":0,""A"":0,""C"":0}","[0,0,0,0,0,0,0,0]","0","0"
"horizontal-ideal-7-0.01-plus-restored","horizontal","YZ","ideal","real inverse support button","{""X"":0,""Y"":0,""Z"":0,""A"":0,""C"":0}","[0,0,0,0,0,0,0,0]","0","0"
"horizontal-ideal-7-0.01-plus-restored","horizontal","a","ideal","real inverse support button","{""X"":0,""Y"":0,""Z"":0,""A"":0,""C"":0}","[0,0,0,0,0,0,0,0]","0","0"
"horizontal-ideal-7-0.01-plus-restored","horizontal","b","ideal","real inverse support button","{""X"":0,""Y"":0,""Z"":0,""A"":0,""C"":0}","[0,0,0,0,0,0,0,0]","0","0"
"horizontal-ideal-7-0.01-minus","horizontal","XY","ideal","real raise/lower button","{""X"":0,""Y"":0,""Z"":0,""A"":0,""C"":0}","[0,0,0,0,0,0,0,-0.01]","-1.963716985898395","-2"
"horizontal-ideal-7-0.01-minus","horizontal","XZ","ideal","real raise/lower button","{""X"":0,""Y"":0,""Z"":0,""A"":0,""C"":0}","[0,0,0,0,0,0,0,-0.01]","0.5934330200175336","1"
"horizontal-ideal-7-0.01-minus","horizontal","YZ","ideal","real raise/lower button","{""X"":0,""Y"":0,""Z"":0,""A"":0,""C"":0}","[0,0,0,0,0,0,0,-0.01]","1.222826087167797","1"
"horizontal-ideal-7-0.01-minus","horizontal","a","ideal","real raise/lower button","{""X"":0,""Y"":0,""Z"":0,""A"":0,""C"":0}","[0,0,0,0,0,0,0,-0.01]","-0.0000303612586460833","0"
"horizontal-ideal-7-0.01-minus","horizontal","b","ideal","real raise/lower button","{""X"":0,""Y"":0,""Z"":0,""A"":0,""C"":0}","[0,0,0,0,0,0,0,-0.01]","1.2228260869509566","1"
"horizontal-ideal-7-0.01-minus-restored","horizontal","XY","ideal","real inverse support button","{""X"":0,""Y"":0,""Z"":0,""A"":0,""C"":0}","[0,0,0,0,0,0,0,0]","0","0"
"horizontal-ideal-7-0.01-minus-restored","horizontal","XZ","ideal","real inverse support button","{""X"":0,""Y"":0,""Z"":0,""A"":0,""C"":0}","[0,0,0,0,0,0,0,0]","0","0"
"horizontal-ideal-7-0.01-minus-restored","horizontal","YZ","ideal","real inverse support button","{""X"":0,""Y"":0,""Z"":0,""A"":0,""C"":0}","[0,0,0,0,0,0,0,0]","0","0"
"horizontal-ideal-7-0.01-minus-restored","horizontal","a","ideal","real inverse support button","{""X"":0,""Y"":0,""Z"":0,""A"":0,""C"":0}","[0,0,0,0,0,0,0,0]","0","0"
"horizontal-ideal-7-0.01-minus-restored","horizontal","b","ideal","real inverse support button","{""X"":0,""Y"":0,""Z"":0,""A"":0,""C"":0}","[0,0,0,0,0,0,0,0]","0","0"
"horizontal-ideal-posture-plane-positive","horizontal","XY","ideal","known bulk fixture via evaluate","{""X"":0,""Y"":0,""Z"":0,""A"":0,""C"":0}","[-0.1144,-0.032799999999999996,-0.06533333333333334,0.016266666666666665,-0.016266666666666676,0.06533333333333333,0.032799999999999996,0.1144]","2.8796409701215e-10","0"
"horizontal-ideal-posture-plane-positive","horizontal","XZ","ideal","known bulk fixture via evaluate","{""X"":0,""Y"":0,""Z"":0,""A"":0,""C"":0}","[-0.1144,-0.032799999999999996,-0.06533333333333334,0.016266666666666665,-0.016266666666666676,0.06533333333333333,0.032799999999999996,0.1144]","1.0755285551056204e-10","0"
"horizontal-ideal-posture-plane-positive","horizontal","YZ","ideal","known bulk fixture via evaluate","{""X"":0,""Y"":0,""Z"":0,""A"":0,""C"":0}","[-0.1144,-0.032799999999999996,-0.06533333333333334,0.016266666666666665,-0.016266666666666676,0.06533333333333333,0.032799999999999996,0.1144]","6.29704621779581e-10","0"
"horizontal-ideal-posture-plane-positive","horizontal","a","ideal","known bulk fixture via evaluate","{""X"":0,""Y"":0,""Z"":0,""A"":0,""C"":0}","[-0.1144,-0.032799999999999996,-0.06533333333333334,0.016266666666666665,-0.016266666666666676,0.06533333333333333,0.032799999999999996,0.1144]","0","0"
"horizontal-ideal-posture-plane-positive","horizontal","b","ideal","known bulk fixture via evaluate","{""X"":0,""Y"":0,""Z"":0,""A"":0,""C"":0}","[-0.1144,-0.032799999999999996,-0.06533333333333334,0.016266666666666665,-0.016266666666666676,0.06533333333333333,0.032799999999999996,0.1144]","0","0"
"horizontal-ideal-plane-positive-X-100","horizontal","XY","ideal","bulk support fixture; real axis slider","{""X"":-100,""Y"":0,""Z"":0,""A"":0,""C"":0}","[-0.1144,-0.032799999999999996,-0.06533333333333334,0.016266666666666665,-0.016266666666666676,0.06533333333333333,0.032799999999999996,0.1144]","3.157196726277789e-10","0"
"horizontal-ideal-plane-positive-X-100","horizontal","XZ","ideal","bulk support fixture; real axis slider","{""X"":-100,""Y"":0,""Z"":0,""A"":0,""C"":0}","[-0.1144,-0.032799999999999996,-0.06533333333333334,0.016266666666666665,-0.016266666666666676,0.06533333333333333,0.032799999999999996,0.1144]","1.9081958235744878e-10","0"
"horizontal-ideal-plane-positive-X-100","horizontal","YZ","ideal","bulk support fixture; real axis slider","{""X"":-100,""Y"":0,""Z"":0,""A"":0,""C"":0}","[-0.1144,-0.032799999999999996,-0.06533333333333334,0.016266666666666665,-0.016266666666666676,0.06533333333333333,0.032799999999999996,0.1144]","6.29704621779581e-10","0"
"horizontal-ideal-plane-positive-X-100","horizontal","a","ideal","bulk support fixture; real axis slider","{""X"":-100,""Y"":0,""Z"":0,""A"":0,""C"":0}","[-0.1144,-0.032799999999999996,-0.06533333333333334,0.016266666666666665,-0.016266666666666676,0.06533333333333333,0.032799999999999996,0.1144]","0","0"
"horizontal-ideal-plane-positive-X-100","horizontal","b","ideal","bulk support fixture; real axis slider","{""X"":-100,""Y"":0,""Z"":0,""A"":0,""C"":0}","[-0.1144,-0.032799999999999996,-0.06533333333333334,0.016266666666666665,-0.016266666666666676,0.06533333333333333,0.032799999999999996,0.1144]","0","0"
"horizontal-ideal-plane-positive-X100","horizontal","XY","ideal","bulk support fixture; real axis slider","{""X"":100,""Y"":0,""Z"":0,""A"":0,""C"":0}","[-0.1144,-0.032799999999999996,-0.06533333333333334,0.016266666666666665,-0.016266666666666676,0.06533333333333333,0.032799999999999996,0.1144]","1.491862189340054e-10","0"
"horizontal-ideal-plane-positive-X100","horizontal","XZ","ideal","bulk support fixture; real axis slider","{""X"":100,""Y"":0,""Z"":0,""A"":0,""C"":0}","[-0.1144,-0.032799999999999996,-0.06533333333333334,0.016266666666666665,-0.016266666666666676,0.06533333333333333,0.032799999999999996,0.1144]","1.3530843112619095e-10","0"
"horizontal-ideal-plane-positive-X100","horizontal","YZ","ideal","bulk support fixture; real axis slider","{""X"":100,""Y"":0,""Z"":0,""A"":0,""C"":0}","[-0.1144,-0.032799999999999996,-0.06533333333333334,0.016266666666666665,-0.016266666666666676,0.06533333333333333,0.032799999999999996,0.1144]","6.29704621779581e-10","0"
"horizontal-ideal-plane-positive-X100","horizontal","a","ideal","bulk support fixture; real axis slider","{""X"":100,""Y"":0,""Z"":0,""A"":0,""C"":0}","[-0.1144,-0.032799999999999996,-0.06533333333333334,0.016266666666666665,-0.016266666666666676,0.06533333333333333,0.032799999999999996,0.1144]","0","0"
"horizontal-ideal-plane-positive-X100","horizontal","b","ideal","bulk support fixture; real axis slider","{""X"":100,""Y"":0,""Z"":0,""A"":0,""C"":0}","[-0.1144,-0.032799999999999996,-0.06533333333333334,0.016266666666666665,-0.016266666666666676,0.06533333333333333,0.032799999999999996,0.1144]","0","0"
"horizontal-ideal-plane-positive-Y-100","horizontal","XY","ideal","bulk support fixture; real axis slider","{""X"":0,""Y"":-100,""Z"":0,""A"":0,""C"":0}","[-0.1144,-0.032799999999999996,-0.06533333333333334,0.016266666666666665,-0.016266666666666676,0.06533333333333333,0.032799999999999996,0.1144]","2.5847379792054426e-10","0"
"horizontal-ideal-plane-positive-Y-100","horizontal","XZ","ideal","bulk support fixture; real axis slider","{""X"":0,""Y"":-100,""Z"":0,""A"":0,""C"":0}","[-0.1144,-0.032799999999999996,-0.06533333333333334,0.016266666666666665,-0.016266666666666676,0.06533333333333333,0.032799999999999996,0.1144]","1.0755285551056204e-10","0"
"horizontal-ideal-plane-positive-Y-100","horizontal","YZ","ideal","bulk support fixture; real axis slider","{""X"":0,""Y"":-100,""Z"":0,""A"":0,""C"":0}","[-0.1144,-0.032799999999999996,-0.06533333333333334,0.016266666666666665,-0.016266666666666676,0.06533333333333333,0.032799999999999996,0.1144]","-3.642919299551295e-11","0"
"horizontal-ideal-plane-positive-Y-100","horizontal","a","ideal","bulk support fixture; real axis slider","{""X"":0,""Y"":-100,""Z"":0,""A"":0,""C"":0}","[-0.1144,-0.032799999999999996,-0.06533333333333334,0.016266666666666665,-0.016266666666666676,0.06533333333333333,0.032799999999999996,0.1144]","0","0"
"horizontal-ideal-plane-positive-Y-100","horizontal","b","ideal","bulk support fixture; real axis slider","{""X"":0,""Y"":-100,""Z"":0,""A"":0,""C"":0}","[-0.1144,-0.032799999999999996,-0.06533333333333334,0.016266666666666665,-0.016266666666666676,0.06533333333333333,0.032799999999999996,0.1144]","0","0"
"horizontal-ideal-plane-positive-Y100","horizontal","XY","ideal","bulk support fixture; real axis slider","{""X"":0,""Y"":100,""Z"":0,""A"":0,""C"":0}","[-0.1144,-0.032799999999999996,-0.06533333333333334,0.016266666666666665,-0.016266666666666676,0.06533333333333333,0.032799999999999996,0.1144]","2.8796409701215e-10","0"
"horizontal-ideal-plane-positive-Y100","horizontal","XZ","ideal","bulk support fixture; real axis slider","{""X"":0,""Y"":100,""Z"":0,""A"":0,""C"":0}","[-0.1144,-0.032799999999999996,-0.06533333333333334,0.016266666666666665,-0.016266666666666676,0.06533333333333333,0.032799999999999996,0.1144]","1.0755285551056204e-10","0"
"horizontal-ideal-plane-positive-Y100","horizontal","YZ","ideal","bulk support fixture; real axis slider","{""X"":0,""Y"":100,""Z"":0,""A"":0,""C"":0}","[-0.1144,-0.032799999999999996,-0.06533333333333334,0.016266666666666665,-0.016266666666666676,0.06533333333333333,0.032799999999999996,0.1144]","8.517492267046123e-10","0"
"horizontal-ideal-plane-positive-Y100","horizontal","a","ideal","bulk support fixture; real axis slider","{""X"":0,""Y"":100,""Z"":0,""A"":0,""C"":0}","[-0.1144,-0.032799999999999996,-0.06533333333333334,0.016266666666666665,-0.016266666666666676,0.06533333333333333,0.032799999999999996,0.1144]","0","0"
"horizontal-ideal-plane-positive-Y100","horizontal","b","ideal","bulk support fixture; real axis slider","{""X"":0,""Y"":100,""Z"":0,""A"":0,""C"":0}","[-0.1144,-0.032799999999999996,-0.06533333333333334,0.016266666666666665,-0.016266666666666676,0.06533333333333333,0.032799999999999996,0.1144]","0","0"
"horizontal-ideal-plane-positive-Z-100","horizontal","XY","ideal","bulk support fixture; real axis slider","{""X"":0,""Y"":0,""Z"":-100,""A"":0,""C"":0}","[-0.1144,-0.032799999999999996,-0.06533333333333334,0.016266666666666665,-0.016266666666666676,0.06533333333333333,0.032799999999999996,0.1144]","4.805184028455756e-10","0"
"horizontal-ideal-plane-positive-Z-100","horizontal","XZ","ideal","bulk support fixture; real axis slider","{""X"":0,""Y"":0,""Z"":-100,""A"":0,""C"":0}","[-0.1144,-0.032799999999999996,-0.06533333333333334,0.016266666666666665,-0.016266666666666676,0.06533333333333333,0.032799999999999996,0.1144]","-2.2551405187698492e-10","0"
"horizontal-ideal-plane-positive-Z-100","horizontal","YZ","ideal","bulk support fixture; real axis slider","{""X"":0,""Y"":0,""Z"":-100,""A"":0,""C"":0}","[-0.1144,-0.032799999999999996,-0.06533333333333334,0.016266666666666665,-0.016266666666666676,0.06533333333333333,0.032799999999999996,0.1144]","2.96637714392034e-10","0"
"horizontal-ideal-plane-positive-Z-100","horizontal","a","ideal","bulk support fixture; real axis slider","{""X"":0,""Y"":0,""Z"":-100,""A"":0,""C"":0}","[-0.1144,-0.032799999999999996,-0.06533333333333334,0.016266666666666665,-0.016266666666666676,0.06533333333333333,0.032799999999999996,0.1144]","0","0"
"horizontal-ideal-plane-positive-Z-100","horizontal","b","ideal","bulk support fixture; real axis slider","{""X"":0,""Y"":0,""Z"":-100,""A"":0,""C"":0}","[-0.1144,-0.032799999999999996,-0.06533333333333334,0.016266666666666665,-0.016266666666666676,0.06533333333333333,0.032799999999999996,0.1144]","0","0"
"horizontal-ideal-plane-positive-Z100","horizontal","XY","ideal","bulk support fixture; real axis slider","{""X"":0,""Y"":0,""Z"":100,""A"":0,""C"":0}","[-0.1144,-0.032799999999999996,-0.06533333333333334,0.016266666666666665,-0.016266666666666676,0.06533333333333333,0.032799999999999996,0.1144]","2.8622937353617317e-10","0"
"horizontal-ideal-plane-positive-Z100","horizontal","XZ","ideal","bulk support fixture; real axis slider","{""X"":0,""Y"":0,""Z"":100,""A"":0,""C"":0}","[-0.1144,-0.032799999999999996,-0.06533333333333334,0.016266666666666665,-0.016266666666666676,0.06533333333333333,0.032799999999999996,0.1144]","1.9081958235744878e-10","0"
"horizontal-ideal-plane-positive-Z100","horizontal","YZ","ideal","bulk support fixture; real axis slider","{""X"":0,""Y"":0,""Z"":100,""A"":0,""C"":0}","[-0.1144,-0.032799999999999996,-0.06533333333333334,0.016266666666666665,-0.016266666666666676,0.06533333333333333,0.032799999999999996,0.1144]","5.186823193170653e-10","0"
"horizontal-ideal-plane-positive-Z100","horizontal","a","ideal","bulk support fixture; real axis slider","{""X"":0,""Y"":0,""Z"":100,""A"":0,""C"":0}","[-0.1144,-0.032799999999999996,-0.06533333333333334,0.016266666666666665,-0.016266666666666676,0.06533333333333333,0.032799999999999996,0.1144]","0","0"
"horizontal-ideal-plane-positive-Z100","horizontal","b","ideal","bulk support fixture; real axis slider","{""X"":0,""Y"":0,""Z"":100,""A"":0,""C"":0}","[-0.1144,-0.032799999999999996,-0.06533333333333334,0.016266666666666665,-0.016266666666666676,0.06533333333333333,0.032799999999999996,0.1144]","0","0"
"horizontal-ideal-posture-plane-negative","horizontal","XY","ideal","known bulk fixture via evaluate","{""X"":0,""Y"":0,""Z"":0,""A"":0,""C"":0}","[0.1144,0.032799999999999996,0.06533333333333334,-0.016266666666666665,0.016266666666666676,-0.06533333333333333,-0.032799999999999996,-0.1144]","2.0816681711721685e-10","0"
"horizontal-ideal-posture-plane-negative","horizontal","XZ","ideal","known bulk fixture via evaluate","{""X"":0,""Y"":0,""Z"":0,""A"":0,""C"":0}","[0.1144,0.032799999999999996,0.06533333333333334,-0.016266666666666665,0.016266666666666676,-0.06533333333333333,-0.032799999999999996,-0.1144]","1.0755285551056204e-10","0"
"horizontal-ideal-posture-plane-negative","horizontal","YZ","ideal","known bulk fixture via evaluate","{""X"":0,""Y"":0,""Z"":0,""A"":0,""C"":0}","[0.1144,0.032799999999999996,0.06533333333333334,-0.016266666666666665,0.016266666666666676,-0.06533333333333333,-0.032799999999999996,-0.1144]","4.163336342344337e-11","0"
"horizontal-ideal-posture-plane-negative","horizontal","a","ideal","known bulk fixture via evaluate","{""X"":0,""Y"":0,""Z"":0,""A"":0,""C"":0}","[0.1144,0.032799999999999996,0.06533333333333334,-0.016266666666666665,0.016266666666666676,-0.06533333333333333,-0.032799999999999996,-0.1144]","0","0"
"horizontal-ideal-posture-plane-negative","horizontal","b","ideal","known bulk fixture via evaluate","{""X"":0,""Y"":0,""Z"":0,""A"":0,""C"":0}","[0.1144,0.032799999999999996,0.06533333333333334,-0.016266666666666665,0.016266666666666676,-0.06533333333333333,-0.032799999999999996,-0.1144]","0","0"
"horizontal-ideal-plane-negative-X-100","horizontal","XY","ideal","bulk support fixture; real axis slider","{""X"":-100,""Y"":0,""Z"":0,""A"":0,""C"":0}","[0.1144,0.032799999999999996,0.06533333333333334,-0.016266666666666665,0.016266666666666676,-0.06533333333333333,-0.032799999999999996,-0.1144]","1.5265566588595902e-10","0"
"horizontal-ideal-plane-negative-X-100","horizontal","XZ","ideal","bulk support fixture; real axis slider","{""X"":-100,""Y"":0,""Z"":0,""A"":0,""C"":0}","[0.1144,0.032799999999999996,0.06533333333333334,-0.016266666666666665,0.016266666666666676,-0.06533333333333333,-0.032799999999999996,-0.1144]","1.3530843112619095e-10","0"
"horizontal-ideal-plane-negative-X-100","horizontal","YZ","ideal","bulk support fixture; real axis slider","{""X"":-100,""Y"":0,""Z"":0,""A"":0,""C"":0}","[0.1144,0.032799999999999996,0.06533333333333334,-0.016266666666666665,0.016266666666666676,-0.06533333333333333,-0.032799999999999996,-0.1144]","4.163336342344337e-11","0"
"horizontal-ideal-plane-negative-X-100","horizontal","a","ideal","bulk support fixture; real axis slider","{""X"":-100,""Y"":0,""Z"":0,""A"":0,""C"":0}","[0.1144,0.032799999999999996,0.06533333333333334,-0.016266666666666665,0.016266666666666676,-0.06533333333333333,-0.032799999999999996,-0.1144]","0","0"
"horizontal-ideal-plane-negative-X-100","horizontal","b","ideal","bulk support fixture; real axis slider","{""X"":-100,""Y"":0,""Z"":0,""A"":0,""C"":0}","[0.1144,0.032799999999999996,0.06533333333333334,-0.016266666666666665,0.016266666666666676,-0.06533333333333333,-0.032799999999999996,-0.1144]","0","0"
"horizontal-ideal-plane-negative-X100","horizontal","XY","ideal","bulk support fixture; real axis slider","{""X"":100,""Y"":0,""Z"":0,""A"":0,""C"":0}","[0.1144,0.032799999999999996,0.06533333333333334,-0.016266666666666665,0.016266666666666676,-0.06533333333333333,-0.032799999999999996,-0.1144]","9.8879238130678e-11","0"
"horizontal-ideal-plane-negative-X100","horizontal","XZ","ideal","bulk support fixture; real axis slider","{""X"":100,""Y"":0,""Z"":0,""A"":0,""C"":0}","[0.1144,0.032799999999999996,0.06533333333333334,-0.016266666666666665,0.016266666666666676,-0.06533333333333333,-0.032799999999999996,-0.1144]","7.979727989493313e-11","0"
"horizontal-ideal-plane-negative-X100","horizontal","YZ","ideal","bulk support fixture; real axis slider","{""X"":100,""Y"":0,""Z"":0,""A"":0,""C"":0}","[0.1144,0.032799999999999996,0.06533333333333334,-0.016266666666666665,0.016266666666666676,-0.06533333333333333,-0.032799999999999996,-0.1144]","4.163336342344337e-11","0"
"horizontal-ideal-plane-negative-X100","horizontal","a","ideal","bulk support fixture; real axis slider","{""X"":100,""Y"":0,""Z"":0,""A"":0,""C"":0}","[0.1144,0.032799999999999996,0.06533333333333334,-0.016266666666666665,0.016266666666666676,-0.06533333333333333,-0.032799999999999996,-0.1144]","0","0"
"horizontal-ideal-plane-negative-X100","horizontal","b","ideal","bulk support fixture; real axis slider","{""X"":100,""Y"":0,""Z"":0,""A"":0,""C"":0}","[0.1144,0.032799999999999996,0.06533333333333334,-0.016266666666666665,0.016266666666666676,-0.06533333333333333,-0.032799999999999996,-0.1144]","0","0"
"horizontal-ideal-plane-negative-Y-100","horizontal","XY","ideal","bulk support fixture; real axis slider","{""X"":0,""Y"":-100,""Z"":0,""A"":0,""C"":0}","[0.1144,0.032799999999999996,0.06533333333333334,-0.016266666666666665,0.016266666666666676,-0.06533333333333333,-0.032799999999999996,-0.1144]","2.0990154059319366e-10","0"
"horizontal-ideal-plane-negative-Y-100","horizontal","XZ","ideal","bulk support fixture; real axis slider","{""X"":0,""Y"":-100,""Z"":0,""A"":0,""C"":0}","[0.1144,0.032799999999999996,0.06533333333333334,-0.016266666666666665,0.016266666666666676,-0.06533333333333333,-0.032799999999999996,-0.1144]","1.3530843112619095e-10","0"
"horizontal-ideal-plane-negative-Y-100","horizontal","YZ","ideal","bulk support fixture; real axis slider","{""X"":0,""Y"":-100,""Z"":0,""A"":0,""C"":0}","[0.1144,0.032799999999999996,0.06533333333333334,-0.016266666666666665,0.016266666666666676,-0.06533333333333333,-0.032799999999999996,-0.1144]","4.85722573273506e-10","0"
"horizontal-ideal-plane-negative-Y-100","horizontal","a","ideal","bulk support fixture; real axis slider","{""X"":0,""Y"":-100,""Z"":0,""A"":0,""C"":0}","[0.1144,0.032799999999999996,0.06533333333333334,-0.016266666666666665,0.016266666666666676,-0.06533333333333333,-0.032799999999999996,-0.1144]","0","0"
"horizontal-ideal-plane-negative-Y-100","horizontal","b","ideal","bulk support fixture; real axis slider","{""X"":0,""Y"":-100,""Z"":0,""A"":0,""C"":0}","[0.1144,0.032799999999999996,0.06533333333333334,-0.016266666666666665,0.016266666666666676,-0.06533333333333333,-0.032799999999999996,-0.1144]","0","0"
"horizontal-ideal-plane-negative-Y100","horizontal","XY","ideal","bulk support fixture; real axis slider","{""X"":0,""Y"":100,""Z"":0,""A"":0,""C"":0}","[0.1144,0.032799999999999996,0.06533333333333334,-0.016266666666666665,0.016266666666666676,-0.06533333333333333,-0.032799999999999996,-0.1144]","2.0816681711721685e-10","0"
"horizontal-ideal-plane-negative-Y100","horizontal","XZ","ideal","bulk support fixture; real axis slider","{""X"":0,""Y"":100,""Z"":0,""A"":0,""C"":0}","[0.1144,0.032799999999999996,0.06533333333333334,-0.016266666666666665,0.016266666666666676,-0.06533333333333333,-0.032799999999999996,-0.1144]","1.0755285551056204e-10","0"
"horizontal-ideal-plane-negative-Y100","horizontal","YZ","ideal","bulk support fixture; real axis slider","{""X"":0,""Y"":100,""Z"":0,""A"":0,""C"":0}","[0.1144,0.032799999999999996,0.06533333333333334,-0.016266666666666665,0.016266666666666676,-0.06533333333333333,-0.032799999999999996,-0.1144]","-1.8041124150158794e-10","0"
"horizontal-ideal-plane-negative-Y100","horizontal","a","ideal","bulk support fixture; real axis slider","{""X"":0,""Y"":100,""Z"":0,""A"":0,""C"":0}","[0.1144,0.032799999999999996,0.06533333333333334,-0.016266666666666665,0.016266666666666676,-0.06533333333333333,-0.032799999999999996,-0.1144]","0","0"
"horizontal-ideal-plane-negative-Y100","horizontal","b","ideal","bulk support fixture; real axis slider","{""X"":0,""Y"":100,""Z"":0,""A"":0,""C"":0}","[0.1144,0.032799999999999996,0.06533333333333334,-0.016266666666666665,0.016266666666666676,-0.06533333333333333,-0.032799999999999996,-0.1144]","0","0"
"horizontal-ideal-plane-negative-Z-100","horizontal","XY","ideal","bulk support fixture; real axis slider","{""X"":0,""Y"":0,""Z"":-100,""A"":0,""C"":0}","[0.1144,0.032799999999999996,0.06533333333333334,-0.016266666666666665,0.016266666666666676,-0.06533333333333333,-0.032799999999999996,-0.1144]","2.0816681711721685e-10","0"
"horizontal-ideal-plane-negative-Z-100","horizontal","XZ","ideal","bulk support fixture; real axis slider","{""X"":0,""Y"":0,""Z"":-100,""A"":0,""C"":0}","[0.1144,0.032799999999999996,0.06533333333333334,-0.016266666666666665,0.016266666666666676,-0.06533333333333333,-0.032799999999999996,-0.1144]","2.42861286636753e-11","0"
"horizontal-ideal-plane-negative-Z-100","horizontal","YZ","ideal","bulk support fixture; real axis slider","{""X"":0,""Y"":0,""Z"":-100,""A"":0,""C"":0}","[0.1144,0.032799999999999996,0.06533333333333334,-0.016266666666666665,0.016266666666666676,-0.06533333333333333,-0.032799999999999996,-0.1144]","3.7470027081099033e-10","0"
"horizontal-ideal-plane-negative-Z-100","horizontal","a","ideal","bulk support fixture; real axis slider","{""X"":0,""Y"":0,""Z"":-100,""A"":0,""C"":0}","[0.1144,0.032799999999999996,0.06533333333333334,-0.016266666666666665,0.016266666666666676,-0.06533333333333333,-0.032799999999999996,-0.1144]","0","0"
"horizontal-ideal-plane-negative-Z-100","horizontal","b","ideal","bulk support fixture; real axis slider","{""X"":0,""Y"":0,""Z"":-100,""A"":0,""C"":0}","[0.1144,0.032799999999999996,0.06533333333333334,-0.016266666666666665,0.016266666666666676,-0.06533333333333333,-0.032799999999999996,-0.1144]","0","0"
"horizontal-ideal-plane-negative-Z100","horizontal","XY","ideal","bulk support fixture; real axis slider","{""X"":0,""Y"":0,""Z"":100,""A"":0,""C"":0}","[0.1144,0.032799999999999996,0.06533333333333334,-0.016266666666666665,0.016266666666666676,-0.06533333333333333,-0.032799999999999996,-0.1144]","2.0816681711721685e-10","0"
"horizontal-ideal-plane-negative-Z100","horizontal","XZ","ideal","bulk support fixture; real axis slider","{""X"":0,""Y"":0,""Z"":100,""A"":0,""C"":0}","[0.1144,0.032799999999999996,0.06533333333333334,-0.016266666666666665,0.016266666666666676,-0.06533333333333333,-0.032799999999999996,-0.1144]","2.185751579730777e-10","0"
"horizontal-ideal-plane-negative-Z100","horizontal","YZ","ideal","bulk support fixture; real axis slider","{""X"":0,""Y"":0,""Z"":100,""A"":0,""C"":0}","[0.1144,0.032799999999999996,0.06533333333333334,-0.016266666666666665,0.016266666666666676,-0.06533333333333333,-0.032799999999999996,-0.1144]","1.5265566588595902e-10","0"
"horizontal-ideal-plane-negative-Z100","horizontal","a","ideal","bulk support fixture; real axis slider","{""X"":0,""Y"":0,""Z"":100,""A"":0,""C"":0}","[0.1144,0.032799999999999996,0.06533333333333334,-0.016266666666666665,0.016266666666666676,-0.06533333333333333,-0.032799999999999996,-0.1144]","0","0"
"horizontal-ideal-plane-negative-Z100","horizontal","b","ideal","bulk support fixture; real axis slider","{""X"":0,""Y"":0,""Z"":100,""A"":0,""C"":0}","[0.1144,0.032799999999999996,0.06533333333333334,-0.016266666666666665,0.016266666666666676,-0.06533333333333333,-0.032799999999999996,-0.1144]","0","0"
"horizontal-ideal-posture-.01","horizontal","XY","ideal","known bulk fixture via evaluate","{""X"":0,""Y"":0,""Z"":0,""A"":0,""C"":0}","[0.025024,-0.025024,0.008341333333333334,-0.008341333333333334,-0.008341333333333333,0.008341333333333333,-0.025024,0.025024]","6.552002967714563","7"
"horizontal-ideal-posture-.01","horizontal","XZ","ideal","known bulk fixture via evaluate","{""X"":0,""Y"":0,""Z"":0,""A"":0,""C"":0}","[0.025024,-0.025024,0.008341333333333334,-0.008341333333333334,-0.008341333333333333,0.008341333333333333,-0.025024,0.025024]","-3.960000718531906","-4"
"horizontal-ideal-posture-.01","horizontal","YZ","ideal","known bulk fixture via evaluate","{""X"":0,""Y"":0,""Z"":0,""A"":0,""C"":0}","[0.025024,-0.025024,0.008341333333333334,-0.008341333333333334,-0.008341333333333333,0.008341333333333333,-0.025024,0.025024]","0.00004760824373617467","0"
"horizontal-ideal-posture-.01","horizontal","a","ideal","known bulk fixture via evaluate","{""X"":0,""Y"":0,""Z"":0,""A"":0,""C"":0}","[0.025024,-0.025024,0.008341333333333334,-0.008341333333333334,-0.008341333333333333,0.008341333333333333,-0.025024,0.025024]","-5.669999999700915","-6"
"horizontal-ideal-posture-.01","horizontal","b","ideal","known bulk fixture via evaluate","{""X"":0,""Y"":0,""Z"":0,""A"":0,""C"":0}","[0.025024,-0.025024,0.008341333333333334,-0.008341333333333334,-0.008341333333333333,0.008341333333333333,-0.025024,0.025024]","-0.0006344730140578347","0"
"horizontal-ideal-.01-X-100","horizontal","XY","ideal","bulk support fixture; real axis slider","{""X"":-100,""Y"":0,""Z"":0,""A"":0,""C"":0}","[0.025024,-0.025024,0.008341333333333334,-0.008341333333333334,-0.008341333333333333,0.008341333333333333,-0.025024,0.025024]","6.552013856898214","7"
"horizontal-ideal-.01-X-100","horizontal","XZ","ideal","bulk support fixture; real axis slider","{""X"":-100,""Y"":0,""Z"":0,""A"":0,""C"":0}","[0.025024,-0.025024,0.008341333333333334,-0.008341333333333334,-0.008341333333333333,0.008341333333333333,-0.025024,0.025024]","-3.96000071825435","-4"
"horizontal-ideal-.01-X-100","horizontal","YZ","ideal","bulk support fixture; real axis slider","{""X"":-100,""Y"":0,""Z"":0,""A"":0,""C"":0}","[0.025024,-0.025024,0.008341333333333334,-0.008341333333333334,-0.008341333333333333,0.008341333333333333,-0.025024,0.025024]","1.6500476077725006","2"
"horizontal-ideal-.01-X-100","horizontal","a","ideal","bulk support fixture; real axis slider","{""X"":-100,""Y"":0,""Z"":0,""A"":0,""C"":0}","[0.025024,-0.025024,0.008341333333333334,-0.008341333333333334,-0.008341333333333333,0.008341333333333333,-0.025024,0.025024]","-5.670039995520071","-6"
"horizontal-ideal-.01-X-100","horizontal","b","ideal","bulk support fixture; real axis slider","{""X"":-100,""Y"":0,""Z"":0,""A"":0,""C"":0}","[0.025024,-0.025024,0.008341333333333334,-0.008341333333333334,-0.008341333333333333,0.008341333333333333,-0.025024,0.025024]","-0.0006344827961635158","0"
"horizontal-ideal-.01-X100","horizontal","XY","ideal","bulk support fixture; real axis slider","{""X"":100,""Y"":0,""Z"":0,""A"":0,""C"":0}","[0.025024,-0.025024,0.008341333333333334,-0.008341333333333334,-0.008341333333333333,0.008341333333333333,-0.025024,0.025024]","6.551992077287114","7"
"horizontal-ideal-.01-X100","horizontal","XZ","ideal","bulk support fixture; real axis slider","{""X"":100,""Y"":0,""Z"":0,""A"":0,""C"":0}","[0.025024,-0.025024,0.008341333333333334,-0.008341333333333334,-0.008341333333333333,0.008341333333333333,-0.025024,0.025024]","-3.960000718726195","-4"
"horizontal-ideal-.01-X100","horizontal","YZ","ideal","bulk support fixture; real axis slider","{""X"":100,""Y"":0,""Z"":0,""A"":0,""C"":0}","[0.025024,-0.025024,0.008341333333333334,-0.008341333333333334,-0.008341333333333333,0.008341333333333333,-0.025024,0.025024]","-1.6499523917325871","-2"
"horizontal-ideal-.01-X100","horizontal","a","ideal","bulk support fixture; real axis slider","{""X"":100,""Y"":0,""Z"":0,""A"":0,""C"":0}","[0.025024,-0.025024,0.008341333333333334,-0.008341333333333334,-0.008341333333333333,0.008341333333333333,-0.025024,0.025024]","-5.669960003739511","-6"
"horizontal-ideal-.01-X100","horizontal","b","ideal","bulk support fixture; real axis slider","{""X"":100,""Y"":0,""Z"":0,""A"":0,""C"":0}","[0.025024,-0.025024,0.008341333333333334,-0.008341333333333334,-0.008341333333333333,0.008341333333333333,-0.025024,0.025024]","-0.0006344641166611265","0"
"horizontal-ideal-.01-Y-100","horizontal","XY","ideal","bulk support fixture; real axis slider","{""X"":0,""Y"":-100,""Z"":0,""A"":0,""C"":0}","[0.025024,-0.025024,0.008341333333333334,-0.008341333333333334,-0.008341333333333333,0.008341333333333333,-0.025024,0.025024]","6.552002967298229","7"
"horizontal-ideal-.01-Y-100","horizontal","XZ","ideal","bulk support fixture; real axis slider","{""X"":0,""Y"":-100,""Z"":0,""A"":0,""C"":0}","[0.025024,-0.025024,0.008341333333333334,-0.008341333333333334,-0.008341333333333333,0.008341333333333333,-0.025024,0.025024]","-3.9600007186429282","-4"
"horizontal-ideal-.01-Y-100","horizontal","YZ","ideal","bulk support fixture; real axis slider","{""X"":0,""Y"":-100,""Z"":0,""A"":0,""C"":0}","[0.025024,-0.025024,0.008341333333333334,-0.008341333333333334,-0.008341333333333333,0.008341333333333333,-0.025024,0.025024]","0.00004760824373617467","0"
"horizontal-ideal-.01-Y-100","horizontal","a","ideal","bulk support fixture; real axis slider","{""X"":0,""Y"":-100,""Z"":0,""A"":0,""C"":0}","[0.025024,-0.025024,0.008341333333333334,-0.008341333333333334,-0.008341333333333333,0.008341333333333333,-0.025024,0.025024]","-4.769999999758301","-5"
"horizontal-ideal-.01-Y-100","horizontal","b","ideal","bulk support fixture; real axis slider","{""X"":0,""Y"":-100,""Z"":0,""A"":0,""C"":0}","[0.025024,-0.025024,0.008341333333333334,-0.008341333333333334,-0.008341333333333333,0.008341333333333333,-0.025024,0.025024]","-0.00044790302543284977","0"
"horizontal-ideal-.01-Y100","horizontal","XY","ideal","bulk support fixture; real axis slider","{""X"":0,""Y"":100,""Z"":0,""A"":0,""C"":0}","[0.025024,-0.025024,0.008341333333333334,-0.008341333333333334,-0.008341333333333333,0.008341333333333333,-0.025024,0.025024]","6.552002967714563","7"
"horizontal-ideal-.01-Y100","horizontal","XZ","ideal","bulk support fixture; real axis slider","{""X"":0,""Y"":100,""Z"":0,""A"":0,""C"":0}","[0.025024,-0.025024,0.008341333333333334,-0.008341333333333334,-0.008341333333333333,0.008341333333333333,-0.025024,0.025024]","-3.960000718975995","-4"
"horizontal-ideal-.01-Y100","horizontal","YZ","ideal","bulk support fixture; real axis slider","{""X"":0,""Y"":100,""Z"":0,""A"":0,""C"":0}","[0.025024,-0.025024,0.008341333333333334,-0.008341333333333334,-0.008341333333333333,0.008341333333333333,-0.025024,0.025024]","0.00004760824373617467","0"
"horizontal-ideal-.01-Y100","horizontal","a","ideal","bulk support fixture; real axis slider","{""X"":0,""Y"":100,""Z"":0,""A"":0,""C"":0}","[0.025024,-0.025024,0.008341333333333334,-0.008341333333333334,-0.008341333333333333,0.008341333333333333,-0.025024,0.025024]","-6.569999999660875","-7"
"horizontal-ideal-.01-Y100","horizontal","b","ideal","bulk support fixture; real axis slider","{""X"":0,""Y"":100,""Z"":0,""A"":0,""C"":0}","[0.025024,-0.025024,0.008341333333333334,-0.008341333333333334,-0.008341333333333333,0.008341333333333333,-0.025024,0.025024]","-0.0008534434495915955","0"
"horizontal-ideal-.01-Z-100","horizontal","XY","ideal","bulk support fixture; real axis slider","{""X"":0,""Y"":0,""Z"":-100,""A"":0,""C"":0}","[0.025024,-0.025024,0.008341333333333334,-0.008341333333333334,-0.008341333333333333,0.008341333333333333,-0.025024,0.025024]","7.902002965878147","8"
"horizontal-ideal-.01-Z-100","horizontal","XZ","ideal","bulk support fixture; real axis slider","{""X"":0,""Y"":0,""Z"":-100,""A"":0,""C"":0}","[0.025024,-0.025024,0.008341333333333334,-0.008341333333333334,-0.008341333333333333,0.008341333333333333,-0.025024,0.025024]","-3.9600007180323056","-4"
"horizontal-ideal-.01-Z-100","horizontal","YZ","ideal","bulk support fixture; real axis slider","{""X"":0,""Y"":0,""Z"":-100,""A"":0,""C"":0}","[0.025024,-0.025024,0.008341333333333334,-0.008341333333333334,-0.008341333333333333,0.008341333333333333,-0.025024,0.025024]","0.00005651844964260633","0"
"horizontal-ideal-.01-Z-100","horizontal","a","ideal","bulk support fixture; real axis slider","{""X"":0,""Y"":0,""Z"":-100,""A"":0,""C"":0}","[0.025024,-0.025024,0.008341333333333334,-0.008341333333333334,-0.008341333333333333,0.008341333333333333,-0.025024,0.025024]","-5.669999999239478","-6"
"horizontal-ideal-.01-Z-100","horizontal","b","ideal","bulk support fixture; real axis slider","{""X"":0,""Y"":0,""Z"":-100,""A"":0,""C"":0}","[0.025024,-0.025024,0.008341333333333334,-0.008341333333333334,-0.008341333333333333,0.008341333333333333,-0.025024,0.025024]","-0.0006344730192620052","0"
"horizontal-ideal-.01-Z100","horizontal","XY","ideal","bulk support fixture; real axis slider","{""X"":0,""Y"":0,""Z"":100,""A"":0,""C"":0}","[0.025024,-0.025024,0.008341333333333334,-0.008341333333333334,-0.008341333333333333,0.008341333333333333,-0.025024,0.025024]","5.202002968515348","5"
"horizontal-ideal-.01-Z100","horizontal","XZ","ideal","bulk support fixture; real axis slider","{""X"":0,""Y"":0,""Z"":100,""A"":0,""C"":0}","[0.025024,-0.025024,0.008341333333333334,-0.008341333333333334,-0.008341333333333333,0.008341333333333333,-0.025024,0.025024]","-3.9600007187452766","-4"
"horizontal-ideal-.01-Z100","horizontal","YZ","ideal","bulk support fixture; real axis slider","{""X"":0,""Y"":0,""Z"":100,""A"":0,""C"":0}","[0.025024,-0.025024,0.008341333333333334,-0.008341333333333334,-0.008341333333333333,0.008341333333333333,-0.025024,0.025024]","0.000044638173365973977","0"
"horizontal-ideal-.01-Z100","horizontal","a","ideal","bulk support fixture; real axis slider","{""X"":0,""Y"":0,""Z"":100,""A"":0,""C"":0}","[0.025024,-0.025024,0.008341333333333334,-0.008341333333333334,-0.008341333333333333,0.008341333333333333,-0.025024,0.025024]","-5.669999999811937","-6"
"horizontal-ideal-.01-Z100","horizontal","b","ideal","bulk support fixture; real axis slider","{""X"":0,""Y"":0,""Z"":100,""A"":0,""C"":0}","[0.025024,-0.025024,0.008341333333333334,-0.008341333333333334,-0.008341333333333333,0.008341333333333333,-0.025024,0.025024]","-0.0006344730192620052","0"
"horizontal-ideal-posture--.01","horizontal","XY","ideal","known bulk fixture via evaluate","{""X"":0,""Y"":0,""Z"":0,""A"":0,""C"":0}","[-0.025024,0.025024,-0.008341333333333334,0.008341333333333334,0.008341333333333333,-0.008341333333333333,0.025024,-0.025024]","-6.551997027377798","-7"
"horizontal-ideal-posture--.01","horizontal","XZ","ideal","known bulk fixture via evaluate","{""X"":0,""Y"":0,""Z"":0,""A"":0,""C"":0}","[-0.025024,0.025024,-0.008341333333333334,0.008341333333333334,0.008341333333333333,-0.008341333333333333,0.025024,-0.025024]","3.959999278220494","4"
"horizontal-ideal-posture--.01","horizontal","YZ","ideal","known bulk fixture via evaluate","{""X"":0,""Y"":0,""Z"":0,""A"":0,""C"":0}","[-0.025024,0.025024,-0.008341333333333334,0.008341333333333334,0.008341333333333333,-0.008341333333333333,0.025024,-0.025024]","0.00004760824373617467","0"
"horizontal-ideal-posture--.01","horizontal","a","ideal","known bulk fixture via evaluate","{""X"":0,""Y"":0,""Z"":0,""A"":0,""C"":0}","[-0.025024,0.025024,-0.008341333333333334,0.008341333333333334,0.008341333333333333,-0.008341333333333333,0.025024,-0.025024]","5.669999999721731","6"
"horizontal-ideal-posture--.01","horizontal","b","ideal","known bulk fixture via evaluate","{""X"":0,""Y"":0,""Z"":0,""A"":0,""C"":0}","[-0.025024,0.025024,-0.008341333333333334,0.008341333333333334,0.008341333333333333,-0.008341333333333333,0.025024,-0.025024]","-0.0006344730140578347","0"
"horizontal-ideal--.01-X-100","horizontal","XY","ideal","bulk support fixture; real axis slider","{""X"":-100,""Y"":0,""Z"":0,""A"":0,""C"":0}","[-0.025024,0.025024,-0.008341333333333334,0.008341333333333334,0.008341333333333333,-0.008341333333333333,0.025024,-0.025024]","-6.551986137146374","-7"
"horizontal-ideal--.01-X-100","horizontal","XZ","ideal","bulk support fixture; real axis slider","{""X"":-100,""Y"":0,""Z"":0,""A"":0,""C"":0}","[-0.025024,0.025024,-0.008341333333333334,0.008341333333333334,0.008341333333333333,-0.008341333333333333,0.025024,-0.025024]","3.9599992788588723","4"
"horizontal-ideal--.01-X-100","horizontal","YZ","ideal","bulk support fixture; real axis slider","{""X"":-100,""Y"":0,""Z"":0,""A"":0,""C"":0}","[-0.025024,0.025024,-0.008341333333333334,0.008341333333333334,0.008341333333333333,-0.008341333333333333,0.025024,-0.025024]","-1.6499523917325871","-2"
"horizontal-ideal--.01-X-100","horizontal","a","ideal","bulk support fixture; real axis slider","{""X"":-100,""Y"":0,""Z"":0,""A"":0,""C"":0}","[-0.025024,0.025024,-0.008341333333333334,0.008341333333333334,0.008341333333333333,-0.008341333333333333,0.025024,-0.025024]","5.66996000374298","6"
"horizontal-ideal--.01-X-100","horizontal","b","ideal","bulk support fixture; real axis slider","{""X"":-100,""Y"":0,""Z"":0,""A"":0,""C"":0}","[-0.025024,0.025024,-0.008341333333333334,0.008341333333333334,0.008341333333333333,-0.008341333333333333,0.025024,-0.025024]","-0.0006344641166611265","0"
"horizontal-ideal--.01-X100","horizontal","XY","ideal","bulk support fixture; real axis slider","{""X"":100,""Y"":0,""Z"":0,""A"":0,""C"":0}","[-0.025024,0.025024,-0.008341333333333334,0.008341333333333334,0.008341333333333333,-0.008341333333333333,0.025024,-0.025024]","-6.552007916812985","-7"
"horizontal-ideal--.01-X100","horizontal","XZ","ideal","bulk support fixture; real axis slider","{""X"":100,""Y"":0,""Z"":0,""A"":0,""C"":0}","[-0.025024,0.025024,-0.008341333333333334,0.008341333333333334,0.008341333333333333,-0.008341333333333333,0.025024,-0.025024]","3.959999278220494","4"
"horizontal-ideal--.01-X100","horizontal","YZ","ideal","bulk support fixture; real axis slider","{""X"":100,""Y"":0,""Z"":0,""A"":0,""C"":0}","[-0.025024,0.025024,-0.008341333333333334,0.008341333333333334,0.008341333333333333,-0.008341333333333333,0.025024,-0.025024]","1.6500476077725006","2"
"horizontal-ideal--.01-X100","horizontal","a","ideal","bulk support fixture; real axis slider","{""X"":100,""Y"":0,""Z"":0,""A"":0,""C"":0}","[-0.025024,0.025024,-0.008341333333333334,0.008341333333333334,0.008341333333333333,-0.008341333333333333,0.025024,-0.025024]","5.670039995516602","6"
"horizontal-ideal--.01-X100","horizontal","b","ideal","bulk support fixture; real axis slider","{""X"":100,""Y"":0,""Z"":0,""A"":0,""C"":0}","[-0.025024,0.025024,-0.008341333333333334,0.008341333333333334,0.008341333333333333,-0.008341333333333333,0.025024,-0.025024]","-0.0006344827961635158","0"
"horizontal-ideal--.01-Y-100","horizontal","XY","ideal","bulk support fixture; real axis slider","{""X"":0,""Y"":-100,""Z"":0,""A"":0,""C"":0}","[-0.025024,0.025024,-0.008341333333333334,0.008341333333333334,0.008341333333333333,-0.008341333333333333,0.025024,-0.025024]","-6.551997026961464","-7"
"horizontal-ideal--.01-Y-100","horizontal","XZ","ideal","bulk support fixture; real axis slider","{""X"":0,""Y"":-100,""Z"":0,""A"":0,""C"":0}","[-0.025024,0.025024,-0.008341333333333334,0.008341333333333334,0.008341333333333333,-0.008341333333333333,0.025024,-0.025024]","3.9599992783315163","4"
"horizontal-ideal--.01-Y-100","horizontal","YZ","ideal","bulk support fixture; real axis slider","{""X"":0,""Y"":-100,""Z"":0,""A"":0,""C"":0}","[-0.025024,0.025024,-0.008341333333333334,0.008341333333333334,0.008341333333333333,-0.008341333333333333,0.025024,-0.025024]","0.00004760824373617467","0"
"horizontal-ideal--.01-Y-100","horizontal","a","ideal","bulk support fixture; real axis slider","{""X"":0,""Y"":-100,""Z"":0,""A"":0,""C"":0}","[-0.025024,0.025024,-0.008341333333333334,0.008341333333333334,0.008341333333333333,-0.008341333333333333,0.025024,-0.025024]","4.769999999758301","5"
"horizontal-ideal--.01-Y-100","horizontal","b","ideal","bulk support fixture; real axis slider","{""X"":0,""Y"":-100,""Z"":0,""A"":0,""C"":0}","[-0.025024,0.025024,-0.008341333333333334,0.008341333333333334,0.008341333333333333,-0.008341333333333333,0.025024,-0.025024]","-0.00044790302543284977","0"
"horizontal-ideal--.01-Y100","horizontal","XY","ideal","bulk support fixture; real axis slider","{""X"":0,""Y"":100,""Z"":0,""A"":0,""C"":0}","[-0.025024,0.025024,-0.008341333333333334,0.008341333333333334,0.008341333333333333,-0.008341333333333333,0.025024,-0.025024]","-6.551997027377798","-7"
"horizontal-ideal--.01-Y100","horizontal","XZ","ideal","bulk support fixture; real axis slider","{""X"":0,""Y"":100,""Z"":0,""A"":0,""C"":0}","[-0.025024,0.025024,-0.008341333333333334,0.008341333333333334,0.008341333333333333,-0.008341333333333333,0.025024,-0.025024]","3.9599992786645832","4"
"horizontal-ideal--.01-Y100","horizontal","YZ","ideal","bulk support fixture; real axis slider","{""X"":0,""Y"":100,""Z"":0,""A"":0,""C"":0}","[-0.025024,0.025024,-0.008341333333333334,0.008341333333333334,0.008341333333333333,-0.008341333333333333,0.025024,-0.025024]","0.00004760824373617467","0"
"horizontal-ideal--.01-Y100","horizontal","a","ideal","bulk support fixture; real axis slider","{""X"":0,""Y"":100,""Z"":0,""A"":0,""C"":0}","[-0.025024,0.025024,-0.008341333333333334,0.008341333333333334,0.008341333333333333,-0.008341333333333333,0.025024,-0.025024]","6.569999999671284","7"
"horizontal-ideal--.01-Y100","horizontal","b","ideal","bulk support fixture; real axis slider","{""X"":0,""Y"":100,""Z"":0,""A"":0,""C"":0}","[-0.025024,0.025024,-0.008341333333333334,0.008341333333333334,0.008341333333333333,-0.008341333333333333,0.025024,-0.025024]","-0.0008534434495915955","0"
"horizontal-ideal--.01-Z-100","horizontal","XY","ideal","bulk support fixture; real axis slider","{""X"":0,""Y"":0,""Z"":-100,""A"":0,""C"":0}","[-0.025024,0.025024,-0.008341333333333334,0.008341333333333334,0.008341333333333333,-0.008341333333333333,0.025024,-0.025024]","-7.901997025796387","-8"
"horizontal-ideal--.01-Z-100","horizontal","XZ","ideal","bulk support fixture; real axis slider","{""X"":0,""Y"":0,""Z"":-100,""A"":0,""C"":0}","[-0.025024,0.025024,-0.008341333333333334,0.008341333333333334,0.008341333333333333,-0.008341333333333333,0.025024,-0.025024]","3.959999277568238","4"
"horizontal-ideal--.01-Z-100","horizontal","YZ","ideal","bulk support fixture; real axis slider","{""X"":0,""Y"":0,""Z"":-100,""A"":0,""C"":0}","[-0.025024,0.025024,-0.008341333333333334,0.008341333333333334,0.008341333333333333,-0.008341333333333333,0.025024,-0.025024]","0.00005651844964260633","0"
"horizontal-ideal--.01-Z-100","horizontal","a","ideal","bulk support fixture; real axis slider","{""X"":0,""Y"":0,""Z"":-100,""A"":0,""C"":0}","[-0.025024,0.025024,-0.008341333333333334,0.008341333333333334,0.008341333333333333,-0.008341333333333333,0.025024,-0.025024]","5.669999999236008","6"
"horizontal-ideal--.01-Z-100","horizontal","b","ideal","bulk support fixture; real axis slider","{""X"":0,""Y"":0,""Z"":-100,""A"":0,""C"":0}","[-0.025024,0.025024,-0.008341333333333334,0.008341333333333334,0.008341333333333333,-0.008341333333333333,0.025024,-0.025024]","-0.0006344730192620052","0"
"horizontal-ideal--.01-Z100","horizontal","XY","ideal","bulk support fixture; real axis slider","{""X"":0,""Y"":0,""Z"":100,""A"":0,""C"":0}","[-0.025024,0.025024,-0.008341333333333334,0.008341333333333334,0.008341333333333333,-0.008341333333333333,0.025024,-0.025024]","-5.201997028430119","-5"
"horizontal-ideal--.01-Z100","horizontal","XZ","ideal","bulk support fixture; real axis slider","{""X"":0,""Y"":0,""Z"":100,""A"":0,""C"":0}","[-0.025024,0.025024,-0.008341333333333334,0.008341333333333334,0.008341333333333333,-0.008341333333333333,0.025024,-0.025024]","3.9599992783922318","4"
"horizontal-ideal--.01-Z100","horizontal","YZ","ideal","bulk support fixture; real axis slider","{""X"":0,""Y"":0,""Z"":100,""A"":0,""C"":0}","[-0.025024,0.025024,-0.008341333333333334,0.008341333333333334,0.008341333333333333,-0.008341333333333333,0.025024,-0.025024]","0.000044638173365973977","0"
"horizontal-ideal--.01-Z100","horizontal","a","ideal","bulk support fixture; real axis slider","{""X"":0,""Y"":0,""Z"":100,""A"":0,""C"":0}","[-0.025024,0.025024,-0.008341333333333334,0.008341333333333334,0.008341333333333333,-0.008341333333333333,0.025024,-0.025024]","5.669999999808467","6"
"horizontal-ideal--.01-Z100","horizontal","b","ideal","bulk support fixture; real axis slider","{""X"":0,""Y"":0,""Z"":100,""A"":0,""C"":0}","[-0.025024,0.025024,-0.008341333333333334,0.008341333333333334,0.008341333333333333,-0.008341333333333333,0.025024,-0.025024]","-0.0006344730192620052","0"
"horizontal-ideal-posture-.05","horizontal","XY","ideal","known bulk fixture via evaluate","{""X"":0,""Y"":0,""Z"":0,""A"":0,""C"":0}","[0.12512,-0.12512,0.04170666666666668,-0.04170666666666668,-0.041706666666666656,0.041706666666666656,-0.12512,0.12512]","32.76007388910117","33"
"horizontal-ideal-posture-.05","horizontal","XZ","ideal","known bulk fixture via evaluate","{""X"":0,""Y"":0,""Z"":0,""A"":0,""C"":0}","[0.12512,-0.12512,0.04170666666666668,-0.04170666666666668,-0.041706666666666656,0.041706666666666656,-0.12512,0.12512]","-19.800017823147844","-20"
"horizontal-ideal-posture-.05","horizontal","YZ","ideal","known bulk fixture via evaluate","{""X"":0,""Y"":0,""Z"":0,""A"":0,""C"":0}","[0.12512,-0.12512,0.04170666666666668,-0.04170666666666668,-0.041706666666666656,0.041706666666666656,-0.12512,0.12512]","0.0011902051497147959","0"
"horizontal-ideal-posture-.05","horizontal","a","ideal","known bulk fixture via evaluate","{""X"":0,""Y"":0,""Z"":0,""A"":0,""C"":0}","[0.12512,-0.12512,0.04170666666666668,-0.04170666666666668,-0.041706666666666656,0.041706666666666656,-0.12512,0.12512]","-28.349999963681732","-28"
"horizontal-ideal-posture-.05","horizontal","b","ideal","known bulk fixture via evaluate","{""X"":0,""Y"":0,""Z"":0,""A"":0,""C"":0}","[0.12512,-0.12512,0.04170666666666668,-0.04170666666666668,-0.041706666666666656,0.041706666666666656,-0.12512,0.12512]","-0.015861830279795264","0"
"horizontal-ideal-.05-X-100","horizontal","XY","ideal","bulk support fixture; real axis slider","{""X"":-100,""Y"":0,""Z"":0,""A"":0,""C"":0}","[0.12512,-0.12512,0.04170666666666668,-0.04170666666666668,-0.041706666666666656,0.041706666666666656,-0.12512,0.12512]","32.76034611578681","33"
"horizontal-ideal-.05-X-100","horizontal","XZ","ideal","bulk support fixture; real axis slider","{""X"":-100,""Y"":0,""Z"":0,""A"":0,""C"":0}","[0.12512,-0.12512,0.04170666666666668,-0.04170666666666668,-0.041706666666666656,0.041706666666666656,-0.12512,0.12512]","-19.800017819426863","-20"
"horizontal-ideal-.05-X-100","horizontal","YZ","ideal","bulk support fixture; real axis slider","{""X"":-100,""Y"":0,""Z"":0,""A"":0,""C"":0}","[0.12512,-0.12512,0.04170666666666668,-0.04170666666666668,-0.041706666666666656,0.041706666666666656,-0.12512,0.12512]","8.251190184476592","8"
"horizontal-ideal-.05-X-100","horizontal","a","ideal","bulk support fixture; real axis slider","{""X"":-100,""Y"":0,""Z"":0,""A"":0,""C"":0}","[0.12512,-0.12512,0.04170666666666668,-0.04170666666666668,-0.041706666666666656,0.041706666666666656,-0.12512,0.12512]","-28.350999852856663","-28"
"horizontal-ideal-.05-X-100","horizontal","b","ideal","bulk support fixture; real axis slider","{""X"":-100,""Y"":0,""Z"":0,""A"":0,""C"":0}","[0.12512,-0.12512,0.04170666666666668,-0.04170666666666668,-0.041706666666666656,0.041706666666666656,-0.12512,0.12512]","-0.015862983175282674","0"
"horizontal-ideal-.05-X100","horizontal","XY","ideal","bulk support fixture; real axis slider","{""X"":100,""Y"":0,""Z"":0,""A"":0,""C"":0}","[0.12512,-0.12512,0.04170666666666668,-0.04170666666666668,-0.041706666666666656,0.041706666666666656,-0.12512,0.12512]","32.75980161602209","33"
"horizontal-ideal-.05-X100","horizontal","XZ","ideal","bulk support fixture; real axis slider","{""X"":100,""Y"":0,""Z"":0,""A"":0,""C"":0}","[0.12512,-0.12512,0.04170666666666668,-0.04170666666666668,-0.041706666666666656,0.041706666666666656,-0.12512,0.12512]","-19.800017818538684","-20"
"horizontal-ideal-.05-X100","horizontal","YZ","ideal","bulk support fixture; real axis slider","{""X"":100,""Y"":0,""Z"":0,""A"":0,""C"":0}","[0.12512,-0.12512,0.04170666666666668,-0.04170666666666668,-0.041706666666666656,0.041706666666666656,-0.12512,0.12512]","-8.248809773840627","-8"
"horizontal-ideal-.05-X100","horizontal","a","ideal","bulk support fixture; real axis slider","{""X"":100,""Y"":0,""Z"":0,""A"":0,""C"":0}","[0.12512,-0.12512,0.04170666666666668,-0.04170666666666668,-0.041706666666666656,0.041706666666666656,-0.12512,0.12512]","-28.349000052954597","-28"
"horizontal-ideal-.05-X100","horizontal","b","ideal","bulk support fixture; real axis slider","{""X"":100,""Y"":0,""Z"":0,""A"":0,""C"":0}","[0.12512,-0.12512,0.04170666666666668,-0.04170666666666668,-0.041706666666666656,0.041706666666666656,-0.12512,0.12512]","-0.015860676947157537","0"
"horizontal-ideal-.05-Y-100","horizontal","XY","ideal","bulk support fixture; real axis slider","{""X"":0,""Y"":-100,""Z"":0,""A"":0,""C"":0}","[0.12512,-0.12512,0.04170666666666668,-0.04170666666666668,-0.041706666666666656,0.041706666666666656,-0.12512,0.12512]","32.7600738892677","33"
"horizontal-ideal-.05-Y-100","horizontal","XZ","ideal","bulk support fixture; real axis slider","{""X"":0,""Y"":-100,""Z"":0,""A"":0,""C"":0}","[0.12512,-0.12512,0.04170666666666668,-0.04170666666666668,-0.041706666666666656,0.041706666666666656,-0.12512,0.12512]","-19.8000178231756","-20"
"horizontal-ideal-.05-Y-100","horizontal","YZ","ideal","bulk support fixture; real axis slider","{""X"":0,""Y"":-100,""Z"":0,""A"":0,""C"":0}","[0.12512,-0.12512,0.04170666666666668,-0.04170666666666668,-0.041706666666666656,0.041706666666666656,-0.12512,0.12512]","0.0011902051497147959","0"
"horizontal-ideal-.05-Y-100","horizontal","a","ideal","bulk support fixture; real axis slider","{""X"":0,""Y"":-100,""Z"":0,""A"":0,""C"":0}","[0.12512,-0.12512,0.04170666666666668,-0.04170666666666668,-0.041706666666666656,0.041706666666666656,-0.12512,0.12512]","-23.849999969446923","-24"
"horizontal-ideal-.05-Y-100","horizontal","b","ideal","bulk support fixture; real axis slider","{""X"":0,""Y"":-100,""Z"":0,""A"":0,""C"":0}","[0.12512,-0.12512,0.04170666666666668,-0.04170666666666668,-0.041706666666666656,0.041706666666666656,-0.12512,0.12512]","-0.01119757769493801","0"
"horizontal-ideal-.05-Y100","horizontal","XY","ideal","bulk support fixture; real axis slider","{""X"":0,""Y"":100,""Z"":0,""A"":0,""C"":0}","[0.12512,-0.12512,0.04170666666666668,-0.04170666666666668,-0.041706666666666656,0.041706666666666656,-0.12512,0.12512]","32.76007388910117","33"
"horizontal-ideal-.05-Y100","horizontal","XZ","ideal","bulk support fixture; real axis slider","{""X"":0,""Y"":100,""Z"":0,""A"":0,""C"":0}","[0.12512,-0.12512,0.04170666666666668,-0.04170666666666668,-0.041706666666666656,0.041706666666666656,-0.12512,0.12512]","-19.800017823147844","-20"
"horizontal-ideal-.05-Y100","horizontal","YZ","ideal","bulk support fixture; real axis slider","{""X"":0,""Y"":100,""Z"":0,""A"":0,""C"":0}","[0.12512,-0.12512,0.04170666666666668,-0.04170666666666668,-0.041706666666666656,0.041706666666666656,-0.12512,0.12512]","0.001190204927670191","0"
"horizontal-ideal-.05-Y100","horizontal","a","ideal","bulk support fixture; real axis slider","{""X"":0,""Y"":100,""Z"":0,""A"":0,""C"":0}","[0.12512,-0.12512,0.04170666666666668,-0.04170666666666668,-0.041706666666666656,0.041706666666666656,-0.12512,0.12512]","-32.84999995792001","-33"
"horizontal-ideal-.05-Y100","horizontal","b","ideal","bulk support fixture; real axis slider","{""X"":0,""Y"":100,""Z"":0,""A"":0,""C"":0}","[0.12512,-0.12512,0.04170666666666668,-0.04170666666666668,-0.041706666666666656,0.041706666666666656,-0.12512,0.12512]","-0.021336083982914644","0"
"horizontal-ideal-.05-Z-100","horizontal","XY","ideal","bulk support fixture; real axis slider","{""X"":0,""Y"":0,""Z"":-100,""A"":0,""C"":0}","[0.12512,-0.12512,0.04170666666666668,-0.04170666666666668,-0.041706666666666656,0.041706666666666656,-0.12512,0.12512]","39.51007370726727","40"
"horizontal-ideal-.05-Z-100","horizontal","XZ","ideal","bulk support fixture; real axis slider","{""X"":0,""Y"":0,""Z"":-100,""A"":0,""C"":0}","[0.12512,-0.12512,0.04170666666666668,-0.04170666666666668,-0.041706666666666656,0.041706666666666656,-0.12512,0.12512]","-19.800017750639874","-20"
"horizontal-ideal-.05-Z-100","horizontal","YZ","ideal","bulk support fixture; real axis slider","{""X"":0,""Y"":0,""Z"":-100,""A"":0,""C"":0}","[0.12512,-0.12512,0.04170666666666668,-0.04170666666666668,-0.041706666666666656,0.041706666666666656,-0.12512,0.12512]","0.0014129551851455036","0"
"horizontal-ideal-.05-Z-100","horizontal","a","ideal","bulk support fixture; real axis slider","{""X"":0,""Y"":0,""Z"":-100,""A"":0,""C"":0}","[0.12512,-0.12512,0.04170666666666668,-0.04170666666666668,-0.041706666666666656,0.041706666666666656,-0.12512,0.12512]","-28.349999904683788","-28"
"horizontal-ideal-.05-Z-100","horizontal","b","ideal","bulk support fixture; real axis slider","{""X"":0,""Y"":0,""Z"":-100,""A"":0,""C"":0}","[0.12512,-0.12512,0.04170666666666668,-0.04170666666666668,-0.041706666666666656,0.041706666666666656,-0.12512,0.12512]","-0.015861829771521285","0"
"horizontal-ideal-.05-Z100","horizontal","XY","ideal","bulk support fixture; real axis slider","{""X"":0,""Y"":0,""Z"":100,""A"":0,""C"":0}","[0.12512,-0.12512,0.04170666666666668,-0.04170666666666668,-0.041706666666666656,0.041706666666666656,-0.12512,0.12512]","26.010074020463293","26"
"horizontal-ideal-.05-Z100","horizontal","XZ","ideal","bulk support fixture; real axis slider","{""X"":0,""Y"":0,""Z"":100,""A"":0,""C"":0}","[0.12512,-0.12512,0.04170666666666668,-0.04170666666666668,-0.041706666666666656,0.041706666666666656,-0.12512,0.12512]","-19.800017842909813","-20"
"horizontal-ideal-.05-Z100","horizontal","YZ","ideal","bulk support fixture; real axis slider","{""X"":0,""Y"":0,""Z"":100,""A"":0,""C"":0}","[0.12512,-0.12512,0.04170666666666668,-0.04170666666666668,-0.041706666666666656,0.041706666666666656,-0.12512,0.12512]","0.0011159552119194283","0"
"horizontal-ideal-.05-Z100","horizontal","a","ideal","bulk support fixture; real axis slider","{""X"":0,""Y"":0,""Z"":100,""A"":0,""C"":0}","[0.12512,-0.12512,0.04170666666666668,-0.04170666666666668,-0.041706666666666656,0.041706666666666656,-0.12512,0.12512]","-28.34999997696798","-28"
"horizontal-ideal-.05-Z100","horizontal","b","ideal","bulk support fixture; real axis slider","{""X"":0,""Y"":0,""Z"":100,""A"":0,""C"":0}","[0.12512,-0.12512,0.04170666666666668,-0.04170666666666668,-0.041706666666666656,0.041706666666666656,-0.12512,0.12512]","-0.01586182984958384","0"
"horizontal-ideal-posture--.05","horizontal","XY","ideal","known bulk fixture via evaluate","{""X"":0,""Y"":0,""Z"":0,""A"":0,""C"":0}","[-0.12512,0.12512,-0.04170666666666668,0.04170666666666668,0.041706666666666656,-0.041706666666666656,0.12512,-0.12512]","-32.759925389745995","-33"
"horizontal-ideal-posture--.05","horizontal","XZ","ideal","known bulk fixture via evaluate","{""X"":0,""Y"":0,""Z"":0,""A"":0,""C"":0}","[-0.12512,0.12512,-0.04170666666666668,0.04170666666666668,0.041706666666666656,-0.041706666666666656,0.12512,-0.12512]","19.7999818219146","20"
"horizontal-ideal-posture--.05","horizontal","YZ","ideal","known bulk fixture via evaluate","{""X"":0,""Y"":0,""Z"":0,""A"":0,""C"":0}","[-0.12512,0.12512,-0.04170666666666668,0.04170666666666668,0.041706666666666656,-0.041706666666666656,0.12512,-0.12512]","0.0011902051497147959","0"
"horizontal-ideal-posture--.05","horizontal","a","ideal","known bulk fixture via evaluate","{""X"":0,""Y"":0,""Z"":0,""A"":0,""C"":0}","[-0.12512,0.12512,-0.04170666666666668,0.04170666666666668,0.041706666666666656,-0.041706666666666656,0.12512,-0.12512]","28.349999963678265","28"
"horizontal-ideal-posture--.05","horizontal","b","ideal","known bulk fixture via evaluate","{""X"":0,""Y"":0,""Z"":0,""A"":0,""C"":0}","[-0.12512,0.12512,-0.04170666666666668,0.04170666666666668,0.041706666666666656,-0.041706666666666656,0.12512,-0.12512]","-0.015861830279795264","0"
"horizontal-ideal--.05-X-100","horizontal","XY","ideal","bulk support fixture; real axis slider","{""X"":-100,""Y"":0,""Z"":0,""A"":0,""C"":0}","[-0.12512,0.12512,-0.04170666666666668,0.04170666666666668,0.041706666666666656,-0.041706666666666656,0.12512,-0.12512]","-32.759653115199335","-33"
"horizontal-ideal--.05-X-100","horizontal","XZ","ideal","bulk support fixture; real axis slider","{""X"":-100,""Y"":0,""Z"":0,""A"":0,""C"":0}","[-0.12512,0.12512,-0.04170666666666668,0.04170666666666668,0.041706666666666656,-0.041706666666666656,0.12512,-0.12512]","19.799981818642912","20"
"horizontal-ideal--.05-X-100","horizontal","YZ","ideal","bulk support fixture; real axis slider","{""X"":-100,""Y"":0,""Z"":0,""A"":0,""C"":0}","[-0.12512,0.12512,-0.04170666666666668,0.04170666666666668,0.041706666666666656,-0.041706666666666656,0.12512,-0.12512]","-8.248809773840627","-8"
"horizontal-ideal--.05-X-100","horizontal","a","ideal","bulk support fixture; real axis slider","{""X"":-100,""Y"":0,""Z"":0,""A"":0,""C"":0}","[-0.12512,0.12512,-0.04170666666666668,0.04170666666666668,0.041706666666666656,-0.041706666666666656,0.12512,-0.12512]","28.349000052968478","28"
"horizontal-ideal--.05-X-100","horizontal","b","ideal","bulk support fixture; real axis slider","{""X"":-100,""Y"":0,""Z"":0,""A"":0,""C"":0}","[-0.12512,0.12512,-0.04170666666666668,0.04170666666666668,0.041706666666666656,-0.041706666666666656,0.12512,-0.12512]","-0.015860676947157537","0"
"horizontal-ideal--.05-X100","horizontal","XY","ideal","bulk support fixture; real axis slider","{""X"":100,""Y"":0,""Z"":0,""A"":0,""C"":0}","[-0.12512,0.12512,-0.04170666666666668,0.04170666666666668,0.041706666666666656,-0.041706666666666656,0.12512,-0.12512]","-32.76019761588172","-33"
"horizontal-ideal--.05-X100","horizontal","XZ","ideal","bulk support fixture; real axis slider","{""X"":100,""Y"":0,""Z"":0,""A"":0,""C"":0}","[-0.12512,0.12512,-0.04170666666666668,0.04170666666666668,0.041706666666666656,-0.041706666666666656,0.12512,-0.12512]","19.799981819558845","20"
"horizontal-ideal--.05-X100","horizontal","YZ","ideal","bulk support fixture; real axis slider","{""X"":100,""Y"":0,""Z"":0,""A"":0,""C"":0}","[-0.12512,0.12512,-0.04170666666666668,0.04170666666666668,0.041706666666666656,-0.041706666666666656,0.12512,-0.12512]","8.251190184476592","8"
"horizontal-ideal--.05-X100","horizontal","a","ideal","bulk support fixture; real axis slider","{""X"":100,""Y"":0,""Z"":0,""A"":0,""C"":0}","[-0.12512,0.12512,-0.04170666666666668,0.04170666666666668,0.041706666666666656,-0.041706666666666656,0.12512,-0.12512]","28.35099985287054","28"
"horizontal-ideal--.05-X100","horizontal","b","ideal","bulk support fixture; real axis slider","{""X"":100,""Y"":0,""Z"":0,""A"":0,""C"":0}","[-0.12512,0.12512,-0.04170666666666668,0.04170666666666668,0.041706666666666656,-0.041706666666666656,0.12512,-0.12512]","-0.015862983175282674","0"
"horizontal-ideal--.05-Y-100","horizontal","XY","ideal","bulk support fixture; real axis slider","{""X"":0,""Y"":-100,""Z"":0,""A"":0,""C"":0}","[-0.12512,0.12512,-0.04170666666666668,0.04170666666666668,0.041706666666666656,-0.041706666666666656,0.12512,-0.12512]","-32.75992538971824","-33"
"horizontal-ideal--.05-Y-100","horizontal","XZ","ideal","bulk support fixture; real axis slider","{""X"":0,""Y"":-100,""Z"":0,""A"":0,""C"":0}","[-0.12512,0.12512,-0.04170666666666668,0.04170666666666668,0.041706666666666656,-0.041706666666666656,0.12512,-0.12512]","19.799981821831334","20"
"horizontal-ideal--.05-Y-100","horizontal","YZ","ideal","bulk support fixture; real axis slider","{""X"":0,""Y"":-100,""Z"":0,""A"":0,""C"":0}","[-0.12512,0.12512,-0.04170666666666668,0.04170666666666668,0.041706666666666656,-0.041706666666666656,0.12512,-0.12512]","0.0011902051497147959","0"
"horizontal-ideal--.05-Y-100","horizontal","a","ideal","bulk support fixture; real axis slider","{""X"":0,""Y"":-100,""Z"":0,""A"":0,""C"":0}","[-0.12512,0.12512,-0.04170666666666668,0.04170666666666668,0.041706666666666656,-0.041706666666666656,0.12512,-0.12512]","23.849999969443452","24"
"horizontal-ideal--.05-Y-100","horizontal","b","ideal","bulk support fixture; real axis slider","{""X"":0,""Y"":-100,""Z"":0,""A"":0,""C"":0}","[-0.12512,0.12512,-0.04170666666666668,0.04170666666666668,0.041706666666666656,-0.041706666666666656,0.12512,-0.12512]","-0.01119757769493801","0"
"horizontal-ideal--.05-Y100","horizontal","XY","ideal","bulk support fixture; real axis slider","{""X"":0,""Y"":100,""Z"":0,""A"":0,""C"":0}","[-0.12512,0.12512,-0.04170666666666668,0.04170666666666668,0.041706666666666656,-0.041706666666666656,0.12512,-0.12512]","-32.759925389745995","-33"
"horizontal-ideal--.05-Y100","horizontal","XZ","ideal","bulk support fixture; real axis slider","{""X"":0,""Y"":100,""Z"":0,""A"":0,""C"":0}","[-0.12512,0.12512,-0.04170666666666668,0.04170666666666668,0.041706666666666656,-0.041706666666666656,0.12512,-0.12512]","19.799981821942357","20"
"horizontal-ideal--.05-Y100","horizontal","YZ","ideal","bulk support fixture; real axis slider","{""X"":0,""Y"":100,""Z"":0,""A"":0,""C"":0}","[-0.12512,0.12512,-0.04170666666666668,0.04170666666666668,0.041706666666666656,-0.041706666666666656,0.12512,-0.12512]","0.001190204927670191","0"
"horizontal-ideal--.05-Y100","horizontal","a","ideal","bulk support fixture; real axis slider","{""X"":0,""Y"":100,""Z"":0,""A"":0,""C"":0}","[-0.12512,0.12512,-0.04170666666666668,0.04170666666666668,0.041706666666666656,-0.041706666666666656,0.12512,-0.12512]","32.849999957916545","33"
"horizontal-ideal--.05-Y100","horizontal","b","ideal","bulk support fixture; real axis slider","{""X"":0,""Y"":100,""Z"":0,""A"":0,""C"":0}","[-0.12512,0.12512,-0.04170666666666668,0.04170666666666668,0.041706666666666656,-0.041706666666666656,0.12512,-0.12512]","-0.021336083982914644","0"
"horizontal-ideal--.05-Z-100","horizontal","XY","ideal","bulk support fixture; real axis slider","{""X"":0,""Y"":0,""Z"":-100,""A"":0,""C"":0}","[-0.12512,0.12512,-0.04170666666666668,0.04170666666666668,0.041706666666666656,-0.041706666666666656,0.12512,-0.12512]","-39.509925208385674","-40"
"horizontal-ideal--.05-Z-100","horizontal","XZ","ideal","bulk support fixture; real axis slider","{""X"":0,""Y"":0,""Z"":-100,""A"":0,""C"":0}","[-0.12512,0.12512,-0.04170666666666668,0.04170666666666668,0.041706666666666656,-0.041706666666666656,0.12512,-0.12512]","19.799981749378873","20"
"horizontal-ideal--.05-Z-100","horizontal","YZ","ideal","bulk support fixture; real axis slider","{""X"":0,""Y"":0,""Z"":-100,""A"":0,""C"":0}","[-0.12512,0.12512,-0.04170666666666668,0.04170666666666668,0.041706666666666656,-0.041706666666666656,0.12512,-0.12512]","0.0014129551851455036","0"
"horizontal-ideal--.05-Z-100","horizontal","a","ideal","bulk support fixture; real axis slider","{""X"":0,""Y"":0,""Z"":-100,""A"":0,""C"":0}","[-0.12512,0.12512,-0.04170666666666668,0.04170666666666668,0.041706666666666656,-0.041706666666666656,0.12512,-0.12512]","28.349999904680317","28"
"horizontal-ideal--.05-Z-100","horizontal","b","ideal","bulk support fixture; real axis slider","{""X"":0,""Y"":0,""Z"":-100,""A"":0,""C"":0}","[-0.12512,0.12512,-0.04170666666666668,0.04170666666666668,0.041706666666666656,-0.041706666666666656,0.12512,-0.12512]","-0.015861829771521285","0"
"horizontal-ideal--.05-Z100","horizontal","XY","ideal","bulk support fixture; real axis slider","{""X"":0,""Y"":0,""Z"":100,""A"":0,""C"":0}","[-0.12512,0.12512,-0.04170666666666668,0.04170666666666668,0.041706666666666656,-0.041706666666666656,0.12512,-0.12512]","-26.009925521382204","-26"
"horizontal-ideal--.05-Z100","horizontal","XZ","ideal","bulk support fixture; real axis slider","{""X"":0,""Y"":0,""Z"":100,""A"":0,""C"":0}","[-0.12512,0.12512,-0.04170666666666668,0.04170666666666668,0.041706666666666656,-0.041706666666666656,0.12512,-0.12512]","19.7999818415881","20"
"horizontal-ideal--.05-Z100","horizontal","YZ","ideal","bulk support fixture; real axis slider","{""X"":0,""Y"":0,""Z"":100,""A"":0,""C"":0}","[-0.12512,0.12512,-0.04170666666666668,0.04170666666666668,0.041706666666666656,-0.041706666666666656,0.12512,-0.12512]","0.0011159552119194283","0"
"horizontal-ideal--.05-Z100","horizontal","a","ideal","bulk support fixture; real axis slider","{""X"":0,""Y"":0,""Z"":100,""A"":0,""C"":0}","[-0.12512,0.12512,-0.04170666666666668,0.04170666666666668,0.041706666666666656,-0.041706666666666656,0.12512,-0.12512]","28.34999997695063","28"
"horizontal-ideal--.05-Z100","horizontal","b","ideal","bulk support fixture; real axis slider","{""X"":0,""Y"":0,""Z"":100,""A"":0,""C"":0}","[-0.12512,0.12512,-0.04170666666666668,0.04170666666666668,0.041706666666666656,-0.041706666666666656,0.12512,-0.12512]","-0.01586182984958384","0"
"horizontal-ideal-asymmetric","horizontal","XY","ideal","bulk support fixture; real sliders","{""X"":37,""Y"":-62,""Z"":53,""A"":0,""C"":0}","[0.12512,-0.12512,0.04170666666666668,-0.04170666666666668,-0.041706666666666656,0.041706666666666656,-0.12512,0.12512]","29.1824732231976","29"
"horizontal-ideal-asymmetric","horizontal","XZ","ideal","bulk support fixture; real sliders","{""X"":37,""Y"":-62,""Z"":53,""A"":0,""C"":0}","[0.12512,-0.12512,0.04170666666666668,-0.04170666666666668,-0.041706666666666656,0.041706666666666656,-0.12512,0.12512]","-19.800017839523633","-20"
"horizontal-ideal-asymmetric","horizontal","YZ","ideal","bulk support fixture; real sliders","{""X"":37,""Y"":-62,""Z"":53,""A"":0,""C"":0}","[0.12512,-0.12512,0.04170666666666668,-0.04170666666666668,-0.041706666666666656,0.041706666666666656,-0.12512,0.12512]","-3.051384037918228","-3"
"horizontal-ideal-asymmetric","horizontal","a","ideal","bulk support fixture; real sliders","{""X"":37,""Y"":-62,""Z"":53,""A"":0,""C"":0}","[0.12512,-0.12512,0.04170666666666668,-0.04170666666666668,-0.041706666666666656,0.041706666666666656,-0.12512,0.12512]","-25.55963001496346","-26"
"horizontal-ideal-asymmetric","horizontal","b","ideal","bulk support fixture; real sliders","{""X"":37,""Y"":-62,""Z"":53,""A"":0,""C"":0}","[0.12512,-0.12512,0.04170666666666668,-0.04170666666666668,-0.041706666666666656,0.041706666666666656,-0.12512,0.12512]","-0.012874188789688268","0"
"horizontal-used-flat","horizontal","XY","used123456","known bulk fixture via evaluate","{""X"":0,""Y"":0,""Z"":0,""A"":0,""C"":0}","[0,0,0,0,0,0,0,0]","16.958999991522823","17"
"horizontal-used-flat","horizontal","XZ","used123456","known bulk fixture via evaluate","{""X"":0,""Y"":0,""Z"":0,""A"":0,""C"":0}","[0,0,0,0,0,0,0,0]","8.12899999891835","8"
"horizontal-used-flat","horizontal","YZ","used123456","known bulk fixture via evaluate","{""X"":0,""Y"":0,""Z"":0,""A"":0,""C"":0}","[0,0,0,0,0,0,0,0]","14.119999995145655","14"
"horizontal-used-flat","horizontal","a","used123456","known bulk fixture via evaluate","{""X"":0,""Y"":0,""Z"":0,""A"":0,""C"":0}","[0,0,0,0,0,0,0,0]","8.125810727274697","8"
"horizontal-used-flat","horizontal","b","used123456","known bulk fixture via evaluate","{""X"":0,""Y"":0,""Z"":0,""A"":0,""C"":0}","[0,0,0,0,0,0,0,0]","14.118678122277545","14"
"horizontal-used-0-0.001-start","horizontal","XY","used123456","real support map and step buttons","{""X"":0,""Y"":0,""Z"":0,""A"":0,""C"":0}","[0,0,0,0,0,0,0,0]","16.958999991522823","17"
"horizontal-used-0-0.001-start","horizontal","XZ","used123456","real support map and step buttons","{""X"":0,""Y"":0,""Z"":0,""A"":0,""C"":0}","[0,0,0,0,0,0,0,0]","8.12899999891835","8"
"horizontal-used-0-0.001-start","horizontal","YZ","used123456","real support map and step buttons","{""X"":0,""Y"":0,""Z"":0,""A"":0,""C"":0}","[0,0,0,0,0,0,0,0]","14.119999995145655","14"
"horizontal-used-0-0.001-start","horizontal","a","used123456","real support map and step buttons","{""X"":0,""Y"":0,""Z"":0,""A"":0,""C"":0}","[0,0,0,0,0,0,0,0]","8.125810727274697","8"
"horizontal-used-0-0.001-start","horizontal","b","used123456","real support map and step buttons","{""X"":0,""Y"":0,""Z"":0,""A"":0,""C"":0}","[0,0,0,0,0,0,0,0]","14.118678122277545","14"
"horizontal-used-0-0.001-plus","horizontal","XY","used123456","real raise/lower button","{""X"":0,""Y"":0,""Z"":0,""A"":0,""C"":0}","[0.001,0,0,0,0,0,0,0]","16.958999991632112","17"
"horizontal-used-0-0.001-plus","horizontal","XZ","used123456","real raise/lower button","{""X"":0,""Y"":0,""Z"":0,""A"":0,""C"":0}","[0.001,0,0,0,0,0,0,0]","8.082185931575225","8"
"horizontal-used-0-0.001-plus","horizontal","YZ","used123456","real raise/lower button","{""X"":0,""Y"":0,""Z"":0,""A"":0,""C"":0}","[0.001,0,0,0,0,0,0,0]","13.962393565996809","14"
"horizontal-used-0-0.001-plus","horizontal","a","used123456","real raise/lower button","{""X"":0,""Y"":0,""Z"":0,""A"":0,""C"":0}","[0.001,0,0,0,0,0,0,0]","7.991878939628272","8"
"horizontal-used-0-0.001-plus","horizontal","b","used123456","real raise/lower button","{""X"":0,""Y"":0,""Z"":0,""A"":0,""C"":0}","[0.001,0,0,0,0,0,0,0]","13.86328585357803","14"
"horizontal-used-0-0.001-plus-restored","horizontal","XY","used123456","real inverse support button","{""X"":0,""Y"":0,""Z"":0,""A"":0,""C"":0}","[0,0,0,0,0,0,0,0]","16.958999991522823","17"
"horizontal-used-0-0.001-plus-restored","horizontal","XZ","used123456","real inverse support button","{""X"":0,""Y"":0,""Z"":0,""A"":0,""C"":0}","[0,0,0,0,0,0,0,0]","8.12899999891835","8"
"horizontal-used-0-0.001-plus-restored","horizontal","YZ","used123456","real inverse support button","{""X"":0,""Y"":0,""Z"":0,""A"":0,""C"":0}","[0,0,0,0,0,0,0,0]","14.119999995145655","14"
"horizontal-used-0-0.001-plus-restored","horizontal","a","used123456","real inverse support button","{""X"":0,""Y"":0,""Z"":0,""A"":0,""C"":0}","[0,0,0,0,0,0,0,0]","8.125810727274697","8"
"horizontal-used-0-0.001-plus-restored","horizontal","b","used123456","real inverse support button","{""X"":0,""Y"":0,""Z"":0,""A"":0,""C"":0}","[0,0,0,0,0,0,0,0]","14.118678122277545","14"
"horizontal-used-0-0.001-minus","horizontal","XY","used123456","real raise/lower button","{""X"":0,""Y"":0,""Z"":0,""A"":0,""C"":0}","[-0.001,0,0,0,0,0,0,0]","16.958999991632112","17"
"horizontal-used-0-0.001-minus","horizontal","XZ","used123456","real raise/lower button","{""X"":0,""Y"":0,""Z"":0,""A"":0,""C"":0}","[-0.001,0,0,0,0,0,0,0]","8.175814043470675","8"
"horizontal-used-0-0.001-minus","horizontal","YZ","used123456","real raise/lower button","{""X"":0,""Y"":0,""Z"":0,""A"":0,""C"":0}","[-0.001,0,0,0,0,0,0,0]","14.277606816772218","14"
"horizontal-used-0-0.001-minus","horizontal","a","used123456","real raise/lower button","{""X"":0,""Y"":0,""Z"":0,""A"":0,""C"":0}","[-0.001,0,0,0,0,0,0,0]","8.259739878446748","8"
"horizontal-used-0-0.001-minus","horizontal","b","used123456","real raise/lower button","{""X"":0,""Y"":0,""Z"":0,""A"":0,""C"":0}","[-0.001,0,0,0,0,0,0,0]","14.374069371164353","14"
"horizontal-used-0-0.001-minus-restored","horizontal","XY","used123456","real inverse support button","{""X"":0,""Y"":0,""Z"":0,""A"":0,""C"":0}","[0,0,0,0,0,0,0,0]","16.958999991522823","17"
"horizontal-used-0-0.001-minus-restored","horizontal","XZ","used123456","real inverse support button","{""X"":0,""Y"":0,""Z"":0,""A"":0,""C"":0}","[0,0,0,0,0,0,0,0]","8.12899999891835","8"
"horizontal-used-0-0.001-minus-restored","horizontal","YZ","used123456","real inverse support button","{""X"":0,""Y"":0,""Z"":0,""A"":0,""C"":0}","[0,0,0,0,0,0,0,0]","14.119999995145655","14"
"horizontal-used-0-0.001-minus-restored","horizontal","a","used123456","real inverse support button","{""X"":0,""Y"":0,""Z"":0,""A"":0,""C"":0}","[0,0,0,0,0,0,0,0]","8.125810727274697","8"
"horizontal-used-0-0.001-minus-restored","horizontal","b","used123456","real inverse support button","{""X"":0,""Y"":0,""Z"":0,""A"":0,""C"":0}","[0,0,0,0,0,0,0,0]","14.118678122277545","14"
"horizontal-used-0-0.01-start","horizontal","XY","used123456","real support map and step buttons","{""X"":0,""Y"":0,""Z"":0,""A"":0,""C"":0}","[0,0,0,0,0,0,0,0]","16.958999991522823","17"
"horizontal-used-0-0.01-start","horizontal","XZ","used123456","real support map and step buttons","{""X"":0,""Y"":0,""Z"":0,""A"":0,""C"":0}","[0,0,0,0,0,0,0,0]","8.12899999891835","8"
"horizontal-used-0-0.01-start","horizontal","YZ","used123456","real support map and step buttons","{""X"":0,""Y"":0,""Z"":0,""A"":0,""C"":0}","[0,0,0,0,0,0,0,0]","14.119999995145655","14"
"horizontal-used-0-0.01-start","horizontal","a","used123456","real support map and step buttons","{""X"":0,""Y"":0,""Z"":0,""A"":0,""C"":0}","[0,0,0,0,0,0,0,0]","8.125810727274697","8"
"horizontal-used-0-0.01-start","horizontal","b","used123456","real support map and step buttons","{""X"":0,""Y"":0,""Z"":0,""A"":0,""C"":0}","[0,0,0,0,0,0,0,0]","14.118678122277545","14"
"horizontal-used-0-0.01-plus","horizontal","XY","used123456","real raise/lower button","{""X"":0,""Y"":0,""Z"":0,""A"":0,""C"":0}","[0.01,0,0,0,0,0,0,0]","16.95899999130078","17"
"horizontal-used-0-0.01-plus","horizontal","XZ","used123456","real raise/lower button","{""X"":0,""Y"":0,""Z"":0,""A"":0,""C"":0}","[0.01,0,0,0,0,0,0,0]","7.660858300444218","8"
"horizontal-used-0-0.01-plus","horizontal","YZ","used123456","real raise/lower button","{""X"":0,""Y"":0,""Z"":0,""A"":0,""C"":0}","[0.01,0,0,0,0,0,0,0]","12.543953340580366","13"
"horizontal-used-0-0.01-plus","horizontal","a","used123456","real raise/lower button","{""X"":0,""Y"":0,""Z"":0,""A"":0,""C"":0}","[0.01,0,0,0,0,0,0,0]","6.786374206074059","7"
"horizontal-used-0-0.01-plus","horizontal","b","used123456","real raise/lower button","{""X"":0,""Y"":0,""Z"":0,""A"":0,""C"":0}","[0.01,0,0,0,0,0,0,0]","11.564709564752807","12"
"horizontal-used-0-0.01-plus-restored","horizontal","XY","used123456","real inverse support button","{""X"":0,""Y"":0,""Z"":0,""A"":0,""C"":0}","[0,0,0,0,0,0,0,0]","16.958999991522823","17"
"horizontal-used-0-0.01-plus-restored","horizontal","XZ","used123456","real inverse support button","{""X"":0,""Y"":0,""Z"":0,""A"":0,""C"":0}","[0,0,0,0,0,0,0,0]","8.12899999891835","8"
"horizontal-used-0-0.01-plus-restored","horizontal","YZ","used123456","real inverse support button","{""X"":0,""Y"":0,""Z"":0,""A"":0,""C"":0}","[0,0,0,0,0,0,0,0]","14.119999995145655","14"
"horizontal-used-0-0.01-plus-restored","horizontal","a","used123456","real inverse support button","{""X"":0,""Y"":0,""Z"":0,""A"":0,""C"":0}","[0,0,0,0,0,0,0,0]","8.125810727274697","8"
"horizontal-used-0-0.01-plus-restored","horizontal","b","used123456","real inverse support button","{""X"":0,""Y"":0,""Z"":0,""A"":0,""C"":0}","[0,0,0,0,0,0,0,0]","14.118678122277545","14"
"horizontal-used-0-0.01-minus","horizontal","XY","used123456","real raise/lower button","{""X"":0,""Y"":0,""Z"":0,""A"":0,""C"":0}","[-0.01,0,0,0,0,0,0,0]","16.958999991522823","17"
"horizontal-used-0-0.01-minus","horizontal","XZ","used123456","real raise/lower button","{""X"":0,""Y"":0,""Z"":0,""A"":0,""C"":0}","[-0.01,0,0,0,0,0,0,0]","8.597139419469837","9"
"horizontal-used-0-0.01-minus","horizontal","YZ","used123456","real raise/lower button","{""X"":0,""Y"":0,""Z"":0,""A"":0,""C"":0}","[-0.01,0,0,0,0,0,0,0]","15.69608584925386","16"
"horizontal-used-0-0.01-minus","horizontal","a","used123456","real raise/lower button","{""X"":0,""Y"":0,""Z"":0,""A"":0,""C"":0}","[-0.01,0,0,0,0,0,0,0]","9.464983597332749","9"
"horizontal-used-0-0.01-minus","horizontal","b","used123456","real raise/lower button","{""X"":0,""Y"":0,""Z"":0,""A"":0,""C"":0}","[-0.01,0,0,0,0,0,0,0]","16.672544741276955","17"
"horizontal-used-0-0.01-minus-restored","horizontal","XY","used123456","real inverse support button","{""X"":0,""Y"":0,""Z"":0,""A"":0,""C"":0}","[0,0,0,0,0,0,0,0]","16.958999991522823","17"
"horizontal-used-0-0.01-minus-restored","horizontal","XZ","used123456","real inverse support button","{""X"":0,""Y"":0,""Z"":0,""A"":0,""C"":0}","[0,0,0,0,0,0,0,0]","8.12899999891835","8"
"horizontal-used-0-0.01-minus-restored","horizontal","YZ","used123456","real inverse support button","{""X"":0,""Y"":0,""Z"":0,""A"":0,""C"":0}","[0,0,0,0,0,0,0,0]","14.119999995145655","14"
"horizontal-used-0-0.01-minus-restored","horizontal","a","used123456","real inverse support button","{""X"":0,""Y"":0,""Z"":0,""A"":0,""C"":0}","[0,0,0,0,0,0,0,0]","8.125810727274697","8"
"horizontal-used-0-0.01-minus-restored","horizontal","b","used123456","real inverse support button","{""X"":0,""Y"":0,""Z"":0,""A"":0,""C"":0}","[0,0,0,0,0,0,0,0]","14.118678122277545","14"
"horizontal-used-1-0.001-start","horizontal","XY","used123456","real support map and step buttons","{""X"":0,""Y"":0,""Z"":0,""A"":0,""C"":0}","[0,0,0,0,0,0,0,0]","16.958999991522823","17"
"horizontal-used-1-0.001-start","horizontal","XZ","used123456","real support map and step buttons","{""X"":0,""Y"":0,""Z"":0,""A"":0,""C"":0}","[0,0,0,0,0,0,0,0]","8.12899999891835","8"
"horizontal-used-1-0.001-start","horizontal","YZ","used123456","real support map and step buttons","{""X"":0,""Y"":0,""Z"":0,""A"":0,""C"":0}","[0,0,0,0,0,0,0,0]","14.119999995145655","14"
"horizontal-used-1-0.001-start","horizontal","a","used123456","real support map and step buttons","{""X"":0,""Y"":0,""Z"":0,""A"":0,""C"":0}","[0,0,0,0,0,0,0,0]","8.125810727274697","8"
"horizontal-used-1-0.001-start","horizontal","b","used123456","real support map and step buttons","{""X"":0,""Y"":0,""Z"":0,""A"":0,""C"":0}","[0,0,0,0,0,0,0,0]","14.118678122277545","14"
"horizontal-used-1-0.001-plus","horizontal","XY","used123456","real raise/lower button","{""X"":0,""Y"":0,""Z"":0,""A"":0,""C"":0}","[0,0.001,0,0,0,0,0,0]","16.958999991382314","17"
"horizontal-used-1-0.001-plus","horizontal","XZ","used123456","real raise/lower button","{""X"":0,""Y"":0,""Z"":0,""A"":0,""C"":0}","[0,0.001,0,0,0,0,0,0]","8.175814065649115","8"
"horizontal-used-1-0.001-plus","horizontal","YZ","used123456","real raise/lower button","{""X"":0,""Y"":0,""Z"":0,""A"":0,""C"":0}","[0,0.001,0,0,0,0,0,0]","13.962389426355054","14"
"horizontal-used-1-0.001-plus","horizontal","a","used123456","real raise/lower button","{""X"":0,""Y"":0,""Z"":0,""A"":0,""C"":0}","[0,0.001,0,0,0,0,0,0]","8.25999956493434","8"
"horizontal-used-1-0.001-plus","horizontal","b","used123456","real raise/lower button","{""X"":0,""Y"":0,""Z"":0,""A"":0,""C"":0}","[0,0.001,0,0,0,0,0,0]","13.86319981620289","14"
"horizontal-used-1-0.001-plus-restored","horizontal","XY","used123456","real inverse support button","{""X"":0,""Y"":0,""Z"":0,""A"":0,""C"":0}","[0,0,0,0,0,0,0,0]","16.958999991522823","17"
"horizontal-used-1-0.001-plus-restored","horizontal","XZ","used123456","real inverse support button","{""X"":0,""Y"":0,""Z"":0,""A"":0,""C"":0}","[0,0,0,0,0,0,0,0]","8.12899999891835","8"
"horizontal-used-1-0.001-plus-restored","horizontal","YZ","used123456","real inverse support button","{""X"":0,""Y"":0,""Z"":0,""A"":0,""C"":0}","[0,0,0,0,0,0,0,0]","14.119999995145655","14"
"horizontal-used-1-0.001-plus-restored","horizontal","a","used123456","real inverse support button","{""X"":0,""Y"":0,""Z"":0,""A"":0,""C"":0}","[0,0,0,0,0,0,0,0]","8.125810727274697","8"
"horizontal-used-1-0.001-plus-restored","horizontal","b","used123456","real inverse support button","{""X"":0,""Y"":0,""Z"":0,""A"":0,""C"":0}","[0,0,0,0,0,0,0,0]","14.118678122277545","14"
"horizontal-used-1-0.001-minus","horizontal","XY","used123456","real raise/lower button","{""X"":0,""Y"":0,""Z"":0,""A"":0,""C"":0}","[0,-0.001,0,0,0,0,0,0]","16.958999991410067","17"
"horizontal-used-1-0.001-minus","horizontal","XZ","used123456","real raise/lower button","{""X"":0,""Y"":0,""Z"":0,""A"":0,""C"":0}","[0,-0.001,0,0,0,0,0,0]","8.08218595375193","8"
"horizontal-used-1-0.001-minus","horizontal","YZ","used123456","real raise/lower button","{""X"":0,""Y"":0,""Z"":0,""A"":0,""C"":0}","[0,-0.001,0,0,0,0,0,0]","14.277610956412238","14"
"horizontal-used-1-0.001-minus","horizontal","a","used123456","real raise/lower button","{""X"":0,""Y"":0,""Z"":0,""A"":0,""C"":0}","[0,-0.001,0,0,0,0,0,0]","7.9916193066846555","8"
"horizontal-used-1-0.001-minus","horizontal","b","used123456","real raise/lower button","{""X"":0,""Y"":0,""Z"":0,""A"":0,""C"":0}","[0,-0.001,0,0,0,0,0,0]","14.374155408830926","14"
"horizontal-used-1-0.001-minus-restored","horizontal","XY","used123456","real inverse support button","{""X"":0,""Y"":0,""Z"":0,""A"":0,""C"":0}","[0,0,0,0,0,0,0,0]","16.958999991522823","17"
"horizontal-used-1-0.001-minus-restored","horizontal","XZ","used123456","real inverse support button","{""X"":0,""Y"":0,""Z"":0,""A"":0,""C"":0}","[0,0,0,0,0,0,0,0]","8.12899999891835","8"
"horizontal-used-1-0.001-minus-restored","horizontal","YZ","used123456","real inverse support button","{""X"":0,""Y"":0,""Z"":0,""A"":0,""C"":0}","[0,0,0,0,0,0,0,0]","14.119999995145655","14"
"horizontal-used-1-0.001-minus-restored","horizontal","a","used123456","real inverse support button","{""X"":0,""Y"":0,""Z"":0,""A"":0,""C"":0}","[0,0,0,0,0,0,0,0]","8.125810727274697","8"
"horizontal-used-1-0.001-minus-restored","horizontal","b","used123456","real inverse support button","{""X"":0,""Y"":0,""Z"":0,""A"":0,""C"":0}","[0,0,0,0,0,0,0,0]","14.118678122277545","14"
"horizontal-used-1-0.01-start","horizontal","XY","used123456","real support map and step buttons","{""X"":0,""Y"":0,""Z"":0,""A"":0,""C"":0}","[0,0,0,0,0,0,0,0]","16.958999991522823","17"
"horizontal-used-1-0.01-start","horizontal","XZ","used123456","real support map and step buttons","{""X"":0,""Y"":0,""Z"":0,""A"":0,""C"":0}","[0,0,0,0,0,0,0,0]","8.12899999891835","8"
"horizontal-used-1-0.01-start","horizontal","YZ","used123456","real support map and step buttons","{""X"":0,""Y"":0,""Z"":0,""A"":0,""C"":0}","[0,0,0,0,0,0,0,0]","14.119999995145655","14"
"horizontal-used-1-0.01-start","horizontal","a","used123456","real support map and step buttons","{""X"":0,""Y"":0,""Z"":0,""A"":0,""C"":0}","[0,0,0,0,0,0,0,0]","8.125810727274697","8"
"horizontal-used-1-0.01-start","horizontal","b","used123456","real support map and step buttons","{""X"":0,""Y"":0,""Z"":0,""A"":0,""C"":0}","[0,0,0,0,0,0,0,0]","14.118678122277545","14"
"horizontal-used-1-0.01-plus","horizontal","XY","used123456","real raise/lower button","{""X"":0,""Y"":0,""Z"":0,""A"":0,""C"":0}","[0,0.01,0,0,0,0,0,0]","16.95899999130078","17"
"horizontal-used-1-0.01-plus","horizontal","XZ","used123456","real raise/lower button","{""X"":0,""Y"":0,""Z"":0,""A"":0,""C"":0}","[0,0.01,0,0,0,0,0,0]","8.597141626770153","9"
"horizontal-used-1-0.01-plus","horizontal","YZ","used123456","real raise/lower button","{""X"":0,""Y"":0,""Z"":0,""A"":0,""C"":0}","[0,0.01,0,0,0,0,0,0]","12.543911944698852","13"
"horizontal-used-1-0.01-plus","horizontal","a","used123456","real raise/lower button","{""X"":0,""Y"":0,""Z"":0,""A"":0,""C"":0}","[0,0.01,0,0,0,0,0,0]","9.467582870171382","9"
"horizontal-used-1-0.01-plus","horizontal","b","used123456","real raise/lower button","{""X"":0,""Y"":0,""Z"":0,""A"":0,""C"":0}","[0,0.01,0,0,0,0,0,0]","11.56384920578471","12"
"horizontal-used-1-0.01-plus-restored","horizontal","XY","used123456","real inverse support button","{""X"":0,""Y"":0,""Z"":0,""A"":0,""C"":0}","[0,0,0,0,0,0,0,0]","16.958999991522823","17"
"horizontal-used-1-0.01-plus-restored","horizontal","XZ","used123456","real inverse support button","{""X"":0,""Y"":0,""Z"":0,""A"":0,""C"":0}","[0,0,0,0,0,0,0,0]","8.12899999891835","8"
"horizontal-used-1-0.01-plus-restored","horizontal","YZ","used123456","real inverse support button","{""X"":0,""Y"":0,""Z"":0,""A"":0,""C"":0}","[0,0,0,0,0,0,0,0]","14.119999995145655","14"
"horizontal-used-1-0.01-plus-restored","horizontal","a","used123456","real inverse support button","{""X"":0,""Y"":0,""Z"":0,""A"":0,""C"":0}","[0,0,0,0,0,0,0,0]","8.125810727274697","8"
"horizontal-used-1-0.01-plus-restored","horizontal","b","used123456","real inverse support button","{""X"":0,""Y"":0,""Z"":0,""A"":0,""C"":0}","[0,0,0,0,0,0,0,0]","14.118678122277545","14"
"horizontal-used-1-0.01-minus","horizontal","XY","used123456","real raise/lower button","{""X"":0,""Y"":0,""Z"":0,""A"":0,""C"":0}","[0,-0.01,0,0,0,0,0,0]","16.958999991744868","17"
"horizontal-used-1-0.01-minus","horizontal","XZ","used123456","real raise/lower button","{""X"":0,""Y"":0,""Z"":0,""A"":0,""C"":0}","[0,-0.01,0,0,0,0,0,0]","7.660860507716777","8"
"horizontal-used-1-0.01-minus","horizontal","YZ","used123456","real raise/lower button","{""X"":0,""Y"":0,""Z"":0,""A"":0,""C"":0}","[0,-0.01,0,0,0,0,0,0]","15.6961272450417","16"
"horizontal-used-1-0.01-minus","horizontal","a","used123456","real raise/lower button","{""X"":0,""Y"":0,""Z"":0,""A"":0,""C"":0}","[0,-0.01,0,0,0,0,0,0]","6.783780290717245","7"
"horizontal-used-1-0.01-minus","horizontal","b","used123456","real raise/lower button","{""X"":0,""Y"":0,""Z"":0,""A"":0,""C"":0}","[0,-0.01,0,0,0,0,0,0]","16.67340512916983","17"
"horizontal-used-1-0.01-minus-restored","horizontal","XY","used123456","real inverse support button","{""X"":0,""Y"":0,""Z"":0,""A"":0,""C"":0}","[0,0,0,0,0,0,0,0]","16.958999991522823","17"
"horizontal-used-1-0.01-minus-restored","horizontal","XZ","used123456","real inverse support button","{""X"":0,""Y"":0,""Z"":0,""A"":0,""C"":0}","[0,0,0,0,0,0,0,0]","8.12899999891835","8"
"horizontal-used-1-0.01-minus-restored","horizontal","YZ","used123456","real inverse support button","{""X"":0,""Y"":0,""Z"":0,""A"":0,""C"":0}","[0,0,0,0,0,0,0,0]","14.119999995145655","14"
"horizontal-used-1-0.01-minus-restored","horizontal","a","used123456","real inverse support button","{""X"":0,""Y"":0,""Z"":0,""A"":0,""C"":0}","[0,0,0,0,0,0,0,0]","8.125810727274697","8"
"horizontal-used-1-0.01-minus-restored","horizontal","b","used123456","real inverse support button","{""X"":0,""Y"":0,""Z"":0,""A"":0,""C"":0}","[0,0,0,0,0,0,0,0]","14.118678122277545","14"
"horizontal-used-2-0.001-start","horizontal","XY","used123456","real support map and step buttons","{""X"":0,""Y"":0,""Z"":0,""A"":0,""C"":0}","[0,0,0,0,0,0,0,0]","16.958999991522823","17"
"horizontal-used-2-0.001-start","horizontal","XZ","used123456","real support map and step buttons","{""X"":0,""Y"":0,""Z"":0,""A"":0,""C"":0}","[0,0,0,0,0,0,0,0]","8.12899999891835","8"
"horizontal-used-2-0.001-start","horizontal","YZ","used123456","real support map and step buttons","{""X"":0,""Y"":0,""Z"":0,""A"":0,""C"":0}","[0,0,0,0,0,0,0,0]","14.119999995145655","14"
"horizontal-used-2-0.001-start","horizontal","a","used123456","real support map and step buttons","{""X"":0,""Y"":0,""Z"":0,""A"":0,""C"":0}","[0,0,0,0,0,0,0,0]","8.125810727274697","8"
"horizontal-used-2-0.001-start","horizontal","b","used123456","real support map and step buttons","{""X"":0,""Y"":0,""Z"":0,""A"":0,""C"":0}","[0,0,0,0,0,0,0,0]","14.118678122277545","14"
"horizontal-used-2-0.001-plus","horizontal","XY","used123456","real raise/lower button","{""X"":0,""Y"":0,""Z"":0,""A"":0,""C"":0}","[0,0,0.001,0,0,0,0,0]","16.95899999135629","17"
"horizontal-used-2-0.001-plus","horizontal","XZ","used123456","real raise/lower button","{""X"":0,""Y"":0,""Z"":0,""A"":0,""C"":0}","[0,0,0.001,0,0,0,0,0]","8.163291318799212","8"
"horizontal-used-2-0.001-plus","horizontal","YZ","used123456","real raise/lower button","{""X"":0,""Y"":0,""Z"":0,""A"":0,""C"":0}","[0,0,0.001,0,0,0,0,0]","14.31293095981688","14"
"horizontal-used-2-0.001-plus","horizontal","a","used123456","real raise/lower button","{""X"":0,""Y"":0,""Z"":0,""A"":0,""C"":0}","[0,0,0.001,0,0,0,0,0]","8.22380020967274","8"
"horizontal-used-2-0.001-plus","horizontal","b","used123456","real raise/lower button","{""X"":0,""Y"":0,""Z"":0,""A"":0,""C"":0}","[0,0,0.001,0,0,0,0,0]","14.507229917940997","15"
"horizontal-used-2-0.001-plus-restored","horizontal","XY","used123456","real inverse support button","{""X"":0,""Y"":0,""Z"":0,""A"":0,""C"":0}","[0,0,0,0,0,0,0,0]","16.958999991522823","17"
"horizontal-used-2-0.001-plus-restored","horizontal","XZ","used123456","real inverse support button","{""X"":0,""Y"":0,""Z"":0,""A"":0,""C"":0}","[0,0,0,0,0,0,0,0]","8.12899999891835","8"
"horizontal-used-2-0.001-plus-restored","horizontal","YZ","used123456","real inverse support button","{""X"":0,""Y"":0,""Z"":0,""A"":0,""C"":0}","[0,0,0,0,0,0,0,0]","14.119999995145655","14"
"horizontal-used-2-0.001-plus-restored","horizontal","a","used123456","real inverse support button","{""X"":0,""Y"":0,""Z"":0,""A"":0,""C"":0}","[0,0,0,0,0,0,0,0]","8.125810727274697","8"
"horizontal-used-2-0.001-plus-restored","horizontal","b","used123456","real inverse support button","{""X"":0,""Y"":0,""Z"":0,""A"":0,""C"":0}","[0,0,0,0,0,0,0,0]","14.118678122277545","14"
"horizontal-used-2-0.001-minus","horizontal","XY","used123456","real raise/lower button","{""X"":0,""Y"":0,""Z"":0,""A"":0,""C"":0}","[0,0,-0.001,0,0,0,0,0]","16.958999991578334","17"
"horizontal-used-2-0.001-minus","horizontal","XZ","used123456","real raise/lower button","{""X"":0,""Y"":0,""Z"":0,""A"":0,""C"":0}","[0,0,-0.001,0,0,0,0,0]","8.094708770452208","8"
"horizontal-used-2-0.001-minus","horizontal","YZ","used123456","real raise/lower button","{""X"":0,""Y"":0,""Z"":0,""A"":0,""C"":0}","[0,0,-0.001,0,0,0,0,0]","13.927070096295472","14"
"horizontal-used-2-0.001-minus","horizontal","a","used123456","real raise/lower button","{""X"":0,""Y"":0,""Z"":0,""A"":0,""C"":0}","[0,0,-0.001,0,0,0,0,0]","8.027815358583462","8"
"horizontal-used-2-0.001-minus","horizontal","b","used123456","real raise/lower button","{""X"":0,""Y"":0,""Z"":0,""A"":0,""C"":0}","[0,0,-0.001,0,0,0,0,0]","13.73012470564164","14"
"horizontal-used-2-0.001-minus-restored","horizontal","XY","used123456","real inverse support button","{""X"":0,""Y"":0,""Z"":0,""A"":0,""C"":0}","[0,0,0,0,0,0,0,0]","16.958999991522823","17"
"horizontal-used-2-0.001-minus-restored","horizontal","XZ","used123456","real inverse support button","{""X"":0,""Y"":0,""Z"":0,""A"":0,""C"":0}","[0,0,0,0,0,0,0,0]","8.12899999891835","8"
"horizontal-used-2-0.001-minus-restored","horizontal","YZ","used123456","real inverse support button","{""X"":0,""Y"":0,""Z"":0,""A"":0,""C"":0}","[0,0,0,0,0,0,0,0]","14.119999995145655","14"
"horizontal-used-2-0.001-minus-restored","horizontal","a","used123456","real inverse support button","{""X"":0,""Y"":0,""Z"":0,""A"":0,""C"":0}","[0,0,0,0,0,0,0,0]","8.125810727274697","8"
"horizontal-used-2-0.001-minus-restored","horizontal","b","used123456","real inverse support button","{""X"":0,""Y"":0,""Z"":0,""A"":0,""C"":0}","[0,0,0,0,0,0,0,0]","14.118678122277545","14"
"horizontal-used-2-0.01-start","horizontal","XY","used123456","real support map and step buttons","{""X"":0,""Y"":0,""Z"":0,""A"":0,""C"":0}","[0,0,0,0,0,0,0,0]","16.958999991522823","17"
"horizontal-used-2-0.01-start","horizontal","XZ","used123456","real support map and step buttons","{""X"":0,""Y"":0,""Z"":0,""A"":0,""C"":0}","[0,0,0,0,0,0,0,0]","8.12899999891835","8"
"horizontal-used-2-0.01-start","horizontal","YZ","used123456","real support map and step buttons","{""X"":0,""Y"":0,""Z"":0,""A"":0,""C"":0}","[0,0,0,0,0,0,0,0]","14.119999995145655","14"
"horizontal-used-2-0.01-start","horizontal","a","used123456","real support map and step buttons","{""X"":0,""Y"":0,""Z"":0,""A"":0,""C"":0}","[0,0,0,0,0,0,0,0]","8.125810727274697","8"
"horizontal-used-2-0.01-start","horizontal","b","used123456","real support map and step buttons","{""X"":0,""Y"":0,""Z"":0,""A"":0,""C"":0}","[0,0,0,0,0,0,0,0]","14.118678122277545","14"
"horizontal-used-2-0.01-plus","horizontal","XY","used123456","real raise/lower button","{""X"":0,""Y"":0,""Z"":0,""A"":0,""C"":0}","[0,0,0.01,0,0,0,0,0]","16.958999991384047","17"
"horizontal-used-2-0.01-plus","horizontal","XZ","used123456","real raise/lower button","{""X"":0,""Y"":0,""Z"":0,""A"":0,""C"":0}","[0,0,0.01,0,0,0,0,0]","8.471917302261406","8"
"horizontal-used-2-0.01-plus","horizontal","YZ","used123456","real raise/lower button","{""X"":0,""Y"":0,""Z"":0,""A"":0,""C"":0}","[0,0,0.01,0,0,0,0,0]","16.049357588405684","16"
"horizontal-used-2-0.01-plus","horizontal","a","used123456","real raise/lower button","{""X"":0,""Y"":0,""Z"":0,""A"":0,""C"":0}","[0,0,0.01,0,0,0,0,0]","9.105440677299043","9"
"horizontal-used-2-0.01-plus","horizontal","b","used123456","real raise/lower button","{""X"":0,""Y"":0,""Z"":0,""A"":0,""C"":0}","[0,0,0.01,0,0,0,0,0]","18.004123172153317","18"
"horizontal-used-2-0.01-plus-restored","horizontal","XY","used123456","real inverse support button","{""X"":0,""Y"":0,""Z"":0,""A"":0,""C"":0}","[0,0,0,0,0,0,0,0]","16.958999991522823","17"
"horizontal-used-2-0.01-plus-restored","horizontal","XZ","used123456","real inverse support button","{""X"":0,""Y"":0,""Z"":0,""A"":0,""C"":0}","[0,0,0,0,0,0,0,0]","8.12899999891835","8"
"horizontal-used-2-0.01-plus-restored","horizontal","YZ","used123456","real inverse support button","{""X"":0,""Y"":0,""Z"":0,""A"":0,""C"":0}","[0,0,0,0,0,0,0,0]","14.119999995145655","14"
"horizontal-used-2-0.01-plus-restored","horizontal","a","used123456","real inverse support button","{""X"":0,""Y"":0,""Z"":0,""A"":0,""C"":0}","[0,0,0,0,0,0,0,0]","8.125810727274697","8"
"horizontal-used-2-0.01-plus-restored","horizontal","b","used123456","real inverse support button","{""X"":0,""Y"":0,""Z"":0,""A"":0,""C"":0}","[0,0,0,0,0,0,0,0]","14.118678122277545","14"
"horizontal-used-2-0.01-minus","horizontal","XY","used123456","real raise/lower button","{""X"":0,""Y"":0,""Z"":0,""A"":0,""C"":0}","[0,0,-0.01,0,0,0,0,0]","16.958999991578334","17"
"horizontal-used-2-0.01-minus","horizontal","XZ","used123456","real raise/lower button","{""X"":0,""Y"":0,""Z"":0,""A"":0,""C"":0}","[0,0,-0.01,0,0,0,0,0]","7.786091818968305","8"
"horizontal-used-2-0.01-minus","horizontal","YZ","used123456","real raise/lower button","{""X"":0,""Y"":0,""Z"":0,""A"":0,""C"":0}","[0,0,-0.01,0,0,0,0,0]","12.190748955798886","12"
"horizontal-used-2-0.01-minus","horizontal","a","used123456","real raise/lower button","{""X"":0,""Y"":0,""Z"":0,""A"":0,""C"":0}","[0,0,-0.01,0,0,0,0,0]","7.145592147442259","7"
"horizontal-used-2-0.01-minus","horizontal","b","used123456","real raise/lower button","{""X"":0,""Y"":0,""Z"":0,""A"":0,""C"":0}","[0,0,-0.01,0,0,0,0,0]","10.23307105037577","10"
"horizontal-used-2-0.01-minus-restored","horizontal","XY","used123456","real inverse support button","{""X"":0,""Y"":0,""Z"":0,""A"":0,""C"":0}","[0,0,0,0,0,0,0,0]","16.958999991522823","17"
"horizontal-used-2-0.01-minus-restored","horizontal","XZ","used123456","real inverse support button","{""X"":0,""Y"":0,""Z"":0,""A"":0,""C"":0}","[0,0,0,0,0,0,0,0]","8.12899999891835","8"
"horizontal-used-2-0.01-minus-restored","horizontal","YZ","used123456","real inverse support button","{""X"":0,""Y"":0,""Z"":0,""A"":0,""C"":0}","[0,0,0,0,0,0,0,0]","14.119999995145655","14"
"horizontal-used-2-0.01-minus-restored","horizontal","a","used123456","real inverse support button","{""X"":0,""Y"":0,""Z"":0,""A"":0,""C"":0}","[0,0,0,0,0,0,0,0]","8.125810727274697","8"
"horizontal-used-2-0.01-minus-restored","horizontal","b","used123456","real inverse support button","{""X"":0,""Y"":0,""Z"":0,""A"":0,""C"":0}","[0,0,0,0,0,0,0,0]","14.118678122277545","14"
"horizontal-used-3-0.001-start","horizontal","XY","used123456","real support map and step buttons","{""X"":0,""Y"":0,""Z"":0,""A"":0,""C"":0}","[0,0,0,0,0,0,0,0]","16.958999991522823","17"
"horizontal-used-3-0.001-start","horizontal","XZ","used123456","real support map and step buttons","{""X"":0,""Y"":0,""Z"":0,""A"":0,""C"":0}","[0,0,0,0,0,0,0,0]","8.12899999891835","8"
"horizontal-used-3-0.001-start","horizontal","YZ","used123456","real support map and step buttons","{""X"":0,""Y"":0,""Z"":0,""A"":0,""C"":0}","[0,0,0,0,0,0,0,0]","14.119999995145655","14"
"horizontal-used-3-0.001-start","horizontal","a","used123456","real support map and step buttons","{""X"":0,""Y"":0,""Z"":0,""A"":0,""C"":0}","[0,0,0,0,0,0,0,0]","8.125810727274697","8"
"horizontal-used-3-0.001-start","horizontal","b","used123456","real support map and step buttons","{""X"":0,""Y"":0,""Z"":0,""A"":0,""C"":0}","[0,0,0,0,0,0,0,0]","14.118678122277545","14"
"horizontal-used-3-0.001-plus","horizontal","XY","used123456","real raise/lower button","{""X"":0,""Y"":0,""Z"":0,""A"":0,""C"":0}","[0,0,0,0.001,0,0,0,0]","16.958999991384047","17"
"horizontal-used-3-0.001-plus","horizontal","XZ","used123456","real raise/lower button","{""X"":0,""Y"":0,""Z"":0,""A"":0,""C"":0}","[0,0,0,0.001,0,0,0,0]","8.094708684231247","8"
"horizontal-used-3-0.001-plus","horizontal","YZ","used123456","real raise/lower button","{""X"":0,""Y"":0,""Z"":0,""A"":0,""C"":0}","[0,0,0,0.001,0,0,0,0]","14.312939660778706","14"
"horizontal-used-3-0.001-plus","horizontal","a","used123456","real raise/lower button","{""X"":0,""Y"":0,""Z"":0,""A"":0,""C"":0}","[0,0,0,0.001,0,0,0,0]","8.027420191278335","8"
"horizontal-used-3-0.001-plus","horizontal","b","used123456","real raise/lower button","{""X"":0,""Y"":0,""Z"":0,""A"":0,""C"":0}","[0,0,0,0.001,0,0,0,0]","14.507298603567628","15"
"horizontal-used-3-0.001-plus-restored","horizontal","XY","used123456","real inverse support button","{""X"":0,""Y"":0,""Z"":0,""A"":0,""C"":0}","[0,0,0,0,0,0,0,0]","16.958999991522823","17"
"horizontal-used-3-0.001-plus-restored","horizontal","XZ","used123456","real inverse support button","{""X"":0,""Y"":0,""Z"":0,""A"":0,""C"":0}","[0,0,0,0,0,0,0,0]","8.12899999891835","8"
"horizontal-used-3-0.001-plus-restored","horizontal","YZ","used123456","real inverse support button","{""X"":0,""Y"":0,""Z"":0,""A"":0,""C"":0}","[0,0,0,0,0,0,0,0]","14.119999995145655","14"
"horizontal-used-3-0.001-plus-restored","horizontal","a","used123456","real inverse support button","{""X"":0,""Y"":0,""Z"":0,""A"":0,""C"":0}","[0,0,0,0,0,0,0,0]","8.125810727274697","8"
"horizontal-used-3-0.001-plus-restored","horizontal","b","used123456","real inverse support button","{""X"":0,""Y"":0,""Z"":0,""A"":0,""C"":0}","[0,0,0,0,0,0,0,0]","14.118678122277545","14"
"horizontal-used-3-0.001-minus","horizontal","XY","used123456","real raise/lower button","{""X"":0,""Y"":0,""Z"":0,""A"":0,""C"":0}","[0,0,0,-0.001,0,0,0,0]","16.958999991384047","17"
"horizontal-used-3-0.001-minus","horizontal","XZ","used123456","real raise/lower button","{""X"":0,""Y"":0,""Z"":0,""A"":0,""C"":0}","[0,0,0,-0.001,0,0,0,0]","8.163291232606007","8"
"horizontal-used-3-0.001-minus","horizontal","YZ","used123456","real raise/lower button","{""X"":0,""Y"":0,""Z"":0,""A"":0,""C"":0}","[0,0,0,-0.001,0,0,0,0]","13.927061395342319","14"
"horizontal-used-3-0.001-minus","horizontal","a","used123456","real raise/lower button","{""X"":0,""Y"":0,""Z"":0,""A"":0,""C"":0}","[0,0,0,-0.001,0,0,0,0]","8.224195070840809","8"
"horizontal-used-3-0.001-minus","horizontal","b","used123456","real raise/lower button","{""X"":0,""Y"":0,""Z"":0,""A"":0,""C"":0}","[0,0,0,-0.001,0,0,0,0]","13.73005602003062","14"
"horizontal-used-3-0.001-minus-restored","horizontal","XY","used123456","real inverse support button","{""X"":0,""Y"":0,""Z"":0,""A"":0,""C"":0}","[0,0,0,0,0,0,0,0]","16.958999991522823","17"
"horizontal-used-3-0.001-minus-restored","horizontal","XZ","used123456","real inverse support button","{""X"":0,""Y"":0,""Z"":0,""A"":0,""C"":0}","[0,0,0,0,0,0,0,0]","8.12899999891835","8"
"horizontal-used-3-0.001-minus-restored","horizontal","YZ","used123456","real inverse support button","{""X"":0,""Y"":0,""Z"":0,""A"":0,""C"":0}","[0,0,0,0,0,0,0,0]","14.119999995145655","14"
"horizontal-used-3-0.001-minus-restored","horizontal","a","used123456","real inverse support button","{""X"":0,""Y"":0,""Z"":0,""A"":0,""C"":0}","[0,0,0,0,0,0,0,0]","8.125810727274697","8"
"horizontal-used-3-0.001-minus-restored","horizontal","b","used123456","real inverse support button","{""X"":0,""Y"":0,""Z"":0,""A"":0,""C"":0}","[0,0,0,0,0,0,0,0]","14.118678122277545","14"
"horizontal-used-3-0.01-start","horizontal","XY","used123456","real support map and step buttons","{""X"":0,""Y"":0,""Z"":0,""A"":0,""C"":0}","[0,0,0,0,0,0,0,0]","16.958999991522823","17"
"horizontal-used-3-0.01-start","horizontal","XZ","used123456","real support map and step buttons","{""X"":0,""Y"":0,""Z"":0,""A"":0,""C"":0}","[0,0,0,0,0,0,0,0]","8.12899999891835","8"
"horizontal-used-3-0.01-start","horizontal","YZ","used123456","real support map and step buttons","{""X"":0,""Y"":0,""Z"":0,""A"":0,""C"":0}","[0,0,0,0,0,0,0,0]","14.119999995145655","14"
"horizontal-used-3-0.01-start","horizontal","a","used123456","real support map and step buttons","{""X"":0,""Y"":0,""Z"":0,""A"":0,""C"":0}","[0,0,0,0,0,0,0,0]","8.125810727274697","8"
"horizontal-used-3-0.01-start","horizontal","b","used123456","real support map and step buttons","{""X"":0,""Y"":0,""Z"":0,""A"":0,""C"":0}","[0,0,0,0,0,0,0,0]","14.118678122277545","14"
"horizontal-used-3-0.01-plus","horizontal","XY","used123456","real raise/lower button","{""X"":0,""Y"":0,""Z"":0,""A"":0,""C"":0}","[0,0,0,0.01,0,0,0,0]","16.958999991578334","17"
"horizontal-used-3-0.01-plus","horizontal","XZ","used123456","real raise/lower button","{""X"":0,""Y"":0,""Z"":0,""A"":0,""C"":0}","[0,0,0,0.01,0,0,0,0]","7.786083200988711","8"
"horizontal-used-3-0.01-plus","horizontal","YZ","used123456","real raise/lower button","{""X"":0,""Y"":0,""Z"":0,""A"":0,""C"":0}","[0,0,0,0.01,0,0,0,0]","16.049444598671","16"
"horizontal-used-3-0.01-plus","horizontal","a","used123456","real raise/lower button","{""X"":0,""Y"":0,""Z"":0,""A"":0,""C"":0}","[0,0,0,0.01,0,0,0,0]","7.141626717988708","7"
"horizontal-used-3-0.01-plus","horizontal","b","used123456","real raise/lower button","{""X"":0,""Y"":0,""Z"":0,""A"":0,""C"":0}","[0,0,0,0.01,0,0,0,0]","18.004810051869615","18"
"horizontal-used-3-0.01-plus-restored","horizontal","XY","used123456","real inverse support button","{""X"":0,""Y"":0,""Z"":0,""A"":0,""C"":0}","[0,0,0,0,0,0,0,0]","16.958999991522823","17"
"horizontal-used-3-0.01-plus-restored","horizontal","XZ","used123456","real inverse support button","{""X"":0,""Y"":0,""Z"":0,""A"":0,""C"":0}","[0,0,0,0,0,0,0,0]","8.12899999891835","8"
"horizontal-used-3-0.01-plus-restored","horizontal","YZ","used123456","real inverse support button","{""X"":0,""Y"":0,""Z"":0,""A"":0,""C"":0}","[0,0,0,0,0,0,0,0]","14.119999995145655","14"
"horizontal-used-3-0.01-plus-restored","horizontal","a","used123456","real inverse support button","{""X"":0,""Y"":0,""Z"":0,""A"":0,""C"":0}","[0,0,0,0,0,0,0,0]","8.125810727274697","8"
"horizontal-used-3-0.01-plus-restored","horizontal","b","used123456","real inverse support button","{""X"":0,""Y"":0,""Z"":0,""A"":0,""C"":0}","[0,0,0,0,0,0,0,0]","14.118678122277545","14"
"horizontal-used-3-0.01-minus","horizontal","XY","used123456","real raise/lower button","{""X"":0,""Y"":0,""Z"":0,""A"":0,""C"":0}","[0,0,0,-0.01,0,0,0,0]","16.958999991606092","17"
"horizontal-used-3-0.01-minus","horizontal","XZ","used123456","real raise/lower button","{""X"":0,""Y"":0,""Z"":0,""A"":0,""C"":0}","[0,0,0,-0.01,0,0,0,0]","8.471908684283546","8"
"horizontal-used-3-0.01-minus","horizontal","YZ","used123456","real raise/lower button","{""X"":0,""Y"":0,""Z"":0,""A"":0,""C"":0}","[0,0,0,-0.01,0,0,0,0]","12.190661946713185","12"
"horizontal-used-3-0.01-minus","horizontal","a","used123456","real raise/lower button","{""X"":0,""Y"":0,""Z"":0,""A"":0,""C"":0}","[0,0,0,-0.01,0,0,0,0]","9.10937549416721","9"
"horizontal-used-3-0.01-minus","horizontal","b","used123456","real raise/lower button","{""X"":0,""Y"":0,""Z"":0,""A"":0,""C"":0}","[0,0,0,-0.01,0,0,0,0]","10.232384216843013","10"
"horizontal-used-3-0.01-minus-restored","horizontal","XY","used123456","real inverse support button","{""X"":0,""Y"":0,""Z"":0,""A"":0,""C"":0}","[0,0,0,0,0,0,0,0]","16.958999991522823","17"
"horizontal-used-3-0.01-minus-restored","horizontal","XZ","used123456","real inverse support button","{""X"":0,""Y"":0,""Z"":0,""A"":0,""C"":0}","[0,0,0,0,0,0,0,0]","8.12899999891835","8"
"horizontal-used-3-0.01-minus-restored","horizontal","YZ","used123456","real inverse support button","{""X"":0,""Y"":0,""Z"":0,""A"":0,""C"":0}","[0,0,0,0,0,0,0,0]","14.119999995145655","14"
"horizontal-used-3-0.01-minus-restored","horizontal","a","used123456","real inverse support button","{""X"":0,""Y"":0,""Z"":0,""A"":0,""C"":0}","[0,0,0,0,0,0,0,0]","8.125810727274697","8"
"horizontal-used-3-0.01-minus-restored","horizontal","b","used123456","real inverse support button","{""X"":0,""Y"":0,""Z"":0,""A"":0,""C"":0}","[0,0,0,0,0,0,0,0]","14.118678122277545","14"
"horizontal-used-4-0.001-start","horizontal","XY","used123456","real support map and step buttons","{""X"":0,""Y"":0,""Z"":0,""A"":0,""C"":0}","[0,0,0,0,0,0,0,0]","16.958999991522823","17"
"horizontal-used-4-0.001-start","horizontal","XZ","used123456","real support map and step buttons","{""X"":0,""Y"":0,""Z"":0,""A"":0,""C"":0}","[0,0,0,0,0,0,0,0]","8.12899999891835","8"
"horizontal-used-4-0.001-start","horizontal","YZ","used123456","real support map and step buttons","{""X"":0,""Y"":0,""Z"":0,""A"":0,""C"":0}","[0,0,0,0,0,0,0,0]","14.119999995145655","14"
"horizontal-used-4-0.001-start","horizontal","a","used123456","real support map and step buttons","{""X"":0,""Y"":0,""Z"":0,""A"":0,""C"":0}","[0,0,0,0,0,0,0,0]","8.125810727274697","8"
"horizontal-used-4-0.001-start","horizontal","b","used123456","real support map and step buttons","{""X"":0,""Y"":0,""Z"":0,""A"":0,""C"":0}","[0,0,0,0,0,0,0,0]","14.118678122277545","14"
"horizontal-used-4-0.001-plus","horizontal","XY","used123456","real raise/lower button","{""X"":0,""Y"":0,""Z"":0,""A"":0,""C"":0}","[0,0,0,0,0.001,0,0,0]","17.15537150086266","17"
"horizontal-used-4-0.001-plus","horizontal","XZ","used123456","real raise/lower button","{""X"":0,""Y"":0,""Z"":0,""A"":0,""C"":0}","[0,0,0,0,0.001,0,0,0]","8.082174343641487","8"
"horizontal-used-4-0.001-plus","horizontal","YZ","used123456","real raise/lower button","{""X"":0,""Y"":0,""Z"":0,""A"":0,""C"":0}","[0,0,0,0,0.001,0,0,0]","14.206957014142526","14"
"horizontal-used-4-0.001-plus","horizontal","a","used123456","real raise/lower button","{""X"":0,""Y"":0,""Z"":0,""A"":0,""C"":0}","[0,0,0,0,0.001,0,0,0]","8.161689711705735","8"
"horizontal-used-4-0.001-plus","horizontal","b","used123456","real raise/lower button","{""X"":0,""Y"":0,""Z"":0,""A"":0,""C"":0}","[0,0,0,0,0.001,0,0,0]","14.107797944135427","14"
"horizontal-used-4-0.001-plus-restored","horizontal","XY","used123456","real inverse support button","{""X"":0,""Y"":0,""Z"":0,""A"":0,""C"":0}","[0,0,0,0,0,0,0,0]","16.958999991522823","17"
"horizontal-used-4-0.001-plus-restored","horizontal","XZ","used123456","real inverse support button","{""X"":0,""Y"":0,""Z"":0,""A"":0,""C"":0}","[0,0,0,0,0,0,0,0]","8.12899999891835","8"
"horizontal-used-4-0.001-plus-restored","horizontal","YZ","used123456","real inverse support button","{""X"":0,""Y"":0,""Z"":0,""A"":0,""C"":0}","[0,0,0,0,0,0,0,0]","14.119999995145655","14"
"horizontal-used-4-0.001-plus-restored","horizontal","a","used123456","real inverse support button","{""X"":0,""Y"":0,""Z"":0,""A"":0,""C"":0}","[0,0,0,0,0,0,0,0]","8.125810727274697","8"
"horizontal-used-4-0.001-plus-restored","horizontal","b","used123456","real inverse support button","{""X"":0,""Y"":0,""Z"":0,""A"":0,""C"":0}","[0,0,0,0,0,0,0,0]","14.118678122277545","14"
"horizontal-used-4-0.001-minus","horizontal","XY","used123456","real raise/lower button","{""X"":0,""Y"":0,""Z"":0,""A"":0,""C"":0}","[0,0,0,0,-0.001,0,0,0]","16.762628535874416","17"
"horizontal-used-4-0.001-minus","horizontal","XZ","used123456","real raise/lower button","{""X"":0,""Y"":0,""Z"":0,""A"":0,""C"":0}","[0,0,0,0,-0.001,0,0,0]","8.175825873332418","8"
"horizontal-used-4-0.001-minus","horizontal","YZ","used123456","real raise/lower button","{""X"":0,""Y"":0,""Z"":0,""A"":0,""C"":0}","[0,0,0,0,-0.001,0,0,0]","14.03304292180163","14"
"horizontal-used-4-0.001-minus","horizontal","a","used123456","real raise/lower button","{""X"":0,""Y"":0,""Z"":0,""A"":0,""C"":0}","[0,0,0,0,-0.001,0,0,0]","8.089931827550204","8"
"horizontal-used-4-0.001-minus","horizontal","b","used123456","real raise/lower button","{""X"":0,""Y"":0,""Z"":0,""A"":0,""C"":0}","[0,0,0,0,-0.001,0,0,0]","14.12955794043852","14"
"horizontal-used-4-0.001-minus-restored","horizontal","XY","used123456","real inverse support button","{""X"":0,""Y"":0,""Z"":0,""A"":0,""C"":0}","[0,0,0,0,0,0,0,0]","16.958999991522823","17"
"horizontal-used-4-0.001-minus-restored","horizontal","XZ","used123456","real inverse support button","{""X"":0,""Y"":0,""Z"":0,""A"":0,""C"":0}","[0,0,0,0,0,0,0,0]","8.12899999891835","8"
"horizontal-used-4-0.001-minus-restored","horizontal","YZ","used123456","real inverse support button","{""X"":0,""Y"":0,""Z"":0,""A"":0,""C"":0}","[0,0,0,0,0,0,0,0]","14.119999995145655","14"
"horizontal-used-4-0.001-minus-restored","horizontal","a","used123456","real inverse support button","{""X"":0,""Y"":0,""Z"":0,""A"":0,""C"":0}","[0,0,0,0,0,0,0,0]","8.125810727274697","8"
"horizontal-used-4-0.001-minus-restored","horizontal","b","used123456","real inverse support button","{""X"":0,""Y"":0,""Z"":0,""A"":0,""C"":0}","[0,0,0,0,0,0,0,0]","14.118678122277545","14"
"horizontal-used-4-0.01-start","horizontal","XY","used123456","real support map and step buttons","{""X"":0,""Y"":0,""Z"":0,""A"":0,""C"":0}","[0,0,0,0,0,0,0,0]","16.958999991522823","17"
"horizontal-used-4-0.01-start","horizontal","XZ","used123456","real support map and step buttons","{""X"":0,""Y"":0,""Z"":0,""A"":0,""C"":0}","[0,0,0,0,0,0,0,0]","8.12899999891835","8"
"horizontal-used-4-0.01-start","horizontal","YZ","used123456","real support map and step buttons","{""X"":0,""Y"":0,""Z"":0,""A"":0,""C"":0}","[0,0,0,0,0,0,0,0]","14.119999995145655","14"
"horizontal-used-4-0.01-start","horizontal","a","used123456","real support map and step buttons","{""X"":0,""Y"":0,""Z"":0,""A"":0,""C"":0}","[0,0,0,0,0,0,0,0]","8.125810727274697","8"
"horizontal-used-4-0.01-start","horizontal","b","used123456","real support map and step buttons","{""X"":0,""Y"":0,""Z"":0,""A"":0,""C"":0}","[0,0,0,0,0,0,0,0]","14.118678122277545","14"
"horizontal-used-4-0.01-plus","horizontal","XY","used123456","real raise/lower button","{""X"":0,""Y"":0,""Z"":0,""A"":0,""C"":0}","[0,0,0,0,0.01,0,0,0]","18.922717506572596","19"
"horizontal-used-4-0.01-plus","horizontal","XZ","used123456","real raise/lower button","{""X"":0,""Y"":0,""Z"":0,""A"":0,""C"":0}","[0,0,0,0,0.01,0,0,0]","7.660753289978617","8"
"horizontal-used-4-0.01-plus","horizontal","YZ","used123456","real raise/lower button","{""X"":0,""Y"":0,""Z"":0,""A"":0,""C"":0}","[0,0,0,0,0.01,0,0,0]","14.989567756289873","15"
"horizontal-used-4-0.01-plus","horizontal","a","used123456","real raise/lower button","{""X"":0,""Y"":0,""Z"":0,""A"":0,""C"":0}","[0,0,0,0,0.01,0,0,0]","8.484604381438569","8"
"horizontal-used-4-0.01-plus","horizontal","b","used123456","real raise/lower button","{""X"":0,""Y"":0,""Z"":0,""A"":0,""C"":0}","[0,0,0,0,0.01,0,0,0]","14.009860105749366","14"
"horizontal-used-4-0.01-plus-restored","horizontal","XY","used123456","real inverse support button","{""X"":0,""Y"":0,""Z"":0,""A"":0,""C"":0}","[0,0,0,0,0,0,0,0]","16.958999991522823","17"
"horizontal-used-4-0.01-plus-restored","horizontal","XZ","used123456","real inverse support button","{""X"":0,""Y"":0,""Z"":0,""A"":0,""C"":0}","[0,0,0,0,0,0,0,0]","8.12899999891835","8"
"horizontal-used-4-0.01-plus-restored","horizontal","YZ","used123456","real inverse support button","{""X"":0,""Y"":0,""Z"":0,""A"":0,""C"":0}","[0,0,0,0,0,0,0,0]","14.119999995145655","14"
"horizontal-used-4-0.01-plus-restored","horizontal","a","used123456","real inverse support button","{""X"":0,""Y"":0,""Z"":0,""A"":0,""C"":0}","[0,0,0,0,0,0,0,0]","8.125810727274697","8"
"horizontal-used-4-0.01-plus-restored","horizontal","b","used123456","real inverse support button","{""X"":0,""Y"":0,""Z"":0,""A"":0,""C"":0}","[0,0,0,0,0,0,0,0]","14.118678122277545","14"
"horizontal-used-4-0.01-minus","horizontal","XY","used123456","real raise/lower button","{""X"":0,""Y"":0,""Z"":0,""A"":0,""C"":0}","[0,0,0,0,-0.01,0,0,0]","14.995287846335595","15"
"horizontal-used-4-0.01-minus","horizontal","XZ","used123456","real raise/lower button","{""X"":0,""Y"":0,""Z"":0,""A"":0,""C"":0}","[0,0,0,0,-0.01,0,0,0]","8.597268581760076","9"
"horizontal-used-4-0.01-minus","horizontal","YZ","used123456","real raise/lower button","{""X"":0,""Y"":0,""Z"":0,""A"":0,""C"":0}","[0,0,0,0,-0.01,0,0,0]","13.25042683397032","13"
"horizontal-used-4-0.01-minus","horizontal","a","used123456","real raise/lower button","{""X"":0,""Y"":0,""Z"":0,""A"":0,""C"":0}","[0,0,0,0,-0.01,0,0,0]","7.76702554001335","8"
"horizontal-used-4-0.01-minus","horizontal","b","used123456","real raise/lower button","{""X"":0,""Y"":0,""Z"":0,""A"":0,""C"":0}","[0,0,0,0,-0.01,0,0,0]","14.22746007009347","14"
"horizontal-used-4-0.01-minus-restored","horizontal","XY","used123456","real inverse support button","{""X"":0,""Y"":0,""Z"":0,""A"":0,""C"":0}","[0,0,0,0,0,0,0,0]","16.958999991522823","17"
"horizontal-used-4-0.01-minus-restored","horizontal","XZ","used123456","real inverse support button","{""X"":0,""Y"":0,""Z"":0,""A"":0,""C"":0}","[0,0,0,0,0,0,0,0]","8.12899999891835","8"
"horizontal-used-4-0.01-minus-restored","horizontal","YZ","used123456","real inverse support button","{""X"":0,""Y"":0,""Z"":0,""A"":0,""C"":0}","[0,0,0,0,0,0,0,0]","14.119999995145655","14"
"horizontal-used-4-0.01-minus-restored","horizontal","a","used123456","real inverse support button","{""X"":0,""Y"":0,""Z"":0,""A"":0,""C"":0}","[0,0,0,0,0,0,0,0]","8.125810727274697","8"
"horizontal-used-4-0.01-minus-restored","horizontal","b","used123456","real inverse support button","{""X"":0,""Y"":0,""Z"":0,""A"":0,""C"":0}","[0,0,0,0,0,0,0,0]","14.118678122277545","14"
"horizontal-used-5-0.001-start","horizontal","XY","used123456","real support map and step buttons","{""X"":0,""Y"":0,""Z"":0,""A"":0,""C"":0}","[0,0,0,0,0,0,0,0]","16.958999991522823","17"
"horizontal-used-5-0.001-start","horizontal","XZ","used123456","real support map and step buttons","{""X"":0,""Y"":0,""Z"":0,""A"":0,""C"":0}","[0,0,0,0,0,0,0,0]","8.12899999891835","8"
"horizontal-used-5-0.001-start","horizontal","YZ","used123456","real support map and step buttons","{""X"":0,""Y"":0,""Z"":0,""A"":0,""C"":0}","[0,0,0,0,0,0,0,0]","14.119999995145655","14"
"horizontal-used-5-0.001-start","horizontal","a","used123456","real support map and step buttons","{""X"":0,""Y"":0,""Z"":0,""A"":0,""C"":0}","[0,0,0,0,0,0,0,0]","8.125810727274697","8"
"horizontal-used-5-0.001-start","horizontal","b","used123456","real support map and step buttons","{""X"":0,""Y"":0,""Z"":0,""A"":0,""C"":0}","[0,0,0,0,0,0,0,0]","14.118678122277545","14"
"horizontal-used-5-0.001-plus","horizontal","XY","used123456","real raise/lower button","{""X"":0,""Y"":0,""Z"":0,""A"":0,""C"":0}","[0,0,0,0,0,0.001,0,0]","16.762628487054094","17"
"horizontal-used-5-0.001-plus","horizontal","XZ","used123456","real raise/lower button","{""X"":0,""Y"":0,""Z"":0,""A"":0,""C"":0}","[0,0,0,0,0,0.001,0,0]","8.17582567012344","8"
"horizontal-used-5-0.001-plus","horizontal","YZ","used123456","real raise/lower button","{""X"":0,""Y"":0,""Z"":0,""A"":0,""C"":0}","[0,0,0,0,0,0.001,0,0]","14.206955964792684","14"
"horizontal-used-5-0.001-plus","horizontal","a","used123456","real raise/lower button","{""X"":0,""Y"":0,""Z"":0,""A"":0,""C"":0}","[0,0,0,0,0,0.001,0,0]","8.089942787644148","8"
"horizontal-used-5-0.001-plus","horizontal","b","used123456","real raise/lower button","{""X"":0,""Y"":0,""Z"":0,""A"":0,""C"":0}","[0,0,0,0,0,0.001,0,0]","14.10781881002604","14"
"horizontal-used-5-0.001-plus-restored","horizontal","XY","used123456","real inverse support button","{""X"":0,""Y"":0,""Z"":0,""A"":0,""C"":0}","[0,0,0,0,0,0,0,0]","16.958999991522823","17"
"horizontal-used-5-0.001-plus-restored","horizontal","XZ","used123456","real inverse support button","{""X"":0,""Y"":0,""Z"":0,""A"":0,""C"":0}","[0,0,0,0,0,0,0,0]","8.12899999891835","8"
"horizontal-used-5-0.001-plus-restored","horizontal","YZ","used123456","real inverse support button","{""X"":0,""Y"":0,""Z"":0,""A"":0,""C"":0}","[0,0,0,0,0,0,0,0]","14.119999995145655","14"
"horizontal-used-5-0.001-plus-restored","horizontal","a","used123456","real inverse support button","{""X"":0,""Y"":0,""Z"":0,""A"":0,""C"":0}","[0,0,0,0,0,0,0,0]","8.125810727274697","8"
"horizontal-used-5-0.001-plus-restored","horizontal","b","used123456","real inverse support button","{""X"":0,""Y"":0,""Z"":0,""A"":0,""C"":0}","[0,0,0,0,0,0,0,0]","14.118678122277545","14"
"horizontal-used-5-0.001-minus","horizontal","XY","used123456","real raise/lower button","{""X"":0,""Y"":0,""Z"":0,""A"":0,""C"":0}","[0,0,0,0,0,-0.001,0,0]","17.155371453154295","17"
"horizontal-used-5-0.001-minus","horizontal","XZ","used123456","real raise/lower button","{""X"":0,""Y"":0,""Z"":0,""A"":0,""C"":0}","[0,0,0,0,0,-0.001,0,0]","8.08217414134324","8"
"horizontal-used-5-0.001-minus","horizontal","YZ","used123456","real raise/lower button","{""X"":0,""Y"":0,""Z"":0,""A"":0,""C"":0}","[0,0,0,0,0,-0.001,0,0]","14.033043971154942","14"
"horizontal-used-5-0.001-minus","horizontal","a","used123456","real raise/lower button","{""X"":0,""Y"":0,""Z"":0,""A"":0,""C"":0}","[0,0,0,0,0,-0.001,0,0]","8.161678573105277","8"
"horizontal-used-5-0.001-minus","horizontal","b","used123456","real raise/lower button","{""X"":0,""Y"":0,""Z"":0,""A"":0,""C"":0}","[0,0,0,0,0,-0.001,0,0]","14.129537074613827","14"
"horizontal-used-5-0.001-minus-restored","horizontal","XY","used123456","real inverse support button","{""X"":0,""Y"":0,""Z"":0,""A"":0,""C"":0}","[0,0,0,0,0,0,0,0]","16.958999991522823","17"
"horizontal-used-5-0.001-minus-restored","horizontal","XZ","used123456","real inverse support button","{""X"":0,""Y"":0,""Z"":0,""A"":0,""C"":0}","[0,0,0,0,0,0,0,0]","8.12899999891835","8"
"horizontal-used-5-0.001-minus-restored","horizontal","YZ","used123456","real inverse support button","{""X"":0,""Y"":0,""Z"":0,""A"":0,""C"":0}","[0,0,0,0,0,0,0,0]","14.119999995145655","14"
"horizontal-used-5-0.001-minus-restored","horizontal","a","used123456","real inverse support button","{""X"":0,""Y"":0,""Z"":0,""A"":0,""C"":0}","[0,0,0,0,0,0,0,0]","8.125810727274697","8"
"horizontal-used-5-0.001-minus-restored","horizontal","b","used123456","real inverse support button","{""X"":0,""Y"":0,""Z"":0,""A"":0,""C"":0}","[0,0,0,0,0,0,0,0]","14.118678122277545","14"
"horizontal-used-5-0.01-start","horizontal","XY","used123456","real support map and step buttons","{""X"":0,""Y"":0,""Z"":0,""A"":0,""C"":0}","[0,0,0,0,0,0,0,0]","16.958999991522823","17"
"horizontal-used-5-0.01-start","horizontal","XZ","used123456","real support map and step buttons","{""X"":0,""Y"":0,""Z"":0,""A"":0,""C"":0}","[0,0,0,0,0,0,0,0]","8.12899999891835","8"
"horizontal-used-5-0.01-start","horizontal","YZ","used123456","real support map and step buttons","{""X"":0,""Y"":0,""Z"":0,""A"":0,""C"":0}","[0,0,0,0,0,0,0,0]","14.119999995145655","14"
"horizontal-used-5-0.01-start","horizontal","a","used123456","real support map and step buttons","{""X"":0,""Y"":0,""Z"":0,""A"":0,""C"":0}","[0,0,0,0,0,0,0,0]","8.125810727274697","8"
"horizontal-used-5-0.01-start","horizontal","b","used123456","real support map and step buttons","{""X"":0,""Y"":0,""Z"":0,""A"":0,""C"":0}","[0,0,0,0,0,0,0,0]","14.118678122277545","14"
"horizontal-used-5-0.01-plus","horizontal","XY","used123456","real raise/lower button","{""X"":0,""Y"":0,""Z"":0,""A"":0,""C"":0}","[0,0,0,0,0,0.01,0,0]","14.995283008330599","15"
"horizontal-used-5-0.01-plus","horizontal","XZ","used123456","real raise/lower button","{""X"":0,""Y"":0,""Z"":0,""A"":0,""C"":0}","[0,0,0,0,0,0.01,0,0]","8.597248326835603","9"
"horizontal-used-5-0.01-plus","horizontal","YZ","used123456","real raise/lower button","{""X"":0,""Y"":0,""Z"":0,""A"":0,""C"":0}","[0,0,0,0,0,0.01,0,0]","14.989557262637051","15"
"horizontal-used-5-0.01-plus","horizontal","a","used123456","real raise/lower button","{""X"":0,""Y"":0,""Z"":0,""A"":0,""C"":0}","[0,0,0,0,0,0.01,0,0]","7.767127109790245","8"
"horizontal-used-5-0.01-plus","horizontal","b","used123456","real raise/lower button","{""X"":0,""Y"":0,""Z"":0,""A"":0,""C"":0}","[0,0,0,0,0,0.01,0,0]","14.010068765274788","14"
"horizontal-used-5-0.01-plus-restored","horizontal","XY","used123456","real inverse support button","{""X"":0,""Y"":0,""Z"":0,""A"":0,""C"":0}","[0,0,0,0,0,0,0,0]","16.958999991522823","17"
"horizontal-used-5-0.01-plus-restored","horizontal","XZ","used123456","real inverse support button","{""X"":0,""Y"":0,""Z"":0,""A"":0,""C"":0}","[0,0,0,0,0,0,0,0]","8.12899999891835","8"
"horizontal-used-5-0.01-plus-restored","horizontal","YZ","used123456","real inverse support button","{""X"":0,""Y"":0,""Z"":0,""A"":0,""C"":0}","[0,0,0,0,0,0,0,0]","14.119999995145655","14"
"horizontal-used-5-0.01-plus-restored","horizontal","a","used123456","real inverse support button","{""X"":0,""Y"":0,""Z"":0,""A"":0,""C"":0}","[0,0,0,0,0,0,0,0]","8.125810727274697","8"
"horizontal-used-5-0.01-plus-restored","horizontal","b","used123456","real inverse support button","{""X"":0,""Y"":0,""Z"":0,""A"":0,""C"":0}","[0,0,0,0,0,0,0,0]","14.118678122277545","14"
"horizontal-used-5-0.01-minus","horizontal","XY","used123456","real raise/lower button","{""X"":0,""Y"":0,""Z"":0,""A"":0,""C"":0}","[0,0,0,0,0,-0.01,0,0]","18.922712669055056","19"
"horizontal-used-5-0.01-minus","horizontal","XZ","used123456","real raise/lower button","{""X"":0,""Y"":0,""Z"":0,""A"":0,""C"":0}","[0,0,0,0,0,-0.01,0,0]","7.660733034172903","8"
"horizontal-used-5-0.01-minus","horizontal","YZ","used123456","real raise/lower button","{""X"":0,""Y"":0,""Z"":0,""A"":0,""C"":0}","[0,0,0,0,0,-0.01,0,0]","13.250437328233764","13"
"horizontal-used-5-0.01-minus","horizontal","a","used123456","real raise/lower button","{""X"":0,""Y"":0,""Z"":0,""A"":0,""C"":0}","[0,0,0,0,0,-0.01,0,0]","8.484484964493486","8"
"horizontal-used-5-0.01-minus","horizontal","b","used123456","real raise/lower button","{""X"":0,""Y"":0,""Z"":0,""A"":0,""C"":0}","[0,0,0,0,0,-0.01,0,0]","14.227251416578865","14"
"horizontal-used-5-0.01-minus-restored","horizontal","XY","used123456","real inverse support button","{""X"":0,""Y"":0,""Z"":0,""A"":0,""C"":0}","[0,0,0,0,0,0,0,0]","16.958999991522823","17"
"horizontal-used-5-0.01-minus-restored","horizontal","XZ","used123456","real inverse support button","{""X"":0,""Y"":0,""Z"":0,""A"":0,""C"":0}","[0,0,0,0,0,0,0,0]","8.12899999891835","8"
"horizontal-used-5-0.01-minus-restored","horizontal","YZ","used123456","real inverse support button","{""X"":0,""Y"":0,""Z"":0,""A"":0,""C"":0}","[0,0,0,0,0,0,0,0]","14.119999995145655","14"
"horizontal-used-5-0.01-minus-restored","horizontal","a","used123456","real inverse support button","{""X"":0,""Y"":0,""Z"":0,""A"":0,""C"":0}","[0,0,0,0,0,0,0,0]","8.125810727274697","8"
"horizontal-used-5-0.01-minus-restored","horizontal","b","used123456","real inverse support button","{""X"":0,""Y"":0,""Z"":0,""A"":0,""C"":0}","[0,0,0,0,0,0,0,0]","14.118678122277545","14"
"horizontal-used-6-0.001-start","horizontal","XY","used123456","real support map and step buttons","{""X"":0,""Y"":0,""Z"":0,""A"":0,""C"":0}","[0,0,0,0,0,0,0,0]","16.958999991522823","17"
"horizontal-used-6-0.001-start","horizontal","XZ","used123456","real support map and step buttons","{""X"":0,""Y"":0,""Z"":0,""A"":0,""C"":0}","[0,0,0,0,0,0,0,0]","8.12899999891835","8"
"horizontal-used-6-0.001-start","horizontal","YZ","used123456","real support map and step buttons","{""X"":0,""Y"":0,""Z"":0,""A"":0,""C"":0}","[0,0,0,0,0,0,0,0]","14.119999995145655","14"
"horizontal-used-6-0.001-start","horizontal","a","used123456","real support map and step buttons","{""X"":0,""Y"":0,""Z"":0,""A"":0,""C"":0}","[0,0,0,0,0,0,0,0]","8.125810727274697","8"
"horizontal-used-6-0.001-start","horizontal","b","used123456","real support map and step buttons","{""X"":0,""Y"":0,""Z"":0,""A"":0,""C"":0}","[0,0,0,0,0,0,0,0]","14.118678122277545","14"
"horizontal-used-6-0.001-plus","horizontal","XY","used123456","real raise/lower button","{""X"":0,""Y"":0,""Z"":0,""A"":0,""C"":0}","[0,0,0,0,0,0,0.001,0]","16.76262853492379","17"
"horizontal-used-6-0.001-plus","horizontal","XZ","used123456","real raise/lower button","{""X"":0,""Y"":0,""Z"":0,""A"":0,""C"":0}","[0,0,0,0,0,0,0.001,0]","8.188348528635759","8"
"horizontal-used-6-0.001-plus","horizontal","YZ","used123456","real raise/lower button","{""X"":0,""Y"":0,""Z"":0,""A"":0,""C"":0}","[0,0,0,0,0,0,0.001,0]","13.997719142927467","14"
"horizontal-used-6-0.001-plus","horizontal","a","used123456","real raise/lower button","{""X"":0,""Y"":0,""Z"":0,""A"":0,""C"":0}","[0,0,0,0,0,0,0.001,0]","8.125869534577474","8"
"horizontal-used-6-0.001-plus","horizontal","b","used123456","real raise/lower button","{""X"":0,""Y"":0,""Z"":0,""A"":0,""C"":0}","[0,0,0,0,0,0,0.001,0]","13.99639727317839","14"
"horizontal-used-6-0.001-plus-restored","horizontal","XY","used123456","real inverse support button","{""X"":0,""Y"":0,""Z"":0,""A"":0,""C"":0}","[0,0,0,0,0,0,0,0]","16.958999991522823","17"
"horizontal-used-6-0.001-plus-restored","horizontal","XZ","used123456","real inverse support button","{""X"":0,""Y"":0,""Z"":0,""A"":0,""C"":0}","[0,0,0,0,0,0,0,0]","8.12899999891835","8"
"horizontal-used-6-0.001-plus-restored","horizontal","YZ","used123456","real inverse support button","{""X"":0,""Y"":0,""Z"":0,""A"":0,""C"":0}","[0,0,0,0,0,0,0,0]","14.119999995145655","14"
"horizontal-used-6-0.001-plus-restored","horizontal","a","used123456","real inverse support button","{""X"":0,""Y"":0,""Z"":0,""A"":0,""C"":0}","[0,0,0,0,0,0,0,0]","8.125810727274697","8"
"horizontal-used-6-0.001-plus-restored","horizontal","b","used123456","real inverse support button","{""X"":0,""Y"":0,""Z"":0,""A"":0,""C"":0}","[0,0,0,0,0,0,0,0]","14.118678122277545","14"
"horizontal-used-6-0.001-minus","horizontal","XY","used123456","real raise/lower button","{""X"":0,""Y"":0,""Z"":0,""A"":0,""C"":0}","[0,0,0,0,0,0,-0.001,0]","17.15537150089562","17"
"horizontal-used-6-0.001-minus","horizontal","XZ","used123456","real raise/lower button","{""X"":0,""Y"":0,""Z"":0,""A"":0,""C"":0}","[0,0,0,0,0,0,-0.001,0]","8.069651435385975","8"
"horizontal-used-6-0.001-minus","horizontal","YZ","used123456","real raise/lower button","{""X"":0,""Y"":0,""Z"":0,""A"":0,""C"":0}","[0,0,0,0,0,0,-0.001,0]","14.242280847349964","14"
"horizontal-used-6-0.001-minus","horizontal","a","used123456","real raise/lower button","{""X"":0,""Y"":0,""Z"":0,""A"":0,""C"":0}","[0,0,0,0,0,0,-0.001,0]","8.125751331009013","8"
"horizontal-used-6-0.001-minus","horizontal","b","used123456","real raise/lower button","{""X"":0,""Y"":0,""Z"":0,""A"":0,""C"":0}","[0,0,0,0,0,0,-0.001,0]","14.240958971383638","14"
"horizontal-used-6-0.001-minus-restored","horizontal","XY","used123456","real inverse support button","{""X"":0,""Y"":0,""Z"":0,""A"":0,""C"":0}","[0,0,0,0,0,0,0,0]","16.958999991522823","17"
"horizontal-used-6-0.001-minus-restored","horizontal","XZ","used123456","real inverse support button","{""X"":0,""Y"":0,""Z"":0,""A"":0,""C"":0}","[0,0,0,0,0,0,0,0]","8.12899999891835","8"
"horizontal-used-6-0.001-minus-restored","horizontal","YZ","used123456","real inverse support button","{""X"":0,""Y"":0,""Z"":0,""A"":0,""C"":0}","[0,0,0,0,0,0,0,0]","14.119999995145655","14"
"horizontal-used-6-0.001-minus-restored","horizontal","a","used123456","real inverse support button","{""X"":0,""Y"":0,""Z"":0,""A"":0,""C"":0}","[0,0,0,0,0,0,0,0]","8.125810727274697","8"
"horizontal-used-6-0.001-minus-restored","horizontal","b","used123456","real inverse support button","{""X"":0,""Y"":0,""Z"":0,""A"":0,""C"":0}","[0,0,0,0,0,0,0,0]","14.118678122277545","14"
"horizontal-used-6-0.01-start","horizontal","XY","used123456","real support map and step buttons","{""X"":0,""Y"":0,""Z"":0,""A"":0,""C"":0}","[0,0,0,0,0,0,0,0]","16.958999991522823","17"
"horizontal-used-6-0.01-start","horizontal","XZ","used123456","real support map and step buttons","{""X"":0,""Y"":0,""Z"":0,""A"":0,""C"":0}","[0,0,0,0,0,0,0,0]","8.12899999891835","8"
"horizontal-used-6-0.01-start","horizontal","YZ","used123456","real support map and step buttons","{""X"":0,""Y"":0,""Z"":0,""A"":0,""C"":0}","[0,0,0,0,0,0,0,0]","14.119999995145655","14"
"horizontal-used-6-0.01-start","horizontal","a","used123456","real support map and step buttons","{""X"":0,""Y"":0,""Z"":0,""A"":0,""C"":0}","[0,0,0,0,0,0,0,0]","8.125810727274697","8"
"horizontal-used-6-0.01-start","horizontal","b","used123456","real support map and step buttons","{""X"":0,""Y"":0,""Z"":0,""A"":0,""C"":0}","[0,0,0,0,0,0,0,0]","14.118678122277545","14"
"horizontal-used-6-0.01-plus","horizontal","XY","used123456","real raise/lower button","{""X"":0,""Y"":0,""Z"":0,""A"":0,""C"":0}","[0,0,0,0,0,0,0.01,0]","14.995287845315577","15"
"horizontal-used-6-0.01-plus","horizontal","XZ","used123456","real raise/lower button","{""X"":0,""Y"":0,""Z"":0,""A"":0,""C"":0}","[0,0,0,0,0,0,0.01,0]","8.722483803815656","9"
"horizontal-used-6-0.01-plus","horizontal","YZ","used123456","real raise/lower button","{""X"":0,""Y"":0,""Z"":0,""A"":0,""C"":0}","[0,0,0,0,0,0,0.01,0]","12.897191471614168","13"
"horizontal-used-6-0.01-plus","horizontal","a","used123456","real raise/lower button","{""X"":0,""Y"":0,""Z"":0,""A"":0,""C"":0}","[0,0,0,0,0,0,0.01,0]","8.126372295066965","8"
"horizontal-used-6-0.01-plus","horizontal","b","used123456","real raise/lower button","{""X"":0,""Y"":0,""Z"":0,""A"":0,""C"":0}","[0,0,0,0,0,0,0.01,0]","12.895869631365798","13"
"horizontal-used-6-0.01-plus-restored","horizontal","XY","used123456","real inverse support button","{""X"":0,""Y"":0,""Z"":0,""A"":0,""C"":0}","[0,0,0,0,0,0,0,0]","16.958999991522823","17"
"horizontal-used-6-0.01-plus-restored","horizontal","XZ","used123456","real inverse support button","{""X"":0,""Y"":0,""Z"":0,""A"":0,""C"":0}","[0,0,0,0,0,0,0,0]","8.12899999891835","8"
"horizontal-used-6-0.01-plus-restored","horizontal","YZ","used123456","real inverse support button","{""X"":0,""Y"":0,""Z"":0,""A"":0,""C"":0}","[0,0,0,0,0,0,0,0]","14.119999995145655","14"
"horizontal-used-6-0.01-plus-restored","horizontal","a","used123456","real inverse support button","{""X"":0,""Y"":0,""Z"":0,""A"":0,""C"":0}","[0,0,0,0,0,0,0,0]","8.125810727274697","8"
"horizontal-used-6-0.01-plus-restored","horizontal","b","used123456","real inverse support button","{""X"":0,""Y"":0,""Z"":0,""A"":0,""C"":0}","[0,0,0,0,0,0,0,0]","14.118678122277545","14"
"horizontal-used-6-0.01-minus","horizontal","XY","used123456","real raise/lower button","{""X"":0,""Y"":0,""Z"":0,""A"":0,""C"":0}","[0,0,0,0,0,0,-0.01,0]","18.922717506583002","19"
"horizontal-used-6-0.01-minus","horizontal","XZ","used123456","real raise/lower button","{""X"":0,""Y"":0,""Z"":0,""A"":0,""C"":0}","[0,0,0,0,0,0,-0.01,0]","7.535512875236558","8"
"horizontal-used-6-0.01-minus","horizontal","YZ","used123456","real raise/lower button","{""X"":0,""Y"":0,""Z"":0,""A"":0,""C"":0}","[0,0,0,0,0,0,-0.01,0]","15.342808518146317","15"
"horizontal-used-6-0.01-minus","horizontal","a","used123456","real raise/lower button","{""X"":0,""Y"":0,""Z"":0,""A"":0,""C"":0}","[0,0,0,0,0,0,-0.01,0]","8.125190259385823","8"
"horizontal-used-6-0.01-minus","horizontal","b","used123456","real raise/lower button","{""X"":0,""Y"":0,""Z"":0,""A"":0,""C"":0}","[0,0,0,0,0,0,-0.01,0]","15.341486612974187","15"
"horizontal-used-6-0.01-minus-restored","horizontal","XY","used123456","real inverse support button","{""X"":0,""Y"":0,""Z"":0,""A"":0,""C"":0}","[0,0,0,0,0,0,0,0]","16.958999991522823","17"
"horizontal-used-6-0.01-minus-restored","horizontal","XZ","used123456","real inverse support button","{""X"":0,""Y"":0,""Z"":0,""A"":0,""C"":0}","[0,0,0,0,0,0,0,0]","8.12899999891835","8"
"horizontal-used-6-0.01-minus-restored","horizontal","YZ","used123456","real inverse support button","{""X"":0,""Y"":0,""Z"":0,""A"":0,""C"":0}","[0,0,0,0,0,0,0,0]","14.119999995145655","14"
"horizontal-used-6-0.01-minus-restored","horizontal","a","used123456","real inverse support button","{""X"":0,""Y"":0,""Z"":0,""A"":0,""C"":0}","[0,0,0,0,0,0,0,0]","8.125810727274697","8"
"horizontal-used-6-0.01-minus-restored","horizontal","b","used123456","real inverse support button","{""X"":0,""Y"":0,""Z"":0,""A"":0,""C"":0}","[0,0,0,0,0,0,0,0]","14.118678122277545","14"
"horizontal-used-7-0.001-start","horizontal","XY","used123456","real support map and step buttons","{""X"":0,""Y"":0,""Z"":0,""A"":0,""C"":0}","[0,0,0,0,0,0,0,0]","16.958999991522823","17"
"horizontal-used-7-0.001-start","horizontal","XZ","used123456","real support map and step buttons","{""X"":0,""Y"":0,""Z"":0,""A"":0,""C"":0}","[0,0,0,0,0,0,0,0]","8.12899999891835","8"
"horizontal-used-7-0.001-start","horizontal","YZ","used123456","real support map and step buttons","{""X"":0,""Y"":0,""Z"":0,""A"":0,""C"":0}","[0,0,0,0,0,0,0,0]","14.119999995145655","14"
"horizontal-used-7-0.001-start","horizontal","a","used123456","real support map and step buttons","{""X"":0,""Y"":0,""Z"":0,""A"":0,""C"":0}","[0,0,0,0,0,0,0,0]","8.125810727274697","8"
"horizontal-used-7-0.001-start","horizontal","b","used123456","real support map and step buttons","{""X"":0,""Y"":0,""Z"":0,""A"":0,""C"":0}","[0,0,0,0,0,0,0,0]","14.118678122277545","14"
"horizontal-used-7-0.001-plus","horizontal","XY","used123456","real raise/lower button","{""X"":0,""Y"":0,""Z"":0,""A"":0,""C"":0}","[0,0,0,0,0,0,0,0.001]","17.15537145318552","17"
"horizontal-used-7-0.001-plus","horizontal","XZ","used123456","real raise/lower button","{""X"":0,""Y"":0,""Z"":0,""A"":0,""C"":0}","[0,0,0,0,0,0,0,0.001]","8.069651479685607","8"
"horizontal-used-7-0.001-plus","horizontal","YZ","used123456","real raise/lower button","{""X"":0,""Y"":0,""Z"":0,""A"":0,""C"":0}","[0,0,0,0,0,0,0,0.001]","13.997715630747336","14"
"horizontal-used-7-0.001-plus","horizontal","a","used123456","real raise/lower button","{""X"":0,""Y"":0,""Z"":0,""A"":0,""C"":0}","[0,0,0,0,0,0,0,0.001]","8.12587562705469","8"
"horizontal-used-7-0.001-plus","horizontal","b","used123456","real raise/lower button","{""X"":0,""Y"":0,""Z"":0,""A"":0,""C"":0}","[0,0,0,0,0,0,0,0.001]","13.99639375968334","14"
"horizontal-used-7-0.001-plus-restored","horizontal","XY","used123456","real inverse support button","{""X"":0,""Y"":0,""Z"":0,""A"":0,""C"":0}","[0,0,0,0,0,0,0,0]","16.958999991522823","17"
"horizontal-used-7-0.001-plus-restored","horizontal","XZ","used123456","real inverse support button","{""X"":0,""Y"":0,""Z"":0,""A"":0,""C"":0}","[0,0,0,0,0,0,0,0]","8.12899999891835","8"
"horizontal-used-7-0.001-plus-restored","horizontal","YZ","used123456","real inverse support button","{""X"":0,""Y"":0,""Z"":0,""A"":0,""C"":0}","[0,0,0,0,0,0,0,0]","14.119999995145655","14"
"horizontal-used-7-0.001-plus-restored","horizontal","a","used123456","real inverse support button","{""X"":0,""Y"":0,""Z"":0,""A"":0,""C"":0}","[0,0,0,0,0,0,0,0]","8.125810727274697","8"
"horizontal-used-7-0.001-plus-restored","horizontal","b","used123456","real inverse support button","{""X"":0,""Y"":0,""Z"":0,""A"":0,""C"":0}","[0,0,0,0,0,0,0,0]","14.118678122277545","14"
"horizontal-used-7-0.001-minus","horizontal","XY","used123456","real raise/lower button","{""X"":0,""Y"":0,""Z"":0,""A"":0,""C"":0}","[0,0,0,0,0,0,0,-0.001]","16.762628486988174","17"
"horizontal-used-7-0.001-minus","horizontal","XZ","used123456","real raise/lower button","{""X"":0,""Y"":0,""Z"":0,""A"":0,""C"":0}","[0,0,0,0,0,0,0,-0.001]","8.188348572073235","8"
"horizontal-used-7-0.001-minus","horizontal","YZ","used123456","real raise/lower button","{""X"":0,""Y"":0,""Z"":0,""A"":0,""C"":0}","[0,0,0,0,0,0,0,-0.001]","14.242284359533564","14"
"horizontal-used-7-0.001-minus","horizontal","a","used123456","real raise/lower button","{""X"":0,""Y"":0,""Z"":0,""A"":0,""C"":0}","[0,0,0,0,0,0,0,-0.001]","8.125745220258217","8"
"horizontal-used-7-0.001-minus","horizontal","b","used123456","real raise/lower button","{""X"":0,""Y"":0,""Z"":0,""A"":0,""C"":0}","[0,0,0,0,0,0,0,-0.001]","14.240962485766866","14"
"horizontal-used-7-0.001-minus-restored","horizontal","XY","used123456","real inverse support button","{""X"":0,""Y"":0,""Z"":0,""A"":0,""C"":0}","[0,0,0,0,0,0,0,0]","16.958999991522823","17"
"horizontal-used-7-0.001-minus-restored","horizontal","XZ","used123456","real inverse support button","{""X"":0,""Y"":0,""Z"":0,""A"":0,""C"":0}","[0,0,0,0,0,0,0,0]","8.12899999891835","8"
"horizontal-used-7-0.001-minus-restored","horizontal","YZ","used123456","real inverse support button","{""X"":0,""Y"":0,""Z"":0,""A"":0,""C"":0}","[0,0,0,0,0,0,0,0]","14.119999995145655","14"
"horizontal-used-7-0.001-minus-restored","horizontal","a","used123456","real inverse support button","{""X"":0,""Y"":0,""Z"":0,""A"":0,""C"":0}","[0,0,0,0,0,0,0,0]","8.125810727274697","8"
"horizontal-used-7-0.001-minus-restored","horizontal","b","used123456","real inverse support button","{""X"":0,""Y"":0,""Z"":0,""A"":0,""C"":0}","[0,0,0,0,0,0,0,0]","14.118678122277545","14"
"horizontal-used-7-0.01-start","horizontal","XY","used123456","real support map and step buttons","{""X"":0,""Y"":0,""Z"":0,""A"":0,""C"":0}","[0,0,0,0,0,0,0,0]","16.958999991522823","17"
"horizontal-used-7-0.01-start","horizontal","XZ","used123456","real support map and step buttons","{""X"":0,""Y"":0,""Z"":0,""A"":0,""C"":0}","[0,0,0,0,0,0,0,0]","8.12899999891835","8"
"horizontal-used-7-0.01-start","horizontal","YZ","used123456","real support map and step buttons","{""X"":0,""Y"":0,""Z"":0,""A"":0,""C"":0}","[0,0,0,0,0,0,0,0]","14.119999995145655","14"
"horizontal-used-7-0.01-start","horizontal","a","used123456","real support map and step buttons","{""X"":0,""Y"":0,""Z"":0,""A"":0,""C"":0}","[0,0,0,0,0,0,0,0]","8.125810727274697","8"
"horizontal-used-7-0.01-start","horizontal","b","used123456","real support map and step buttons","{""X"":0,""Y"":0,""Z"":0,""A"":0,""C"":0}","[0,0,0,0,0,0,0,0]","14.118678122277545","14"
"horizontal-used-7-0.01-plus","horizontal","XY","used123456","real raise/lower button","{""X"":0,""Y"":0,""Z"":0,""A"":0,""C"":0}","[0,0,0,0,0,0,0,0.01]","18.92271266886597","19"
"horizontal-used-7-0.01-plus","horizontal","XZ","used123456","real raise/lower button","{""X"":0,""Y"":0,""Z"":0,""A"":0,""C"":0}","[0,0,0,0,0,0,0,0.01]","7.535517247988718","8"
"horizontal-used-7-0.01-plus","horizontal","YZ","used123456","real raise/lower button","{""X"":0,""Y"":0,""Z"":0,""A"":0,""C"":0}","[0,0,0,0,0,0,0,0.01]","12.897156352081884","13"
"horizontal-used-7-0.01-plus","horizontal","a","used123456","real raise/lower button","{""X"":0,""Y"":0,""Z"":0,""A"":0,""C"":0}","[0,0,0,0,0,0,0,0.01]","8.126432399144928","8"
"horizontal-used-7-0.01-plus","horizontal","b","used123456","real raise/lower button","{""X"":0,""Y"":0,""Z"":0,""A"":0,""C"":0}","[0,0,0,0,0,0,0,0.01]","12.89583449190848","13"
"horizontal-used-7-0.01-plus-restored","horizontal","XY","used123456","real inverse support button","{""X"":0,""Y"":0,""Z"":0,""A"":0,""C"":0}","[0,0,0,0,0,0,0,0]","16.958999991522823","17"
"horizontal-used-7-0.01-plus-restored","horizontal","XZ","used123456","real inverse support button","{""X"":0,""Y"":0,""Z"":0,""A"":0,""C"":0}","[0,0,0,0,0,0,0,0]","8.12899999891835","8"
"horizontal-used-7-0.01-plus-restored","horizontal","YZ","used123456","real inverse support button","{""X"":0,""Y"":0,""Z"":0,""A"":0,""C"":0}","[0,0,0,0,0,0,0,0]","14.119999995145655","14"
"horizontal-used-7-0.01-plus-restored","horizontal","a","used123456","real inverse support button","{""X"":0,""Y"":0,""Z"":0,""A"":0,""C"":0}","[0,0,0,0,0,0,0,0]","8.125810727274697","8"
"horizontal-used-7-0.01-plus-restored","horizontal","b","used123456","real inverse support button","{""X"":0,""Y"":0,""Z"":0,""A"":0,""C"":0}","[0,0,0,0,0,0,0,0]","14.118678122277545","14"
"horizontal-used-7-0.01-minus","horizontal","XY","used123456","real raise/lower button","{""X"":0,""Y"":0,""Z"":0,""A"":0,""C"":0}","[0,0,0,0,0,0,0,-0.01]","14.99528300783967","15"
"horizontal-used-7-0.01-minus","horizontal","XZ","used123456","real raise/lower button","{""X"":0,""Y"":0,""Z"":0,""A"":0,""C"":0}","[0,0,0,0,0,0,0,-0.01]","8.722488175650147","9"
"horizontal-used-7-0.01-minus","horizontal","YZ","used123456","real raise/lower button","{""X"":0,""Y"":0,""Z"":0,""A"":0,""C"":0}","[0,0,0,0,0,0,0,-0.01]","15.342843637900645","15"
"horizontal-used-7-0.01-minus","horizontal","a","used123456","real raise/lower button","{""X"":0,""Y"":0,""Z"":0,""A"":0,""C"":0}","[0,0,0,0,0,0,0,-0.01]","8.12512833113163","8"
"horizontal-used-7-0.01-minus","horizontal","b","used123456","real raise/lower button","{""X"":0,""Y"":0,""Z"":0,""A"":0,""C"":0}","[0,0,0,0,0,0,0,-0.01]","15.34152175314274","15"
"horizontal-used-7-0.01-minus-restored","horizontal","XY","used123456","real inverse support button","{""X"":0,""Y"":0,""Z"":0,""A"":0,""C"":0}","[0,0,0,0,0,0,0,0]","16.958999991522823","17"
"horizontal-used-7-0.01-minus-restored","horizontal","XZ","used123456","real inverse support button","{""X"":0,""Y"":0,""Z"":0,""A"":0,""C"":0}","[0,0,0,0,0,0,0,0]","8.12899999891835","8"
"horizontal-used-7-0.01-minus-restored","horizontal","YZ","used123456","real inverse support button","{""X"":0,""Y"":0,""Z"":0,""A"":0,""C"":0}","[0,0,0,0,0,0,0,0]","14.119999995145655","14"
"horizontal-used-7-0.01-minus-restored","horizontal","a","used123456","real inverse support button","{""X"":0,""Y"":0,""Z"":0,""A"":0,""C"":0}","[0,0,0,0,0,0,0,0]","8.125810727274697","8"
"horizontal-used-7-0.01-minus-restored","horizontal","b","used123456","real inverse support button","{""X"":0,""Y"":0,""Z"":0,""A"":0,""C"":0}","[0,0,0,0,0,0,0,0]","14.118678122277545","14"
"horizontal-used-posture-plane-positive","horizontal","XY","used123456","known bulk fixture via evaluate","{""X"":0,""Y"":0,""Z"":0,""A"":0,""C"":0}","[-0.1144,-0.032799999999999996,-0.06533333333333334,0.016266666666666665,-0.016266666666666676,0.06533333333333333,0.032799999999999996,0.1144]","16.958999991196695","17"
"horizontal-used-posture-plane-positive","horizontal","XZ","used123456","known bulk fixture via evaluate","{""X"":0,""Y"":0,""Z"":0,""A"":0,""C"":0}","[-0.1144,-0.032799999999999996,-0.06533333333333334,0.016266666666666665,-0.016266666666666676,0.06533333333333333,0.032799999999999996,0.1144]","8.128999999156006","8"
"horizontal-used-posture-plane-positive","horizontal","YZ","used123456","known bulk fixture via evaluate","{""X"":0,""Y"":0,""Z"":0,""A"":0,""C"":0}","[-0.1144,-0.032799999999999996,-0.06533333333333334,0.016266666666666665,-0.016266666666666676,0.06533333333333333,0.032799999999999996,0.1144]","14.119999995326065","14"
"horizontal-used-posture-plane-positive","horizontal","a","used123456","known bulk fixture via evaluate","{""X"":0,""Y"":0,""Z"":0,""A"":0,""C"":0}","[-0.1144,-0.032799999999999996,-0.06533333333333334,0.016266666666666665,-0.016266666666666676,0.06533333333333333,0.032799999999999996,0.1144]","8.125810727288574","8"
"horizontal-used-posture-plane-positive","horizontal","b","used123456","known bulk fixture via evaluate","{""X"":0,""Y"":0,""Z"":0,""A"":0,""C"":0}","[-0.1144,-0.032799999999999996,-0.06533333333333334,0.016266666666666665,-0.016266666666666676,0.06533333333333333,0.032799999999999996,0.1144]","14.118678122676531","14"
"horizontal-used-plane-positive-X-100","horizontal","XY","used123456","bulk support fixture; real axis slider","{""X"":-100,""Y"":0,""Z"":0,""A"":0,""C"":0}","[-0.1144,-0.032799999999999996,-0.06533333333333334,0.016266666666666665,-0.016266666666666676,0.06533333333333333,0.032799999999999996,0.1144]","16.958999991502008","17"
"horizontal-used-plane-positive-X-100","horizontal","XZ","used123456","bulk support fixture; real axis slider","{""X"":-100,""Y"":0,""Z"":0,""A"":0,""C"":0}","[-0.1144,-0.032799999999999996,-0.06533333333333334,0.016266666666666665,-0.016266666666666676,0.06533333333333333,0.032799999999999996,0.1144]","8.128999999156006","8"
"horizontal-used-plane-positive-X-100","horizontal","YZ","used123456","bulk support fixture; real axis slider","{""X"":-100,""Y"":0,""Z"":0,""A"":0,""C"":0}","[-0.1144,-0.032799999999999996,-0.06533333333333334,0.016266666666666665,-0.016266666666666676,0.06533333333333333,0.032799999999999996,0.1144]","14.119999995326065","14"
"horizontal-used-plane-positive-X-100","horizontal","a","used123456","bulk support fixture; real axis slider","{""X"":-100,""Y"":0,""Z"":0,""A"":0,""C"":0}","[-0.1144,-0.032799999999999996,-0.06533333333333334,0.016266666666666665,-0.016266666666666676,0.06533333333333333,0.032799999999999996,0.1144]","8.12581072724347","8"
"horizontal-used-plane-positive-X-100","horizontal","b","used123456","bulk support fixture; real axis slider","{""X"":-100,""Y"":0,""Z"":0,""A"":0,""C"":0}","[-0.1144,-0.032799999999999996,-0.06533333333333334,0.016266666666666665,-0.016266666666666676,0.06533333333333333,0.032799999999999996,0.1144]","14.118678122235911","14"
"horizontal-used-plane-positive-X100","horizontal","XY","used123456","bulk support fixture; real axis slider","{""X"":100,""Y"":0,""Z"":0,""A"":0,""C"":0}","[-0.1144,-0.032799999999999996,-0.06533333333333334,0.016266666666666665,-0.016266666666666676,0.06533333333333333,0.032799999999999996,0.1144]","16.958999991390986","17"
"horizontal-used-plane-positive-X100","horizontal","XZ","used123456","bulk support fixture; real axis slider","{""X"":100,""Y"":0,""Z"":0,""A"":0,""C"":0}","[-0.1144,-0.032799999999999996,-0.06533333333333334,0.016266666666666665,-0.016266666666666676,0.06533333333333333,0.032799999999999996,0.1144]","8.12899999909876","8"
"horizontal-used-plane-positive-X100","horizontal","YZ","used123456","bulk support fixture; real axis slider","{""X"":100,""Y"":0,""Z"":0,""A"":0,""C"":0}","[-0.1144,-0.032799999999999996,-0.06533333333333334,0.016266666666666665,-0.016266666666666676,0.06533333333333333,0.032799999999999996,0.1144]","14.119999995326065","14"
"horizontal-used-plane-positive-X100","horizontal","a","used123456","bulk support fixture; real axis slider","{""X"":100,""Y"":0,""Z"":0,""A"":0,""C"":0}","[-0.1144,-0.032799999999999996,-0.06533333333333334,0.016266666666666665,-0.016266666666666676,0.06533333333333333,0.032799999999999996,0.1144]","8.12581072724347","8"
"horizontal-used-plane-positive-X100","horizontal","b","used123456","bulk support fixture; real axis slider","{""X"":100,""Y"":0,""Z"":0,""A"":0,""C"":0}","[-0.1144,-0.032799999999999996,-0.06533333333333334,0.016266666666666665,-0.016266666666666676,0.06533333333333333,0.032799999999999996,0.1144]","14.118678122235911","14"
"horizontal-used-plane-positive-Y-100","horizontal","XY","used123456","bulk support fixture; real axis slider","{""X"":0,""Y"":-100,""Z"":0,""A"":0,""C"":0}","[-0.1144,-0.032799999999999996,-0.06533333333333334,0.016266666666666665,-0.016266666666666676,0.06533333333333333,0.032799999999999996,0.1144]","16.958999991224452","17"
"horizontal-used-plane-positive-Y-100","horizontal","XZ","used123456","bulk support fixture; real axis slider","{""X"":0,""Y"":-100,""Z"":0,""A"":0,""C"":0}","[-0.1144,-0.032799999999999996,-0.06533333333333334,0.016266666666666665,-0.016266666666666676,0.06533333333333333,0.032799999999999996,0.1144]","8.12899999912825","8"
"horizontal-used-plane-positive-Y-100","horizontal","YZ","used123456","bulk support fixture; real axis slider","{""X"":0,""Y"":-100,""Z"":0,""A"":0,""C"":0}","[-0.1144,-0.032799999999999996,-0.06533333333333334,0.016266666666666665,-0.016266666666666676,0.06533333333333333,0.032799999999999996,0.1144]","14.119999995326065","14"
"horizontal-used-plane-positive-Y-100","horizontal","a","used123456","bulk support fixture; real axis slider","{""X"":0,""Y"":-100,""Z"":0,""A"":0,""C"":0}","[-0.1144,-0.032799999999999996,-0.06533333333333334,0.016266666666666665,-0.016266666666666676,0.06533333333333333,0.032799999999999996,0.1144]","8.125810727285105","8"
"horizontal-used-plane-positive-Y-100","horizontal","b","used123456","bulk support fixture; real axis slider","{""X"":0,""Y"":-100,""Z"":0,""A"":0,""C"":0}","[-0.1144,-0.032799999999999996,-0.06533333333333334,0.016266666666666665,-0.016266666666666676,0.06533333333333333,0.032799999999999996,0.1144]","14.118678122676531","14"
"horizontal-used-plane-positive-Y100","horizontal","XY","used123456","bulk support fixture; real axis slider","{""X"":0,""Y"":100,""Z"":0,""A"":0,""C"":0}","[-0.1144,-0.032799999999999996,-0.06533333333333334,0.016266666666666665,-0.016266666666666676,0.06533333333333333,0.032799999999999996,0.1144]","16.958999991196695","17"
"horizontal-used-plane-positive-Y100","horizontal","XZ","used123456","bulk support fixture; real axis slider","{""X"":0,""Y"":100,""Z"":0,""A"":0,""C"":0}","[-0.1144,-0.032799999999999996,-0.06533333333333334,0.016266666666666665,-0.016266666666666676,0.06533333333333333,0.032799999999999996,0.1144]","8.12899999912825","8"
"horizontal-used-plane-positive-Y100","horizontal","YZ","used123456","bulk support fixture; real axis slider","{""X"":0,""Y"":100,""Z"":0,""A"":0,""C"":0}","[-0.1144,-0.032799999999999996,-0.06533333333333334,0.016266666666666665,-0.016266666666666676,0.06533333333333333,0.032799999999999996,0.1144]","14.119999995326065","14"
"horizontal-used-plane-positive-Y100","horizontal","a","used123456","bulk support fixture; real axis slider","{""X"":0,""Y"":100,""Z"":0,""A"":0,""C"":0}","[-0.1144,-0.032799999999999996,-0.06533333333333334,0.016266666666666665,-0.016266666666666676,0.06533333333333333,0.032799999999999996,0.1144]","8.125810727285105","8"
"horizontal-used-plane-positive-Y100","horizontal","b","used123456","bulk support fixture; real axis slider","{""X"":0,""Y"":100,""Z"":0,""A"":0,""C"":0}","[-0.1144,-0.032799999999999996,-0.06533333333333334,0.016266666666666665,-0.016266666666666676,0.06533333333333333,0.032799999999999996,0.1144]","14.118678122676531","14"
"horizontal-used-plane-positive-Z-100","horizontal","XY","used123456","bulk support fixture; real axis slider","{""X"":0,""Y"":0,""Z"":-100,""A"":0,""C"":0}","[-0.1144,-0.032799999999999996,-0.06533333333333334,0.016266666666666665,-0.016266666666666676,0.06533333333333333,0.032799999999999996,0.1144]","16.958999991196695","17"
"horizontal-used-plane-positive-Z-100","horizontal","XZ","used123456","bulk support fixture; real axis slider","{""X"":0,""Y"":0,""Z"":-100,""A"":0,""C"":0}","[-0.1144,-0.032799999999999996,-0.06533333333333334,0.016266666666666665,-0.016266666666666676,0.06533333333333333,0.032799999999999996,0.1144]","8.128999998793448","8"
"horizontal-used-plane-positive-Z-100","horizontal","YZ","used123456","bulk support fixture; real axis slider","{""X"":0,""Y"":0,""Z"":-100,""A"":0,""C"":0}","[-0.1144,-0.032799999999999996,-0.06533333333333334,0.016266666666666665,-0.016266666666666676,0.06533333333333333,0.032799999999999996,0.1144]","14.119999995437087","14"
"horizontal-used-plane-positive-Z-100","horizontal","a","used123456","bulk support fixture; real axis slider","{""X"":0,""Y"":0,""Z"":-100,""A"":0,""C"":0}","[-0.1144,-0.032799999999999996,-0.06533333333333334,0.016266666666666665,-0.016266666666666676,0.06533333333333333,0.032799999999999996,0.1144]","8.125810727288574","8"
"horizontal-used-plane-positive-Z-100","horizontal","b","used123456","bulk support fixture; real axis slider","{""X"":0,""Y"":0,""Z"":-100,""A"":0,""C"":0}","[-0.1144,-0.032799999999999996,-0.06533333333333334,0.016266666666666665,-0.016266666666666676,0.06533333333333333,0.032799999999999996,0.1144]","14.118678122686939","14"
"horizontal-used-plane-positive-Z100","horizontal","XY","used123456","bulk support fixture; real axis slider","{""X"":0,""Y"":0,""Z"":100,""A"":0,""C"":0}","[-0.1144,-0.032799999999999996,-0.06533333333333334,0.016266666666666665,-0.016266666666666676,0.06533333333333333,0.032799999999999996,0.1144]","16.958999991446497","17"
"horizontal-used-plane-positive-Z100","horizontal","XZ","used123456","bulk support fixture; real axis slider","{""X"":0,""Y"":0,""Z"":100,""A"":0,""C"":0}","[-0.1144,-0.032799999999999996,-0.06533333333333334,0.016266666666666665,-0.016266666666666676,0.06533333333333333,0.032799999999999996,0.1144]","8.128999999293049","8"
"horizontal-used-plane-positive-Z100","horizontal","YZ","used123456","bulk support fixture; real axis slider","{""X"":0,""Y"":0,""Z"":100,""A"":0,""C"":0}","[-0.1144,-0.032799999999999996,-0.06533333333333334,0.016266666666666665,-0.016266666666666676,0.06533333333333333,0.032799999999999996,0.1144]","14.119999995326065","14"
"horizontal-used-plane-positive-Z100","horizontal","a","used123456","bulk support fixture; real axis slider","{""X"":0,""Y"":0,""Z"":100,""A"":0,""C"":0}","[-0.1144,-0.032799999999999996,-0.06533333333333334,0.016266666666666665,-0.016266666666666676,0.06533333333333333,0.032799999999999996,0.1144]","8.125810727285105","8"
"horizontal-used-plane-positive-Z100","horizontal","b","used123456","bulk support fixture; real axis slider","{""X"":0,""Y"":0,""Z"":100,""A"":0,""C"":0}","[-0.1144,-0.032799999999999996,-0.06533333333333334,0.016266666666666665,-0.016266666666666676,0.06533333333333333,0.032799999999999996,0.1144]","14.118678122232442","14"
"horizontal-used-posture-plane-negative","horizontal","XY","used123456","known bulk fixture via evaluate","{""X"":0,""Y"":0,""Z"":0,""A"":0,""C"":0}","[0.1144,0.032799999999999996,0.06533333333333334,-0.016266666666666665,0.016266666666666676,-0.06533333333333333,-0.032799999999999996,-0.1144]","16.958999991167207","17"
"horizontal-used-posture-plane-negative","horizontal","XZ","used123456","known bulk fixture via evaluate","{""X"":0,""Y"":0,""Z"":0,""A"":0,""C"":0}","[0.1144,0.032799999999999996,0.06533333333333334,-0.016266666666666665,0.016266666666666676,-0.06533333333333333,-0.032799999999999996,-0.1144]","8.128999999121312","8"
"horizontal-used-posture-plane-negative","horizontal","YZ","used123456","known bulk fixture via evaluate","{""X"":0,""Y"":0,""Z"":0,""A"":0,""C"":0}","[0.1144,0.032799999999999996,0.06533333333333334,-0.016266666666666665,0.016266666666666676,-0.06533333333333333,-0.032799999999999996,-0.1144]","14.1199999949531","14"
"horizontal-used-posture-plane-negative","horizontal","a","used123456","known bulk fixture via evaluate","{""X"":0,""Y"":0,""Z"":0,""A"":0,""C"":0}","[0.1144,0.032799999999999996,0.06533333333333334,-0.016266666666666665,0.016266666666666676,-0.06533333333333333,-0.032799999999999996,-0.1144]","8.125810727288574","8"
"horizontal-used-posture-plane-negative","horizontal","b","used123456","known bulk fixture via evaluate","{""X"":0,""Y"":0,""Z"":0,""A"":0,""C"":0}","[0.1144,0.032799999999999996,0.06533333333333334,-0.016266666666666665,0.016266666666666676,-0.06533333333333333,-0.032799999999999996,-0.1144]","14.118678122107543","14"
"horizontal-used-plane-negative-X-100","horizontal","XY","used123456","bulk support fixture; real axis slider","{""X"":-100,""Y"":0,""Z"":0,""A"":0,""C"":0}","[0.1144,0.032799999999999996,0.06533333333333334,-0.016266666666666665,0.016266666666666676,-0.06533333333333333,-0.032799999999999996,-0.1144]","16.958999991335475","17"
"horizontal-used-plane-negative-X-100","horizontal","XZ","used123456","bulk support fixture; real axis slider","{""X"":-100,""Y"":0,""Z"":0,""A"":0,""C"":0}","[0.1144,0.032799999999999996,0.06533333333333334,-0.016266666666666665,0.016266666666666676,-0.06533333333333333,-0.032799999999999996,-0.1144]","8.128999999260088","8"
"horizontal-used-plane-negative-X-100","horizontal","YZ","used123456","bulk support fixture; real axis slider","{""X"":-100,""Y"":0,""Z"":0,""A"":0,""C"":0}","[0.1144,0.032799999999999996,0.06533333333333334,-0.016266666666666665,0.016266666666666676,-0.06533333333333333,-0.032799999999999996,-0.1144]","14.1199999949531","14"
"horizontal-used-plane-negative-X-100","horizontal","a","used123456","bulk support fixture; real axis slider","{""X"":-100,""Y"":0,""Z"":0,""A"":0,""C"":0}","[0.1144,0.032799999999999996,0.06533333333333334,-0.016266666666666665,0.016266666666666676,-0.06533333333333333,-0.032799999999999996,-0.1144]","8.125810727292043","8"
"horizontal-used-plane-negative-X-100","horizontal","b","used123456","bulk support fixture; real axis slider","{""X"":-100,""Y"":0,""Z"":0,""A"":0,""C"":0}","[0.1144,0.032799999999999996,0.06533333333333334,-0.016266666666666665,0.016266666666666676,-0.06533333333333333,-0.032799999999999996,-0.1144]","14.118678122100603","14"
"horizontal-used-plane-negative-X100","horizontal","XY","used123456","bulk support fixture; real axis slider","{""X"":100,""Y"":0,""Z"":0,""A"":0,""C"":0}","[0.1144,0.032799999999999996,0.06533333333333334,-0.016266666666666665,0.016266666666666676,-0.06533333333333333,-0.032799999999999996,-0.1144]","16.95899999116894","17"
"horizontal-used-plane-negative-X100","horizontal","XZ","used123456","bulk support fixture; real axis slider","{""X"":100,""Y"":0,""Z"":0,""A"":0,""C"":0}","[0.1144,0.032799999999999996,0.06533333333333334,-0.016266666666666665,0.016266666666666676,-0.06533333333333333,-0.032799999999999996,-0.1144]","8.128999999093555","8"
"horizontal-used-plane-negative-X100","horizontal","YZ","used123456","bulk support fixture; real axis slider","{""X"":100,""Y"":0,""Z"":0,""A"":0,""C"":0}","[0.1144,0.032799999999999996,0.06533333333333334,-0.016266666666666665,0.016266666666666676,-0.06533333333333333,-0.032799999999999996,-0.1144]","14.119999995175144","14"
"horizontal-used-plane-negative-X100","horizontal","a","used123456","bulk support fixture; real axis slider","{""X"":100,""Y"":0,""Z"":0,""A"":0,""C"":0}","[0.1144,0.032799999999999996,0.06533333333333334,-0.016266666666666665,0.016266666666666676,-0.06533333333333333,-0.032799999999999996,-0.1144]","8.125810727292043","8"
"horizontal-used-plane-negative-X100","horizontal","b","used123456","bulk support fixture; real axis slider","{""X"":100,""Y"":0,""Z"":0,""A"":0,""C"":0}","[0.1144,0.032799999999999996,0.06533333333333334,-0.016266666666666665,0.016266666666666676,-0.06533333333333333,-0.032799999999999996,-0.1144]","14.118678122100603","14"
"horizontal-used-plane-negative-Y-100","horizontal","XY","used123456","bulk support fixture; real axis slider","{""X"":0,""Y"":-100,""Z"":0,""A"":0,""C"":0}","[0.1144,0.032799999999999996,0.06533333333333334,-0.016266666666666665,0.016266666666666676,-0.06533333333333333,-0.032799999999999996,-0.1144]","16.958999990945163","17"
"horizontal-used-plane-negative-Y-100","horizontal","XZ","used123456","bulk support fixture; real axis slider","{""X"":0,""Y"":-100,""Z"":0,""A"":0,""C"":0}","[0.1144,0.032799999999999996,0.06533333333333334,-0.016266666666666665,0.016266666666666676,-0.06533333333333333,-0.032799999999999996,-0.1144]","8.128999999121312","8"
"horizontal-used-plane-negative-Y-100","horizontal","YZ","used123456","bulk support fixture; real axis slider","{""X"":0,""Y"":-100,""Z"":0,""A"":0,""C"":0}","[0.1144,0.032799999999999996,0.06533333333333334,-0.016266666666666665,0.016266666666666676,-0.06533333333333333,-0.032799999999999996,-0.1144]","14.1199999949531","14"
"horizontal-used-plane-negative-Y-100","horizontal","a","used123456","bulk support fixture; real axis slider","{""X"":0,""Y"":-100,""Z"":0,""A"":0,""C"":0}","[0.1144,0.032799999999999996,0.06533333333333334,-0.016266666666666665,0.016266666666666676,-0.06533333333333333,-0.032799999999999996,-0.1144]","8.125810727288574","8"
"horizontal-used-plane-negative-Y-100","horizontal","b","used123456","bulk support fixture; real axis slider","{""X"":0,""Y"":-100,""Z"":0,""A"":0,""C"":0}","[0.1144,0.032799999999999996,0.06533333333333334,-0.016266666666666665,0.016266666666666676,-0.06533333333333333,-0.032799999999999996,-0.1144]","14.118678122107543","14"
"horizontal-used-plane-negative-Y100","horizontal","XY","used123456","bulk support fixture; real axis slider","{""X"":0,""Y"":100,""Z"":0,""A"":0,""C"":0}","[0.1144,0.032799999999999996,0.06533333333333334,-0.016266666666666665,0.016266666666666676,-0.06533333333333333,-0.032799999999999996,-0.1144]","16.958999991167207","17"
"horizontal-used-plane-negative-Y100","horizontal","XZ","used123456","bulk support fixture; real axis slider","{""X"":0,""Y"":100,""Z"":0,""A"":0,""C"":0}","[0.1144,0.032799999999999996,0.06533333333333334,-0.016266666666666665,0.016266666666666676,-0.06533333333333333,-0.032799999999999996,-0.1144]","8.128999999121312","8"
"horizontal-used-plane-negative-Y100","horizontal","YZ","used123456","bulk support fixture; real axis slider","{""X"":0,""Y"":100,""Z"":0,""A"":0,""C"":0}","[0.1144,0.032799999999999996,0.06533333333333334,-0.016266666666666665,0.016266666666666676,-0.06533333333333333,-0.032799999999999996,-0.1144]","14.119999995175144","14"
"horizontal-used-plane-negative-Y100","horizontal","a","used123456","bulk support fixture; real axis slider","{""X"":0,""Y"":100,""Z"":0,""A"":0,""C"":0}","[0.1144,0.032799999999999996,0.06533333333333334,-0.016266666666666665,0.016266666666666676,-0.06533333333333333,-0.032799999999999996,-0.1144]","8.125810727288574","8"
"horizontal-used-plane-negative-Y100","horizontal","b","used123456","bulk support fixture; real axis slider","{""X"":0,""Y"":100,""Z"":0,""A"":0,""C"":0}","[0.1144,0.032799999999999996,0.06533333333333334,-0.016266666666666665,0.016266666666666676,-0.06533333333333333,-0.032799999999999996,-0.1144]","14.118678122100603","14"
"horizontal-used-plane-negative-Z-100","horizontal","XY","used123456","bulk support fixture; real axis slider","{""X"":0,""Y"":0,""Z"":-100,""A"":0,""C"":0}","[0.1144,0.032799999999999996,0.06533333333333334,-0.016266666666666665,0.016266666666666676,-0.06533333333333333,-0.032799999999999996,-0.1144]","16.958999991361495","17"
"horizontal-used-plane-negative-Z-100","horizontal","XZ","used123456","bulk support fixture; real axis slider","{""X"":0,""Y"":0,""Z"":-100,""A"":0,""C"":0}","[0.1144,0.032799999999999996,0.06533333333333334,-0.016266666666666665,0.016266666666666676,-0.06533333333333333,-0.032799999999999996,-0.1144]","8.128999999038044","8"
"horizontal-used-plane-negative-Z-100","horizontal","YZ","used123456","bulk support fixture; real axis slider","{""X"":0,""Y"":0,""Z"":-100,""A"":0,""C"":0}","[0.1144,0.032799999999999996,0.06533333333333334,-0.016266666666666665,0.016266666666666676,-0.06533333333333333,-0.032799999999999996,-0.1144]","14.119999995065857","14"
"horizontal-used-plane-negative-Z-100","horizontal","a","used123456","bulk support fixture; real axis slider","{""X"":0,""Y"":0,""Z"":-100,""A"":0,""C"":0}","[0.1144,0.032799999999999996,0.06533333333333334,-0.016266666666666665,0.016266666666666676,-0.06533333333333333,-0.032799999999999996,-0.1144]","8.125810727278166","8"
"horizontal-used-plane-negative-Z-100","horizontal","b","used123456","bulk support fixture; real axis slider","{""X"":0,""Y"":0,""Z"":-100,""A"":0,""C"":0}","[0.1144,0.032799999999999996,0.06533333333333334,-0.016266666666666665,0.016266666666666676,-0.06533333333333333,-0.032799999999999996,-0.1144]","14.118678122995721","14"
"horizontal-used-plane-negative-Z100","horizontal","XY","used123456","bulk support fixture; real axis slider","{""X"":0,""Y"":0,""Z"":100,""A"":0,""C"":0}","[0.1144,0.032799999999999996,0.06533333333333334,-0.016266666666666665,0.016266666666666676,-0.06533333333333333,-0.032799999999999996,-0.1144]","16.95899999111343","17"
"horizontal-used-plane-negative-Z100","horizontal","XZ","used123456","bulk support fixture; real axis slider","{""X"":0,""Y"":0,""Z"":100,""A"":0,""C"":0}","[0.1144,0.032799999999999996,0.06533333333333334,-0.016266666666666665,0.016266666666666676,-0.06533333333333333,-0.032799999999999996,-0.1144]","8.128999999232335","8"
"horizontal-used-plane-negative-Z100","horizontal","YZ","used123456","bulk support fixture; real axis slider","{""X"":0,""Y"":0,""Z"":100,""A"":0,""C"":0}","[0.1144,0.032799999999999996,0.06533333333333334,-0.016266666666666665,0.016266666666666676,-0.06533333333333333,-0.032799999999999996,-0.1144]","14.119999995508211","14"
"horizontal-used-plane-negative-Z100","horizontal","a","used123456","bulk support fixture; real axis slider","{""X"":0,""Y"":0,""Z"":100,""A"":0,""C"":0}","[0.1144,0.032799999999999996,0.06533333333333334,-0.016266666666666665,0.016266666666666676,-0.06533333333333333,-0.032799999999999996,-0.1144]","8.125810727278166","8"
"horizontal-used-plane-negative-Z100","horizontal","b","used123456","bulk support fixture; real axis slider","{""X"":0,""Y"":0,""Z"":100,""A"":0,""C"":0}","[0.1144,0.032799999999999996,0.06533333333333334,-0.016266666666666665,0.016266666666666676,-0.06533333333333333,-0.032799999999999996,-0.1144]","14.118678122100603","14"
"horizontal-used-posture-.01","horizontal","XY","used123456","known bulk fixture via evaluate","{""X"":0,""Y"":0,""Z"":0,""A"":0,""C"":0}","[0.025024,-0.025024,0.008341333333333334,-0.008341333333333334,-0.008341333333333333,0.008341333333333333,-0.025024,0.025024]","23.51100294384345","24"
"horizontal-used-posture-.01","horizontal","XZ","used123456","known bulk fixture via evaluate","{""X"":0,""Y"":0,""Z"":0,""A"":0,""C"":0}","[0.025024,-0.025024,0.008341333333333334,-0.008341333333333334,-0.008341333333333333,0.008341333333333333,-0.025024,0.025024]","4.169021875605542","4"
"horizontal-used-posture-.01","horizontal","YZ","used123456","known bulk fixture via evaluate","{""X"":0,""Y"":0,""Z"":0,""A"":0,""C"":0}","[0.025024,-0.025024,0.008341333333333334,-0.008341333333333334,-0.008341333333333333,0.008341333333333333,-0.025024,0.025024]","14.119981974231033","14"
"horizontal-used-posture-.01","horizontal","a","used123456","known bulk fixture via evaluate","{""X"":0,""Y"":0,""Z"":0,""A"":0,""C"":0}","[0.025024,-0.025024,0.008341333333333334,-0.008341333333333334,-0.008341333333333333,0.008341333333333333,-0.025024,0.025024]","2.4561192019205427","2"
"horizontal-used-posture-.01","horizontal","b","used123456","known bulk fixture via evaluate","{""X"":0,""Y"":0,""Z"":0,""A"":0,""C"":0}","[0.025024,-0.025024,0.008341333333333334,-0.008341333333333334,-0.008341333333333333,0.008341333333333333,-0.025024,0.025024]","14.11970989895206","14"
"horizontal-used-.01-X-100","horizontal","XY","used123456","bulk support fixture; real axis slider","{""X"":-100,""Y"":0,""Z"":0,""A"":0,""C"":0}","[0.025024,-0.025024,0.008341333333333334,-0.008341333333333334,-0.008341333333333333,0.008341333333333333,-0.025024,0.025024]","23.511013833387924","24"
"horizontal-used-.01-X-100","horizontal","XZ","used123456","bulk support fixture; real axis slider","{""X"":-100,""Y"":0,""Z"":0,""A"":0,""C"":0}","[0.025024,-0.025024,0.008341333333333334,-0.008341333333333334,-0.008341333333333333,0.008341333333333333,-0.025024,0.025024]","4.169021876356677","4"
"horizontal-used-.01-X-100","horizontal","YZ","used123456","bulk support fixture; real axis slider","{""X"":-100,""Y"":0,""Z"":0,""A"":0,""C"":0}","[0.025024,-0.025024,0.008341333333333334,-0.008341333333333334,-0.008341333333333333,0.008341333333333333,-0.025024,0.025024]","15.769981969122881","16"
"horizontal-used-.01-X-100","horizontal","a","used123456","bulk support fixture; real axis slider","{""X"":-100,""Y"":0,""Z"":0,""A"":0,""C"":0}","[0.025024,-0.025024,0.008341333333333334,-0.008341333333333334,-0.008341333333333333,0.008341333333333333,-0.025024,0.025024]","2.4560792060319967","2"
"horizontal-used-.01-X-100","horizontal","b","used123456","bulk support fixture; real axis slider","{""X"":-100,""Y"":0,""Z"":0,""A"":0,""C"":0}","[0.025024,-0.025024,0.008341333333333334,-0.008341333333333334,-0.008341333333333333,0.008341333333333333,-0.025024,0.025024]","14.119709901777924","14"
"horizontal-used-.01-X100","horizontal","XY","used123456","bulk support fixture; real axis slider","{""X"":100,""Y"":0,""Z"":0,""A"":0,""C"":0}","[0.025024,-0.025024,0.008341333333333334,-0.008341333333333334,-0.008341333333333333,0.008341333333333333,-0.025024,0.025024]","23.51099205330151","24"
"horizontal-used-.01-X100","horizontal","XZ","used123456","bulk support fixture; real axis slider","{""X"":100,""Y"":0,""Z"":0,""A"":0,""C"":0}","[0.025024,-0.025024,0.008341333333333334,-0.008341333333333334,-0.008341333333333333,0.008341333333333333,-0.025024,0.025024]","4.169021875827586","4"
"horizontal-used-.01-X100","horizontal","YZ","used123456","bulk support fixture; real axis slider","{""X"":100,""Y"":0,""Z"":0,""A"":0,""C"":0}","[0.025024,-0.025024,0.008341333333333334,-0.008341333333333334,-0.008341333333333333,0.008341333333333333,-0.025024,0.025024]","12.469981979129283","12"
"horizontal-used-.01-X100","horizontal","a","used123456","bulk support fixture; real axis slider","{""X"":100,""Y"":0,""Z"":0,""A"":0,""C"":0}","[0.025024,-0.025024,0.008341333333333334,-0.008341333333333334,-0.008341333333333333,0.008341333333333333,-0.025024,0.025024]","2.456159198034602","2"
"horizontal-used-.01-X100","horizontal","b","used123456","bulk support fixture; real axis slider","{""X"":100,""Y"":0,""Z"":0,""A"":0,""C"":0}","[0.025024,-0.025024,0.008341333333333334,-0.008341333333333334,-0.008341333333333333,0.008341333333333333,-0.025024,0.025024]","14.119709894783519","14"
"horizontal-used-.01-Y-100","horizontal","XY","used123456","bulk support fixture; real axis slider","{""X"":0,""Y"":-100,""Z"":0,""A"":0,""C"":0}","[0.025024,-0.025024,0.008341333333333334,-0.008341333333333334,-0.008341333333333333,0.008341333333333333,-0.025024,0.025024]","23.51100294334385","24"
"horizontal-used-.01-Y-100","horizontal","XZ","used123456","bulk support fixture; real axis slider","{""X"":0,""Y"":-100,""Z"":0,""A"":0,""C"":0}","[0.025024,-0.025024,0.008341333333333334,-0.008341333333333334,-0.008341333333333333,0.008341333333333333,-0.025024,0.025024]","4.169021875716564","4"
"horizontal-used-.01-Y-100","horizontal","YZ","used123456","bulk support fixture; real axis slider","{""X"":0,""Y"":-100,""Z"":0,""A"":0,""C"":0}","[0.025024,-0.025024,0.008341333333333334,-0.008341333333333334,-0.008341333333333333,0.008341333333333333,-0.025024,0.025024]","14.119981974451342","14"
"horizontal-used-.01-Y-100","horizontal","a","used123456","bulk support fixture; real axis slider","{""X"":0,""Y"":-100,""Z"":0,""A"":0,""C"":0}","[0.025024,-0.025024,0.008341333333333334,-0.008341333333333334,-0.008341333333333333,0.008341333333333333,-0.025024,0.025024]","3.3561192026299036","3"
"horizontal-used-.01-Y-100","horizontal","b","used123456","bulk support fixture; real axis slider","{""X"":0,""Y"":-100,""Z"":0,""A"":0,""C"":0}","[0.025024,-0.025024,0.008341333333333334,-0.008341333333333334,-0.008341333333333333,0.008341333333333333,-0.025024,0.025024]","14.119603785174572","14"
"horizontal-used-.01-Y100","horizontal","XY","used123456","bulk support fixture; real axis slider","{""X"":0,""Y"":100,""Z"":0,""A"":0,""C"":0}","[0.025024,-0.025024,0.008341333333333334,-0.008341333333333334,-0.008341333333333333,0.008341333333333333,-0.025024,0.025024]","23.51100294384345","24"
"horizontal-used-.01-Y100","horizontal","XZ","used123456","bulk support fixture; real axis slider","{""X"":0,""Y"":100,""Z"":0,""A"":0,""C"":0}","[0.025024,-0.025024,0.008341333333333334,-0.008341333333333334,-0.008341333333333333,0.008341333333333333,-0.025024,0.025024]","4.169021875522275","4"
"horizontal-used-.01-Y100","horizontal","YZ","used123456","bulk support fixture; real axis slider","{""X"":0,""Y"":100,""Z"":0,""A"":0,""C"":0}","[0.025024,-0.025024,0.008341333333333334,-0.008341333333333334,-0.008341333333333333,0.008341333333333333,-0.025024,0.025024]","14.119981974453077","14"
"horizontal-used-.01-Y100","horizontal","a","used123456","bulk support fixture; real axis slider","{""X"":0,""Y"":100,""Z"":0,""A"":0,""C"":0}","[0.025024,-0.025024,0.008341333333333334,-0.008341333333333334,-0.008341333333333333,0.008341333333333333,-0.025024,0.025024]","1.556119201193834","2"
"horizontal-used-.01-Y100","horizontal","b","used123456","bulk support fixture; real axis slider","{""X"":0,""Y"":100,""Z"":0,""A"":0,""C"":0}","[0.025024,-0.025024,0.008341333333333334,-0.008341333333333334,-0.008341333333333333,0.008341333333333333,-0.025024,0.025024]","14.11978361271285","14"
"horizontal-used-.01-Z-100","horizontal","XY","used123456","bulk support fixture; real axis slider","{""X"":0,""Y"":0,""Z"":-100,""A"":0,""C"":0}","[0.025024,-0.025024,0.008341333333333334,-0.008341333333333334,-0.008341333333333333,0.008341333333333333,-0.025024,0.025024]","24.861002936457655","25"
"horizontal-used-.01-Z-100","horizontal","XZ","used123456","bulk support fixture; real axis slider","{""X"":0,""Y"":0,""Z"":-100,""A"":0,""C"":0}","[0.025024,-0.025024,0.008341333333333334,-0.008341333333333334,-0.008341333333333333,0.008341333333333333,-0.025024,0.025024]","4.169148959174904","4"
"horizontal-used-.01-Z-100","horizontal","YZ","used123456","bulk support fixture; real axis slider","{""X"":0,""Y"":0,""Z"":-100,""A"":0,""C"":0}","[0.025024,-0.025024,0.008341333333333334,-0.008341333333333334,-0.008341333333333333,0.008341333333333333,-0.025024,0.025024]","14.11991771303224","14"
"horizontal-used-.01-Z-100","horizontal","a","used123456","bulk support fixture; real axis slider","{""X"":0,""Y"":0,""Z"":-100,""A"":0,""C"":0}","[0.025024,-0.025024,0.008341333333333334,-0.008341333333333334,-0.008341333333333333,0.008341333333333333,-0.025024,0.025024]","2.456182762160947","2"
"horizontal-used-.01-Z-100","horizontal","b","used123456","bulk support fixture; real axis slider","{""X"":0,""Y"":0,""Z"":-100,""A"":0,""C"":0}","[0.025024,-0.025024,0.008341333333333334,-0.008341333333333334,-0.008341333333333333,0.008341333333333333,-0.025024,0.025024]","14.119673307097514","14"
"horizontal-used-.01-Z100","horizontal","XY","used123456","bulk support fixture; real axis slider","{""X"":0,""Y"":0,""Z"":100,""A"":0,""C"":0}","[0.025024,-0.025024,0.008341333333333334,-0.008341333333333334,-0.008341333333333333,0.008341333333333333,-0.025024,0.025024]","22.161002950736584","22"
"horizontal-used-.01-Z100","horizontal","XZ","used123456","bulk support fixture; real axis slider","{""X"":0,""Y"":0,""Z"":100,""A"":0,""C"":0}","[0.025024,-0.025024,0.008341333333333334,-0.008341333333333334,-0.008341333333333333,0.008341333333333333,-0.025024,0.025024]","4.168979514353882","4"
"horizontal-used-.01-Z100","horizontal","YZ","used123456","bulk support fixture; real axis slider","{""X"":0,""Y"":0,""Z"":100,""A"":0,""C"":0}","[0.025024,-0.025024,0.008341333333333334,-0.008341333333333334,-0.008341333333333333,0.008341333333333333,-0.025024,0.025024]","14.120003394627739","14"
"horizontal-used-.01-Z100","horizontal","a","used123456","bulk support fixture; real axis slider","{""X"":0,""Y"":0,""Z"":100,""A"":0,""C"":0}","[0.025024,-0.025024,0.008341333333333334,-0.008341333333333334,-0.008341333333333333,0.008341333333333333,-0.025024,0.025024]","2.456098015166802","2"
"horizontal-used-.01-Z100","horizontal","b","used123456","bulk support fixture; real axis slider","{""X"":0,""Y"":0,""Z"":100,""A"":0,""C"":0}","[0.025024,-0.025024,0.008341333333333334,-0.008341333333333334,-0.008341333333333333,0.008341333333333333,-0.025024,0.025024]","14.119722095928127","14"
"horizontal-used-posture--.01","horizontal","XY","used123456","known bulk fixture via evaluate","{""X"":0,""Y"":0,""Z"":0,""A"":0,""C"":0}","[-0.025024,0.025024,-0.008341333333333334,0.008341333333333334,0.008341333333333333,-0.008341333333333333,0.025024,-0.025024]","10.407002970082985","10"
"horizontal-used-posture--.01","horizontal","XZ","used123456","known bulk fixture via evaluate","{""X"":0,""Y"":0,""Z"":0,""A"":0,""C"":0}","[-0.025024,0.025024,-0.008341333333333334,0.008341333333333334,0.008341333333333333,-0.008341333333333333,0.025024,-0.025024]","12.088976681545043","12"
"horizontal-used-posture--.01","horizontal","YZ","used123456","known bulk fixture via evaluate","{""X"":0,""Y"":0,""Z"":0,""A"":0,""C"":0}","[-0.025024,0.025024,-0.008341333333333334,0.008341333333333334,0.008341333333333333,-0.008341333333333333,0.025024,-0.025024]","14.120113225248032","14"
"horizontal-used-posture--.01","horizontal","a","used123456","known bulk fixture via evaluate","{""X"":0,""Y"":0,""Z"":0,""A"":0,""C"":0}","[-0.025024,0.025024,-0.008341333333333334,0.008341333333333334,0.008341333333333333,-0.008341333333333333,0.025024,-0.025024]","13.795502239174334","14"
"horizontal-used-posture--.01","horizontal","b","used123456","known bulk fixture via evaluate","{""X"":0,""Y"":0,""Z"":0,""A"":0,""C"":0}","[-0.025024,0.025024,-0.008341333333333334,0.008341333333333334,0.008341333333333333,-0.008341333333333333,0.025024,-0.025024]","14.116377532517182","14"
"horizontal-used--.01-X-100","horizontal","XY","used123456","bulk support fixture; real axis slider","{""X"":-100,""Y"":0,""Z"":0,""A"":0,""C"":0}","[-0.025024,0.025024,-0.008341333333333334,0.008341333333333334,0.008341333333333333,-0.008341333333333333,0.025024,-0.025024]","10.407013860010833","10"
"horizontal-used--.01-X-100","horizontal","XZ","used123456","bulk support fixture; real axis slider","{""X"":-100,""Y"":0,""Z"":0,""A"":0,""C"":0}","[-0.025024,0.025024,-0.008341333333333334,0.008341333333333334,0.008341333333333333,-0.008341333333333333,0.025024,-0.025024]","12.088976681600554","12"
"horizontal-used--.01-X-100","horizontal","YZ","used123456","bulk support fixture; real axis slider","{""X"":-100,""Y"":0,""Z"":0,""A"":0,""C"":0}","[-0.025024,0.025024,-0.008341333333333334,0.008341333333333334,0.008341333333333333,-0.008341333333333333,0.025024,-0.025024]","12.470113229941585","12"
"horizontal-used--.01-X-100","horizontal","a","used123456","bulk support fixture; real axis slider","{""X"":-100,""Y"":0,""Z"":0,""A"":0,""C"":0}","[-0.025024,0.025024,-0.008341333333333334,0.008341333333333334,0.008341333333333333,-0.008341333333333333,0.025024,-0.025024]","13.795462243136603","14"
"horizontal-used--.01-X-100","horizontal","b","used123456","bulk support fixture; real axis slider","{""X"":-100,""Y"":0,""Z"":0,""A"":0,""C"":0}","[-0.025024,0.025024,-0.008341333333333334,0.008341333333333334,0.008341333333333333,-0.008341333333333333,0.025024,-0.025024]","14.116377558888448","14"
"horizontal-used--.01-X100","horizontal","XY","used123456","bulk support fixture; real axis slider","{""X"":100,""Y"":0,""Z"":0,""A"":0,""C"":0}","[-0.025024,0.025024,-0.008341333333333334,0.008341333333333334,0.008341333333333333,-0.008341333333333333,0.025024,-0.025024]","10.406992080122176","10"
"horizontal-used--.01-X100","horizontal","XZ","used123456","bulk support fixture; real axis slider","{""X"":100,""Y"":0,""Z"":0,""A"":0,""C"":0}","[-0.025024,0.025024,-0.008341333333333334,0.008341333333333334,0.008341333333333333,-0.008341333333333333,0.025024,-0.025024]","12.088976681071465","12"
"horizontal-used--.01-X100","horizontal","YZ","used123456","bulk support fixture; real axis slider","{""X"":100,""Y"":0,""Z"":0,""A"":0,""C"":0}","[-0.025024,0.025024,-0.008341333333333334,0.008341333333333334,0.008341333333333333,-0.008341333333333333,0.025024,-0.025024]","15.770113220120798","16"
"horizontal-used--.01-X100","horizontal","a","used123456","bulk support fixture; real axis slider","{""X"":100,""Y"":0,""Z"":0,""A"":0,""C"":0}","[-0.025024,0.025024,-0.008341333333333334,0.008341333333333334,0.008341333333333333,-0.008341333333333333,0.025024,-0.025024]","13.795542234927572","14"
"horizontal-used--.01-X100","horizontal","b","used123456","bulk support fixture; real axis slider","{""X"":100,""Y"":0,""Z"":0,""A"":0,""C"":0}","[-0.025024,0.025024,-0.008341333333333334,0.008341333333333334,0.008341333333333333,-0.008341333333333333,0.025024,-0.025024]","14.116377505257738","14"
"horizontal-used--.01-Y-100","horizontal","XY","used123456","bulk support fixture; real axis slider","{""X"":0,""Y"":-100,""Z"":0,""A"":0,""C"":0}","[-0.025024,0.025024,-0.008341333333333334,0.008341333333333334,0.008341333333333333,-0.008341333333333333,0.025024,-0.025024]","10.40700296961114","10"
"horizontal-used--.01-Y-100","horizontal","XZ","used123456","bulk support fixture; real axis slider","{""X"":0,""Y"":-100,""Z"":0,""A"":0,""C"":0}","[-0.025024,0.025024,-0.008341333333333334,0.008341333333333334,0.008341333333333333,-0.008341333333333333,0.025024,-0.025024]","12.088976681517288","12"
"horizontal-used--.01-Y-100","horizontal","YZ","used123456","bulk support fixture; real axis slider","{""X"":0,""Y"":-100,""Z"":0,""A"":0,""C"":0}","[-0.025024,0.025024,-0.008341333333333334,0.008341333333333334,0.008341333333333333,-0.008341333333333333,0.025024,-0.025024]","14.120113225248032","14"
"horizontal-used--.01-Y-100","horizontal","a","used123456","bulk support fixture; real axis slider","{""X"":0,""Y"":-100,""Z"":0,""A"":0,""C"":0}","[-0.025024,0.025024,-0.008341333333333334,0.008341333333333334,0.008341333333333333,-0.008341333333333333,0.025024,-0.025024]","12.895502239977652","13"
"horizontal-used--.01-Y-100","horizontal","b","used123456","bulk support fixture; real axis slider","{""X"":0,""Y"":-100,""Z"":0,""A"":0,""C"":0}","[-0.025024,0.025024,-0.008341333333333334,0.008341333333333334,0.008341333333333333,-0.008341333333333333,0.025024,-0.025024]","14.116856764116031","14"
"horizontal-used--.01-Y100","horizontal","XY","used123456","bulk support fixture; real axis slider","{""X"":0,""Y"":100,""Z"":0,""A"":0,""C"":0}","[-0.025024,0.025024,-0.008341333333333334,0.008341333333333334,0.008341333333333333,-0.008341333333333333,0.025024,-0.025024]","10.407002970082985","10"
"horizontal-used--.01-Y100","horizontal","XZ","used123456","bulk support fixture; real axis slider","{""X"":0,""Y"":100,""Z"":0,""A"":0,""C"":0}","[-0.025024,0.025024,-0.008341333333333334,0.008341333333333334,0.008341333333333333,-0.008341333333333333,0.025024,-0.025024]","12.088976681489532","12"
"horizontal-used--.01-Y100","horizontal","YZ","used123456","bulk support fixture; real axis slider","{""X"":0,""Y"":100,""Z"":0,""A"":0,""C"":0}","[-0.025024,0.025024,-0.008341333333333334,0.008341333333333334,0.008341333333333333,-0.008341333333333333,0.025024,-0.025024]","14.120113225470076","14"
"horizontal-used--.01-Y100","horizontal","a","used123456","bulk support fixture; real axis slider","{""X"":0,""Y"":100,""Z"":0,""A"":0,""C"":0}","[-0.025024,0.025024,-0.008341333333333334,0.008341333333333334,0.008341333333333333,-0.008341333333333333,0.025024,-0.025024]","14.695502238360609","15"
"horizontal-used--.01-Y100","horizontal","b","used123456","bulk support fixture; real axis slider","{""X"":0,""Y"":100,""Z"":0,""A"":0,""C"":0}","[-0.025024,0.025024,-0.008341333333333334,0.008341333333333334,0.008341333333333333,-0.008341333333333333,0.025024,-0.025024]","14.115865900454077","14"
"horizontal-used--.01-Z-100","horizontal","XY","used123456","bulk support fixture; real axis slider","{""X"":0,""Y"":0,""Z"":-100,""A"":0,""C"":0}","[-0.025024,0.025024,-0.008341333333333334,0.008341333333333334,0.008341333333333333,-0.008341333333333333,0.025024,-0.025024]","9.057002973763412","9"
"horizontal-used--.01-Z-100","horizontal","XZ","used123456","bulk support fixture; real axis slider","{""X"":0,""Y"":0,""Z"":-100,""A"":0,""C"":0}","[-0.025024,0.025024,-0.008341333333333334,0.008341333333333334,0.008341333333333333,-0.008341333333333333,0.025024,-0.025024]","12.088849595706662","12"
"horizontal-used--.01-Z-100","horizontal","YZ","used123456","bulk support fixture; real axis slider","{""X"":0,""Y"":0,""Z"":-100,""A"":0,""C"":0}","[-0.025024,0.025024,-0.008341333333333334,0.008341333333333334,0.008341333333333333,-0.008341333333333333,0.025024,-0.025024]","14.120195300483529","14"
"horizontal-used--.01-Z-100","horizontal","a","used123456","bulk support fixture; real axis slider","{""X"":0,""Y"":0,""Z"":-100,""A"":0,""C"":0}","[-0.025024,0.025024,-0.008341333333333334,0.008341333333333334,0.008341333333333333,-0.008341333333333333,0.025024,-0.025024]","13.795438677143695","14"
"horizontal-used--.01-Z-100","horizontal","b","used123456","bulk support fixture; real axis slider","{""X"":0,""Y"":0,""Z"":-100,""A"":0,""C"":0}","[-0.025024,0.025024,-0.008341333333333334,0.008341333333333334,0.008341333333333333,-0.008341333333333333,0.025024,-0.025024]","14.11641415020523","14"
"horizontal-used--.01-Z100","horizontal","XY","used123456","bulk support fixture; real axis slider","{""X"":0,""Y"":0,""Z"":100,""A"":0,""C"":0}","[-0.025024,0.025024,-0.008341333333333334,0.008341333333333334,0.008341333333333333,-0.008341333333333333,0.025024,-0.025024]","11.757002966567356","12"
"horizontal-used--.01-Z100","horizontal","XZ","used123456","bulk support fixture; real axis slider","{""X"":0,""Y"":0,""Z"":100,""A"":0,""C"":0}","[-0.025024,0.025024,-0.008341333333333334,0.008341333333333334,0.008341333333333333,-0.008341333333333333,0.025024,-0.025024]","12.089019043358753","12"
"horizontal-used--.01-Z100","horizontal","YZ","used123456","bulk support fixture; real axis slider","{""X"":0,""Y"":0,""Z"":100,""A"":0,""C"":0}","[-0.025024,0.025024,-0.008341333333333334,0.008341333333333334,0.008341333333333333,-0.008341333333333333,0.025024,-0.025024]","14.120085866762762","14"
"horizontal-used--.01-Z100","horizontal","a","used123456","bulk support fixture; real axis slider","{""X"":0,""Y"":0,""Z"":100,""A"":0,""C"":0}","[-0.025024,0.025024,-0.008341333333333334,0.008341333333333334,0.008341333333333333,-0.008341333333333333,0.025024,-0.025024]","13.795523426417267","14"
"horizontal-used--.01-Z100","horizontal","b","used123456","bulk support fixture; real axis slider","{""X"":0,""Y"":0,""Z"":100,""A"":0,""C"":0}","[-0.025024,0.025024,-0.008341333333333334,0.008341333333333334,0.008341333333333333,-0.008341333333333333,0.025024,-0.025024]","14.116365326610758","14"
"horizontal-used-posture-.05","horizontal","XY","used123456","known bulk fixture via evaluate","{""X"":0,""Y"":0,""Z"":0,""A"":0,""C"":0}","[0.12512,-0.12512,0.04170666666666668,-0.04170666666666668,-0.041706666666666656,0.041706666666666656,-0.12512,0.12512]","49.7190737171211","50"
"horizontal-used-posture-.05","horizontal","XZ","used123456","known bulk fixture via evaluate","{""X"":0,""Y"":0,""Z"":0,""A"":0,""C"":0}","[0.12512,-0.12512,0.04170666666666668,-0.04170666666666668,-0.041706666666666656,0.041706666666666656,-0.12512,0.12512]","-11.67090485314215","-12"
"horizontal-used-posture-.05","horizontal","YZ","used123456","known bulk fixture via evaluate","{""X"":0,""Y"":0,""Z"":0,""A"":0,""C"":0}","[0.12512,-0.12512,0.04170666666666668,-0.04170666666666668,-0.041706666666666656,0.041706666666666656,-0.12512,0.12512]","14.120861990042991","14"
"horizontal-used-posture-.05","horizontal","a","used123456","known bulk fixture via evaluate","{""X"":0,""Y"":0,""Z"":0,""A"":0,""C"":0}","[0.12512,-0.12512,0.04170666666666668,-0.04170666666666668,-0.041706666666666656,0.041706666666666656,-0.12512,0.12512]","-20.222646999511554","-20"
"horizontal-used-posture-.05","horizontal","b","used123456","known bulk fixture via evaluate","{""X"":0,""Y"":0,""Z"":0,""A"":0,""C"":0}","[0.12512,-0.12512,0.04170666666666668,-0.04170666666666668,-0.041706666666666656,0.041706666666666656,-0.12512,0.12512]","14.111148876136056","14"
"horizontal-used-.05-X-100","horizontal","XY","used123456","bulk support fixture; real axis slider","{""X"":-100,""Y"":0,""Z"":0,""A"":0,""C"":0}","[0.12512,-0.12512,0.04170666666666668,-0.04170666666666668,-0.041706666666666656,0.041706666666666656,-0.12512,0.12512]","49.71934594389174","50"
"horizontal-used-.05-X-100","horizontal","XZ","used123456","bulk support fixture; real axis slider","{""X"":-100,""Y"":0,""Z"":0,""A"":0,""C"":0}","[0.12512,-0.12512,0.04170666666666668,-0.04170666666666668,-0.041706666666666656,0.041706666666666656,-0.12512,0.12512]","-11.67090484947668","-12"
"horizontal-used-.05-X-100","horizontal","YZ","used123456","bulk support fixture; real axis slider","{""X"":-100,""Y"":0,""Z"":0,""A"":0,""C"":0}","[0.12512,-0.12512,0.04170666666666668,-0.04170666666666668,-0.041706666666666656,0.041706666666666656,-0.12512,0.12512]","22.370861939440683","22"
"horizontal-used-.05-X-100","horizontal","a","used123456","bulk support fixture; real axis slider","{""X"":-100,""Y"":0,""Z"":0,""A"":0,""C"":0}","[0.12512,-0.12512,0.04170666666666668,-0.04170666666666668,-0.041706666666666656,0.041706666666666656,-0.12512,0.12512]","-20.22364688864138","-20"
"horizontal-used-.05-X-100","horizontal","b","used123456","bulk support fixture; real axis slider","{""X"":-100,""Y"":0,""Z"":0,""A"":0,""C"":0}","[0.12512,-0.12512,0.04170666666666668,-0.04170666666666668,-0.041706666666666656,0.041706666666666656,-0.12512,0.12512]","14.111148087476987","14"
"horizontal-used-.05-X100","horizontal","XY","used123456","bulk support fixture; real axis slider","{""X"":100,""Y"":0,""Z"":0,""A"":0,""C"":0}","[0.12512,-0.12512,0.04170666666666668,-0.04170666666666668,-0.041706666666666656,0.041706666666666656,-0.12512,0.12512]","49.71880144398651","50"
"horizontal-used-.05-X100","horizontal","XZ","used123456","bulk support fixture; real axis slider","{""X"":100,""Y"":0,""Z"":0,""A"":0,""C"":0}","[0.12512,-0.12512,0.04170666666666668,-0.04170666666666668,-0.041706666666666656,0.041706666666666656,-0.12512,0.12512]","-11.670904848590236","-12"
"horizontal-used-.05-X100","horizontal","YZ","used123456","bulk support fixture; real axis slider","{""X"":100,""Y"":0,""Z"":0,""A"":0,""C"":0}","[0.12512,-0.12512,0.04170666666666668,-0.04170666666666668,-0.041706666666666656,0.041706666666666656,-0.12512,0.12512]","5.870862031189319","6"
"horizontal-used-.05-X100","horizontal","a","used123456","bulk support fixture; real axis slider","{""X"":100,""Y"":0,""Z"":0,""A"":0,""C"":0}","[0.12512,-0.12512,0.04170666666666668,-0.04170666666666668,-0.041706666666666656,0.041706666666666656,-0.12512,0.12512]","-20.221647088708092","-20"
"horizontal-used-.05-X100","horizontal","b","used123456","bulk support fixture; real axis slider","{""X"":100,""Y"":0,""Z"":0,""A"":0,""C"":0}","[0.12512,-0.12512,0.04170666666666668,-0.04170666666666668,-0.041706666666666656,0.041706666666666656,-0.12512,0.12512]","14.11114965410229","14"
"horizontal-used-.05-Y-100","horizontal","XY","used123456","bulk support fixture; real axis slider","{""X"":0,""Y"":-100,""Z"":0,""A"":0,""C"":0}","[0.12512,-0.12512,0.04170666666666668,-0.04170666666666668,-0.041706666666666656,0.041706666666666656,-0.12512,0.12512]","49.71907371731539","50"
"horizontal-used-.05-Y-100","horizontal","XZ","used123456","bulk support fixture; real axis slider","{""X"":0,""Y"":-100,""Z"":0,""A"":0,""C"":0}","[0.12512,-0.12512,0.04170666666666668,-0.04170666666666668,-0.041706666666666656,0.041706666666666656,-0.12512,0.12512]","-11.670904853058882","-12"
"horizontal-used-.05-Y-100","horizontal","YZ","used123456","bulk support fixture; real axis slider","{""X"":0,""Y"":-100,""Z"":0,""A"":0,""C"":0}","[0.12512,-0.12512,0.04170666666666668,-0.04170666666666668,-0.041706666666666656,0.041706666666666656,-0.12512,0.12512]","14.120861990265036","14"
"horizontal-used-.05-Y-100","horizontal","a","used123456","bulk support fixture; real axis slider","{""X"":0,""Y"":-100,""Z"":0,""A"":0,""C"":0}","[0.12512,-0.12512,0.04170666666666668,-0.04170666666666668,-0.041706666666666656,0.041706666666666656,-0.12512,0.12512]","-15.722646986219072","-16"
"horizontal-used-.05-Y-100","horizontal","b","used123456","bulk support fixture; real axis slider","{""X"":0,""Y"":-100,""Z"":0,""A"":0,""C"":0}","[0.12512,-0.12512,0.04170666666666668,-0.04170666666666668,-0.041706666666666656,0.041706666666666656,-0.12512,0.12512]","14.114349485746732","14"
"horizontal-used-.05-Y100","horizontal","XY","used123456","bulk support fixture; real axis slider","{""X"":0,""Y"":100,""Z"":0,""A"":0,""C"":0}","[0.12512,-0.12512,0.04170666666666668,-0.04170666666666668,-0.041706666666666656,0.041706666666666656,-0.12512,0.12512]","49.7190737171211","50"
"horizontal-used-.05-Y100","horizontal","XZ","used123456","bulk support fixture; real axis slider","{""X"":0,""Y"":100,""Z"":0,""A"":0,""C"":0}","[0.12512,-0.12512,0.04170666666666668,-0.04170666666666668,-0.041706666666666656,0.041706666666666656,-0.12512,0.12512]","-11.670904852836838","-12"
"horizontal-used-.05-Y100","horizontal","YZ","used123456","bulk support fixture; real axis slider","{""X"":0,""Y"":100,""Z"":0,""A"":0,""C"":0}","[0.12512,-0.12512,0.04170666666666668,-0.04170666666666668,-0.041706666666666656,0.041706666666666656,-0.12512,0.12512]","14.120861990042991","14"
"horizontal-used-.05-Y100","horizontal","a","used123456","bulk support fixture; real axis slider","{""X"":0,""Y"":100,""Z"":0,""A"":0,""C"":0}","[0.12512,-0.12512,0.04170666666666668,-0.04170666666666668,-0.041706666666666656,0.041706666666666656,-0.12512,0.12512]","-24.722647012810974","-25"
"horizontal-used-.05-Y100","horizontal","b","used123456","bulk support fixture; real axis slider","{""X"":0,""Y"":100,""Z"":0,""A"":0,""C"":0}","[0.12512,-0.12512,0.04170666666666668,-0.04170666666666668,-0.041706666666666656,0.041706666666666656,-0.12512,0.12512]","14.107138266180804","14"
"horizontal-used-.05-Z-100","horizontal","XY","used123456","bulk support fixture; real axis slider","{""X"":0,""Y"":0,""Z"":-100,""A"":0,""C"":0}","[0.12512,-0.12512,0.04170666666666668,-0.04170666666666668,-0.041706666666666656,0.041706666666666656,-0.12512,0.12512]","56.46907346658001","56"
"horizontal-used-.05-Z-100","horizontal","XZ","used123456","bulk support fixture; real axis slider","{""X"":0,""Y"":0,""Z"":-100,""A"":0,""C"":0}","[0.12512,-0.12512,0.04170666666666668,-0.04170666666666668,-0.041706666666666656,0.041706666666666656,-0.12512,0.12512]","-11.670269386816756","-12"
"horizontal-used-.05-Z-100","horizontal","YZ","used123456","bulk support fixture; real axis slider","{""X"":0,""Y"":0,""Z"":-100,""A"":0,""C"":0}","[0.12512,-0.12512,0.04170666666666668,-0.04170666666666668,-0.041706666666666656,0.041706666666666656,-0.12512,0.12512]","14.120718816661853","14"
"horizontal-used-.05-Z-100","horizontal","a","used123456","bulk support fixture; real axis slider","{""X"":0,""Y"":0,""Z"":-100,""A"":0,""C"":0}","[0.12512,-0.12512,0.04170666666666668,-0.04170666666666668,-0.041706666666666656,0.041706666666666656,-0.12512,0.12512]","-20.22232915921407","-20"
"horizontal-used-.05-Z-100","horizontal","b","used123456","bulk support fixture; real axis slider","{""X"":0,""Y"":0,""Z"":-100,""A"":0,""C"":0}","[0.12512,-0.12512,0.04170666666666668,-0.04170666666666668,-0.041706666666666656,0.041706666666666656,-0.12512,0.12512]","14.110966174608539","14"
"horizontal-used-.05-Z100","horizontal","XY","used123456","bulk support fixture; real axis slider","{""X"":0,""Y"":0,""Z"":100,""A"":0,""C"":0}","[0.12512,-0.12512,0.04170666666666668,-0.04170666666666668,-0.041706666666666656,0.041706666666666656,-0.12512,0.12512]","42.969073909550694","43"
"horizontal-used-.05-Z100","horizontal","XZ","used123456","bulk support fixture; real axis slider","{""X"":0,""Y"":0,""Z"":100,""A"":0,""C"":0}","[0.12512,-0.12512,0.04170666666666668,-0.04170666666666668,-0.041706666666666656,0.041706666666666656,-0.12512,0.12512]","-11.67111667264159","-12"
"horizontal-used-.05-Z100","horizontal","YZ","used123456","bulk support fixture; real axis slider","{""X"":0,""Y"":0,""Z"":100,""A"":0,""C"":0}","[0.12512,-0.12512,0.04170666666666668,-0.04170666666666668,-0.041706666666666656,0.041706666666666656,-0.12512,0.12512]","14.120909709839854","14"
"horizontal-used-.05-Z100","horizontal","a","used123456","bulk support fixture; real axis slider","{""X"":0,""Y"":0,""Z"":100,""A"":0,""C"":0}","[0.12512,-0.12512,0.04170666666666668,-0.04170666666666668,-0.041706666666666656,0.041706666666666656,-0.12512,0.12512]","-20.222752940819362","-20"
"horizontal-used-.05-Z100","horizontal","b","used123456","bulk support fixture; real axis slider","{""X"":0,""Y"":0,""Z"":100,""A"":0,""C"":0}","[0.12512,-0.12512,0.04170666666666668,-0.04170666666666668,-0.041706666666666656,0.041706666666666656,-0.12512,0.12512]","14.111209775468508","14"
"horizontal-used-posture--.05","horizontal","XY","used123456","known bulk fixture via evaluate","{""X"":0,""Y"":0,""Z"":0,""A"":0,""C"":0}","[-0.12512,0.12512,-0.04170666666666668,0.04170666666666668,0.041706666666666656,-0.041706666666666656,0.12512,-0.12512]","-15.800925456338142","-16"
"horizontal-used-posture--.05","horizontal","XZ","used123456","known bulk fixture via evaluate","{""X"":0,""Y"":0,""Z"":0,""A"":0,""C"":0}","[-0.12512,0.12512,-0.04170666666666668,0.04170666666666668,0.041706666666666656,-0.041706666666666656,0.12512,-0.12512]","27.92886883543934","28"
"horizontal-used-posture--.05","horizontal","YZ","used123456","known bulk fixture via evaluate","{""X"":0,""Y"":0,""Z"":0,""A"":0,""C"":0}","[-0.12512,0.12512,-0.04170666666666668,0.04170666666666668,0.041706666666666656,-0.041706666666666656,0.12512,-0.12512]","14.121518244694306","14"
"horizontal-used-posture--.05","horizontal","a","used123456","known bulk fixture via evaluate","{""X"":0,""Y"":0,""Z"":0,""A"":0,""C"":0}","[-0.12512,0.12512,-0.04170666666666668,0.04170666666666668,0.041706666666666656,-0.041706666666666656,0.12512,-0.12512]","36.47426811699724","36"
"horizontal-used-posture--.05","horizontal","b","used123456","known bulk fixture via evaluate","{""X"":0,""Y"":0,""Z"":0,""A"":0,""C"":0}","[-0.12512,0.12512,-0.04170666666666668,0.04170666666666668,0.041706666666666656,-0.041706666666666656,0.12512,-0.12512]","14.094487031818606","14"
"horizontal-used--.05-X-100","horizontal","XY","used123456","bulk support fixture; real axis slider","{""X"":-100,""Y"":0,""Z"":0,""A"":0,""C"":0}","[-0.12512,0.12512,-0.04170666666666668,0.04170666666666668,0.041706666666666656,-0.041706666666666656,0.12512,-0.12512]","-15.80065318234486","-16"
"horizontal-used--.05-X-100","horizontal","XZ","used123456","bulk support fixture; real axis slider","{""X"":-100,""Y"":0,""Z"":0,""A"":0,""C"":0}","[-0.12512,0.12512,-0.04170666666666668,0.04170666666666668,0.041706666666666656,-0.041706666666666656,0.12512,-0.12512]","27.928868832112137","28"
"horizontal-used--.05-X-100","horizontal","YZ","used123456","bulk support fixture; real axis slider","{""X"":-100,""Y"":0,""Z"":0,""A"":0,""C"":0}","[-0.12512,0.12512,-0.04170666666666668,0.04170666666666668,0.041706666666666656,-0.041706666666666656,0.12512,-0.12512]","5.871518285193583","6"
"horizontal-used--.05-X-100","horizontal","a","used123456","bulk support fixture; real axis slider","{""X"":-100,""Y"":0,""Z"":0,""A"":0,""C"":0}","[-0.12512,0.12512,-0.04170666666666668,0.04170666666666668,0.041706666666666656,-0.041706666666666656,0.12512,-0.12512]","36.47326820623888","36"
"horizontal-used--.05-X-100","horizontal","b","used123456","bulk support fixture; real axis slider","{""X"":-100,""Y"":0,""Z"":0,""A"":0,""C"":0}","[-0.12512,0.12512,-0.04170666666666668,0.04170666666666668,0.041706666666666656,-0.041706666666666656,0.12512,-0.12512]","14.094488573153374","14"
"horizontal-used--.05-X100","horizontal","XY","used123456","bulk support fixture; real axis slider","{""X"":100,""Y"":0,""Z"":0,""A"":0,""C"":0}","[-0.12512,0.12512,-0.04170666666666668,0.04170666666666668,0.041706666666666656,-0.041706666666666656,0.12512,-0.12512]","-15.80119768232989","-16"
"horizontal-used--.05-X100","horizontal","XZ","used123456","bulk support fixture; real axis slider","{""X"":100,""Y"":0,""Z"":0,""A"":0,""C"":0}","[-0.12512,0.12512,-0.04170666666666668,0.04170666666666668,0.041706666666666656,-0.041706666666666656,0.12512,-0.12512]","27.92886883308185","28"
"horizontal-used--.05-X100","horizontal","YZ","used123456","bulk support fixture; real axis slider","{""X"":100,""Y"":0,""Z"":0,""A"":0,""C"":0}","[-0.12512,0.12512,-0.04170666666666668,0.04170666666666668,0.041706666666666656,-0.041706666666666656,0.12512,-0.12512]","22.37151819317433","22"
"horizontal-used--.05-X100","horizontal","a","used123456","bulk support fixture; real axis slider","{""X"":100,""Y"":0,""Z"":0,""A"":0,""C"":0}","[-0.12512,0.12512,-0.04170666666666668,0.04170666666666668,0.041706666666666656,-0.041706666666666656,0.12512,-0.12512]","36.47526800635258","36"
"horizontal-used--.05-X100","horizontal","b","used123456","bulk support fixture; real axis slider","{""X"":100,""Y"":0,""Z"":0,""A"":0,""C"":0}","[-0.12512,0.12512,-0.04170666666666668,0.04170666666666668,0.041706666666666656,-0.041706666666666656,0.12512,-0.12512]","14.094485479794471","14"
"horizontal-used--.05-Y-100","horizontal","XY","used123456","bulk support fixture; real axis slider","{""X"":0,""Y"":-100,""Z"":0,""A"":0,""C"":0}","[-0.12512,0.12512,-0.04170666666666668,0.04170666666666668,0.041706666666666656,-0.041706666666666656,0.12512,-0.12512]","-15.800925456365897","-16"
"horizontal-used--.05-Y-100","horizontal","XZ","used123456","bulk support fixture; real axis slider","{""X"":0,""Y"":-100,""Z"":0,""A"":0,""C"":0}","[-0.12512,0.12512,-0.04170666666666668,0.04170666666666668,0.041706666666666656,-0.041706666666666656,0.12512,-0.12512]","27.928868835217294","28"
"horizontal-used--.05-Y-100","horizontal","YZ","used123456","bulk support fixture; real axis slider","{""X"":0,""Y"":-100,""Z"":0,""A"":0,""C"":0}","[-0.12512,0.12512,-0.04170666666666668,0.04170666666666668,0.041706666666666656,-0.041706666666666656,0.12512,-0.12512]","14.121518244248483","14"
"horizontal-used--.05-Y-100","horizontal","a","used123456","bulk support fixture; real axis slider","{""X"":0,""Y"":-100,""Z"":0,""A"":0,""C"":0}","[-0.12512,0.12512,-0.04170666666666668,0.04170666666666668,0.041706666666666656,-0.041706666666666656,0.12512,-0.12512]","31.974268141820097","32"
"horizontal-used--.05-Y-100","horizontal","b","used123456","bulk support fixture; real axis slider","{""X"":0,""Y"":-100,""Z"":0,""A"":0,""C"":0}","[-0.12512,0.12512,-0.04170666666666668,0.04170666666666668,0.041706666666666656,-0.041706666666666656,0.12512,-0.12512]","14.100614374236779","14"
"horizontal-used--.05-Y100","horizontal","XY","used123456","bulk support fixture; real axis slider","{""X"":0,""Y"":100,""Z"":0,""A"":0,""C"":0}","[-0.12512,0.12512,-0.04170666666666668,0.04170666666666668,0.041706666666666656,-0.041706666666666656,0.12512,-0.12512]","-15.800925456338142","-16"
"horizontal-used--.05-Y100","horizontal","XZ","used123456","bulk support fixture; real axis slider","{""X"":0,""Y"":100,""Z"":0,""A"":0,""C"":0}","[-0.12512,0.12512,-0.04170666666666668,0.04170666666666668,0.041706666666666656,-0.041706666666666656,0.12512,-0.12512]","27.928868835134026","28"
"horizontal-used--.05-Y100","horizontal","YZ","used123456","bulk support fixture; real axis slider","{""X"":0,""Y"":100,""Z"":0,""A"":0,""C"":0}","[-0.12512,0.12512,-0.04170666666666668,0.04170666666666668,0.041706666666666656,-0.041706666666666656,0.12512,-0.12512]","14.121518244250217","14"
"horizontal-used--.05-Y100","horizontal","a","used123456","bulk support fixture; real axis slider","{""X"":0,""Y"":100,""Z"":0,""A"":0,""C"":0}","[-0.12512,0.12512,-0.04170666666666668,0.04170666666666668,0.041706666666666656,-0.041706666666666656,0.12512,-0.12512]","40.97426809216397","41"
"horizontal-used--.05-Y100","horizontal","b","used123456","bulk support fixture; real axis slider","{""X"":0,""Y"":100,""Z"":0,""A"":0,""C"":0}","[-0.12512,0.12512,-0.04170666666666668,0.04170666666666668,0.041706666666666656,-0.041706666666666656,0.12512,-0.12512]","14.087549687255216","14"
"horizontal-used--.05-Z-100","horizontal","XY","used123456","bulk support fixture; real axis slider","{""X"":0,""Y"":0,""Z"":-100,""A"":0,""C"":0}","[-0.12512,0.12512,-0.04170666666666668,0.04170666666666668,0.041706666666666656,-0.041706666666666656,0.12512,-0.12512]","-22.55092530260329","-23"
"horizontal-used--.05-Z-100","horizontal","XZ","used123456","bulk support fixture; real axis slider","{""X"":0,""Y"":0,""Z"":-100,""A"":0,""C"":0}","[-0.12512,0.12512,-0.04170666666666668,0.04170666666666668,0.041706666666666656,-0.041706666666666656,0.12512,-0.12512]","27.928233315193534","28"
"horizontal-used--.05-Z-100","horizontal","YZ","used123456","bulk support fixture; real axis slider","{""X"":0,""Y"":0,""Z"":-100,""A"":0,""C"":0}","[-0.12512,0.12512,-0.04170666666666668,0.04170666666666668,0.041706666666666656,-0.041706666666666656,0.12512,-0.12512]","14.122106752594703","14"
"horizontal-used--.05-Z-100","horizontal","a","used123456","bulk support fixture; real axis slider","{""X"":0,""Y"":0,""Z"":-100,""A"":0,""C"":0}","[-0.12512,0.12512,-0.04170666666666668,0.04170666666666668,0.041706666666666656,-0.041706666666666656,0.12512,-0.12512]","36.47395023266206","36"
"horizontal-used--.05-Z-100","horizontal","b","used123456","bulk support fixture; real axis slider","{""X"":0,""Y"":0,""Z"":-100,""A"":0,""C"":0}","[-0.12512,0.12512,-0.04170666666666668,0.04170666666666668,0.041706666666666656,-0.041706666666666656,0.12512,-0.12512]","14.094670377648445","14"
"horizontal-used--.05-Z100","horizontal","XY","used123456","bulk support fixture; real axis slider","{""X"":0,""Y"":0,""Z"":100,""A"":0,""C"":0}","[-0.12512,0.12512,-0.04170666666666668,0.04170666666666668,0.041706666666666656,-0.041706666666666656,0.12512,-0.12512]","-9.05092556912658","-9"
"horizontal-used--.05-Z100","horizontal","XZ","used123456","bulk support fixture; real axis slider","{""X"":0,""Y"":0,""Z"":100,""A"":0,""C"":0}","[-0.12512,0.12512,-0.04170666666666668,0.04170666666666668,0.041706666666666656,-0.041706666666666656,0.12512,-0.12512]","27.92908066914096","28"
"horizontal-used--.05-Z100","horizontal","YZ","used123456","bulk support fixture; real axis slider","{""X"":0,""Y"":0,""Z"":100,""A"":0,""C"":0}","[-0.12512,0.12512,-0.04170666666666668,0.04170666666666668,0.041706666666666656,-0.041706666666666656,0.12512,-0.12512]","14.12132207006568","14"
"horizontal-used--.05-Z100","horizontal","a","used123456","bulk support fixture; real axis slider","{""X"":0,""Y"":0,""Z"":100,""A"":0,""C"":0}","[-0.12512,0.12512,-0.04170666666666668,0.04170666666666668,0.041706666666666656,-0.041706666666666656,0.12512,-0.12512]","36.47437407115067","36"
"horizontal-used--.05-Z100","horizontal","b","used123456","bulk support fixture; real axis slider","{""X"":0,""Y"":0,""Z"":100,""A"":0,""C"":0}","[-0.12512,0.12512,-0.04170666666666668,0.04170666666666668,0.041706666666666656,-0.041706666666666656,0.12512,-0.12512]","14.094425914924075","14"
"horizontal-used-asymmetric","horizontal","XY","used123456","bulk support fixture; real sliders","{""X"":37,""Y"":-62,""Z"":53,""A"":0,""C"":0}","[0.12512,-0.12512,0.04170666666666668,-0.04170666666666668,-0.041706666666666656,0.041706666666666656,-0.12512,0.12512]","46.14147308212337","46"
"horizontal-used-asymmetric","horizontal","XZ","used123456","bulk support fixture; real sliders","{""X"":37,""Y"":-62,""Z"":53,""A"":0,""C"":0}","[0.12512,-0.12512,0.04170666666666668,-0.04170666666666668,-0.041706666666666656,0.041706666666666656,-0.12512,0.12512]","-11.671116669588477","-12"
"horizontal-used-asymmetric","horizontal","YZ","used123456","bulk support fixture; real sliders","{""X"":37,""Y"":-62,""Z"":53,""A"":0,""C"":0}","[0.12512,-0.12512,0.04170666666666668,-0.04170666666666668,-0.041706666666666656,0.041706666666666656,-0.12512,0.12512]","11.068409725168218","11"
"horizontal-used-asymmetric","horizontal","a","used123456","bulk support fixture; real sliders","{""X"":37,""Y"":-62,""Z"":53,""A"":0,""C"":0}","[0.12512,-0.12512,0.04170666666666668,-0.04170666666666668,-0.041706666666666656,0.041706666666666656,-0.12512,0.12512]","-17.432382966900764","-17"
"horizontal-used-asymmetric","horizontal","b","used123456","bulk support fixture; real sliders","{""X"":37,""Y"":-62,""Z"":53,""A"":0,""C"":0}","[0.12512,-0.12512,0.04170666666666668,-0.04170666666666668,-0.041706666666666656,0.041706666666666656,-0.12512,0.12512]","14.113289832640152","14"
"horizontal-display-input","horizontal","XY","used123456","known bulk fixture via evaluate","{""X"":37,""Y"":-62,""Z"":53,""A"":0,""C"":0}","[0.12512,-0.12512,0.04170666666666668,-0.04170666666666668,-0.041706666666666656,0.041706666666666656,-0.12512,0.12512]","46.14147308212337","46"
"horizontal-display-input","horizontal","XZ","used123456","known bulk fixture via evaluate","{""X"":37,""Y"":-62,""Z"":53,""A"":0,""C"":0}","[0.12512,-0.12512,0.04170666666666668,-0.04170666666666668,-0.041706666666666656,0.041706666666666656,-0.12512,0.12512]","-11.671116669588477","-12"
"horizontal-display-input","horizontal","YZ","used123456","known bulk fixture via evaluate","{""X"":37,""Y"":-62,""Z"":53,""A"":0,""C"":0}","[0.12512,-0.12512,0.04170666666666668,-0.04170666666666668,-0.041706666666666656,0.041706666666666656,-0.12512,0.12512]","11.068409725168218","11"
"horizontal-display-input","horizontal","a","used123456","known bulk fixture via evaluate","{""X"":37,""Y"":-62,""Z"":53,""A"":0,""C"":0}","[0.12512,-0.12512,0.04170666666666668,-0.04170666666666668,-0.041706666666666656,0.041706666666666656,-0.12512,0.12512]","-17.432382966900764","-17"
"horizontal-display-input","horizontal","b","used123456","known bulk fixture via evaluate","{""X"":37,""Y"":-62,""Z"":53,""A"":0,""C"":0}","[0.12512,-0.12512,0.04170666666666668,-0.04170666666666668,-0.041706666666666656,0.041706666666666656,-0.12512,0.12512]","14.113289832640152","14"
"horizontal-view-front","horizontal","XY","used123456","real camera selector","{""X"":37,""Y"":-62,""Z"":53,""A"":0,""C"":0}","[0.12512,-0.12512,0.04170666666666668,-0.04170666666666668,-0.041706666666666656,0.041706666666666656,-0.12512,0.12512]","46.14147308212337","46"
"horizontal-view-front","horizontal","XZ","used123456","real camera selector","{""X"":37,""Y"":-62,""Z"":53,""A"":0,""C"":0}","[0.12512,-0.12512,0.04170666666666668,-0.04170666666666668,-0.041706666666666656,0.041706666666666656,-0.12512,0.12512]","-11.671116669588477","-12"
"horizontal-view-front","horizontal","YZ","used123456","real camera selector","{""X"":37,""Y"":-62,""Z"":53,""A"":0,""C"":0}","[0.12512,-0.12512,0.04170666666666668,-0.04170666666666668,-0.041706666666666656,0.041706666666666656,-0.12512,0.12512]","11.068409725168218","11"
"horizontal-view-front","horizontal","a","used123456","real camera selector","{""X"":37,""Y"":-62,""Z"":53,""A"":0,""C"":0}","[0.12512,-0.12512,0.04170666666666668,-0.04170666666666668,-0.041706666666666656,0.041706666666666656,-0.12512,0.12512]","-17.432382966900764","-17"
"horizontal-view-front","horizontal","b","used123456","real camera selector","{""X"":37,""Y"":-62,""Z"":53,""A"":0,""C"":0}","[0.12512,-0.12512,0.04170666666666668,-0.04170666666666668,-0.041706666666666656,0.041706666666666656,-0.12512,0.12512]","14.113289832640152","14"
"horizontal-view-side","horizontal","XY","used123456","real camera selector","{""X"":37,""Y"":-62,""Z"":53,""A"":0,""C"":0}","[0.12512,-0.12512,0.04170666666666668,-0.04170666666666668,-0.041706666666666656,0.041706666666666656,-0.12512,0.12512]","46.14147308212337","46"
"horizontal-view-side","horizontal","XZ","used123456","real camera selector","{""X"":37,""Y"":-62,""Z"":53,""A"":0,""C"":0}","[0.12512,-0.12512,0.04170666666666668,-0.04170666666666668,-0.041706666666666656,0.041706666666666656,-0.12512,0.12512]","-11.671116669588477","-12"
"horizontal-view-side","horizontal","YZ","used123456","real camera selector","{""X"":37,""Y"":-62,""Z"":53,""A"":0,""C"":0}","[0.12512,-0.12512,0.04170666666666668,-0.04170666666666668,-0.041706666666666656,0.041706666666666656,-0.12512,0.12512]","11.068409725168218","11"
"horizontal-view-side","horizontal","a","used123456","real camera selector","{""X"":37,""Y"":-62,""Z"":53,""A"":0,""C"":0}","[0.12512,-0.12512,0.04170666666666668,-0.04170666666666668,-0.041706666666666656,0.041706666666666656,-0.12512,0.12512]","-17.432382966900764","-17"
"horizontal-view-side","horizontal","b","used123456","real camera selector","{""X"":37,""Y"":-62,""Z"":53,""A"":0,""C"":0}","[0.12512,-0.12512,0.04170666666666668,-0.04170666666666668,-0.041706666666666656,0.041706666666666656,-0.12512,0.12512]","14.113289832640152","14"
"horizontal-view-oblique","horizontal","XY","used123456","real camera selector","{""X"":37,""Y"":-62,""Z"":53,""A"":0,""C"":0}","[0.12512,-0.12512,0.04170666666666668,-0.04170666666666668,-0.041706666666666656,0.041706666666666656,-0.12512,0.12512]","46.14147308212337","46"
"horizontal-view-oblique","horizontal","XZ","used123456","real camera selector","{""X"":37,""Y"":-62,""Z"":53,""A"":0,""C"":0}","[0.12512,-0.12512,0.04170666666666668,-0.04170666666666668,-0.041706666666666656,0.041706666666666656,-0.12512,0.12512]","-11.671116669588477","-12"
"horizontal-view-oblique","horizontal","YZ","used123456","real camera selector","{""X"":37,""Y"":-62,""Z"":53,""A"":0,""C"":0}","[0.12512,-0.12512,0.04170666666666668,-0.04170666666666668,-0.041706666666666656,0.041706666666666656,-0.12512,0.12512]","11.068409725168218","11"
"horizontal-view-oblique","horizontal","a","used123456","real camera selector","{""X"":37,""Y"":-62,""Z"":53,""A"":0,""C"":0}","[0.12512,-0.12512,0.04170666666666668,-0.04170666666666668,-0.041706666666666656,0.041706666666666656,-0.12512,0.12512]","-17.432382966900764","-17"
"horizontal-view-oblique","horizontal","b","used123456","real camera selector","{""X"":37,""Y"":-62,""Z"":53,""A"":0,""C"":0}","[0.12512,-0.12512,0.04170666666666668,-0.04170666666666668,-0.041706666666666656,0.041706666666666656,-0.12512,0.12512]","14.113289832640152","14"
"horizontal-exaggerate-off","horizontal","XY","used123456","real display checkbox","{""X"":37,""Y"":-62,""Z"":53,""A"":0,""C"":0}","[0.12512,-0.12512,0.04170666666666668,-0.04170666666666668,-0.041706666666666656,0.041706666666666656,-0.12512,0.12512]","46.14147308212337","46"
"horizontal-exaggerate-off","horizontal","XZ","used123456","real display checkbox","{""X"":37,""Y"":-62,""Z"":53,""A"":0,""C"":0}","[0.12512,-0.12512,0.04170666666666668,-0.04170666666666668,-0.041706666666666656,0.041706666666666656,-0.12512,0.12512]","-11.671116669588477","-12"
"horizontal-exaggerate-off","horizontal","YZ","used123456","real display checkbox","{""X"":37,""Y"":-62,""Z"":53,""A"":0,""C"":0}","[0.12512,-0.12512,0.04170666666666668,-0.04170666666666668,-0.041706666666666656,0.041706666666666656,-0.12512,0.12512]","11.068409725168218","11"
"horizontal-exaggerate-off","horizontal","a","used123456","real display checkbox","{""X"":37,""Y"":-62,""Z"":53,""A"":0,""C"":0}","[0.12512,-0.12512,0.04170666666666668,-0.04170666666666668,-0.041706666666666656,0.041706666666666656,-0.12512,0.12512]","-17.432382966900764","-17"
"horizontal-exaggerate-off","horizontal","b","used123456","real display checkbox","{""X"":37,""Y"":-62,""Z"":53,""A"":0,""C"":0}","[0.12512,-0.12512,0.04170666666666668,-0.04170666666666668,-0.041706666666666656,0.041706666666666656,-0.12512,0.12512]","14.113289832640152","14"
"horizontal-showIdealOutline-off","horizontal","XY","used123456","real display checkbox","{""X"":37,""Y"":-62,""Z"":53,""A"":0,""C"":0}","[0.12512,-0.12512,0.04170666666666668,-0.04170666666666668,-0.041706666666666656,0.041706666666666656,-0.12512,0.12512]","46.14147308212337","46"
"horizontal-showIdealOutline-off","horizontal","XZ","used123456","real display checkbox","{""X"":37,""Y"":-62,""Z"":53,""A"":0,""C"":0}","[0.12512,-0.12512,0.04170666666666668,-0.04170666666666668,-0.041706666666666656,0.041706666666666656,-0.12512,0.12512]","-11.671116669588477","-12"
"horizontal-showIdealOutline-off","horizontal","YZ","used123456","real display checkbox","{""X"":37,""Y"":-62,""Z"":53,""A"":0,""C"":0}","[0.12512,-0.12512,0.04170666666666668,-0.04170666666666668,-0.041706666666666656,0.041706666666666656,-0.12512,0.12512]","11.068409725168218","11"
"horizontal-showIdealOutline-off","horizontal","a","used123456","real display checkbox","{""X"":37,""Y"":-62,""Z"":53,""A"":0,""C"":0}","[0.12512,-0.12512,0.04170666666666668,-0.04170666666666668,-0.041706666666666656,0.041706666666666656,-0.12512,0.12512]","-17.432382966900764","-17"
"horizontal-showIdealOutline-off","horizontal","b","used123456","real display checkbox","{""X"":37,""Y"":-62,""Z"":53,""A"":0,""C"":0}","[0.12512,-0.12512,0.04170666666666668,-0.04170666666666668,-0.041706666666666656,0.041706666666666656,-0.12512,0.12512]","14.113289832640152","14"
"horizontal-zoom","horizontal","XY","used123456","real wheel zoom","{""X"":37,""Y"":-62,""Z"":53,""A"":0,""C"":0}","[0.12512,-0.12512,0.04170666666666668,-0.04170666666666668,-0.041706666666666656,0.041706666666666656,-0.12512,0.12512]","46.14147308212337","46"
"horizontal-zoom","horizontal","XZ","used123456","real wheel zoom","{""X"":37,""Y"":-62,""Z"":53,""A"":0,""C"":0}","[0.12512,-0.12512,0.04170666666666668,-0.04170666666666668,-0.041706666666666656,0.041706666666666656,-0.12512,0.12512]","-11.671116669588477","-12"
"horizontal-zoom","horizontal","YZ","used123456","real wheel zoom","{""X"":37,""Y"":-62,""Z"":53,""A"":0,""C"":0}","[0.12512,-0.12512,0.04170666666666668,-0.04170666666666668,-0.041706666666666656,0.041706666666666656,-0.12512,0.12512]","11.068409725168218","11"
"horizontal-zoom","horizontal","a","used123456","real wheel zoom","{""X"":37,""Y"":-62,""Z"":53,""A"":0,""C"":0}","[0.12512,-0.12512,0.04170666666666668,-0.04170666666666668,-0.041706666666666656,0.041706666666666656,-0.12512,0.12512]","-17.432382966900764","-17"
"horizontal-zoom","horizontal","b","used123456","real wheel zoom","{""X"":37,""Y"":-62,""Z"":53,""A"":0,""C"":0}","[0.12512,-0.12512,0.04170666666666668,-0.04170666666666668,-0.041706666666666656,0.041706666666666656,-0.12512,0.12512]","14.113289832640152","14"
"horizontal-export-source","horizontal","XY","used123456","known bulk fixture via evaluate","{""X"":37,""Y"":-21,""Z"":-62,""A"":0,""C"":0}","[0,0.01,0,0,0,0,0,0]","16.958999991661603","17"
"horizontal-export-source","horizontal","XZ","used123456","known bulk fixture via evaluate","{""X"":37,""Y"":-21,""Z"":-62,""A"":0,""C"":0}","[0,0.01,0,0,0,0,0,0]","8.722397702769225","9"
"horizontal-export-source","horizontal","YZ","used123456","known bulk fixture via evaluate","{""X"":37,""Y"":-21,""Z"":-62,""A"":0,""C"":0}","[0,0.01,0,0,0,0,0,0]","12.897161037542237","13"
"horizontal-export-source","horizontal","a","used123456","known bulk fixture via evaluate","{""X"":37,""Y"":-21,""Z"":-62,""A"":0,""C"":0}","[0,0.01,0,0,0,0,0,0]","9.769186841066674","10"
"horizontal-export-source","horizontal","b","used123456","known bulk fixture via evaluate","{""X"":37,""Y"":-21,""Z"":-62,""A"":0,""C"":0}","[0,0.01,0,0,0,0,0,0]","12.712302866004638","13"
"horizontal-import-restored","horizontal","XY","used123456","actual downloaded JSON import","{""X"":37,""Y"":-21,""Z"":-62,""A"":0,""C"":0}","[0,0.01,0,0,0,0,0,0]","16.958999991661603","17"
"horizontal-import-restored","horizontal","XZ","used123456","actual downloaded JSON import","{""X"":37,""Y"":-21,""Z"":-62,""A"":0,""C"":0}","[0,0.01,0,0,0,0,0,0]","8.722397702769225","9"
"horizontal-import-restored","horizontal","YZ","used123456","actual downloaded JSON import","{""X"":37,""Y"":-21,""Z"":-62,""A"":0,""C"":0}","[0,0.01,0,0,0,0,0,0]","12.897161037542237","13"
"horizontal-import-restored","horizontal","a","used123456","actual downloaded JSON import","{""X"":37,""Y"":-21,""Z"":-62,""A"":0,""C"":0}","[0,0.01,0,0,0,0,0,0]","9.769186841066674","10"
"horizontal-import-restored","horizontal","b","used123456","actual downloaded JSON import","{""X"":37,""Y"":-21,""Z"":-62,""A"":0,""C"":0}","[0,0.01,0,0,0,0,0,0]","12.712302866004638","13"
"horizontal-legacy-import","horizontal","XY","used123456","before JSON imported into after","{""X"":37,""Y"":-21,""Z"":-62,""A"":0,""C"":0}","[0,0.01,0,0,0,0,0,0]","16.958999991661603","17"
"horizontal-legacy-import","horizontal","XZ","used123456","before JSON imported into after","{""X"":37,""Y"":-21,""Z"":-62,""A"":0,""C"":0}","[0,0.01,0,0,0,0,0,0]","8.722397702769225","9"
"horizontal-legacy-import","horizontal","YZ","used123456","before JSON imported into after","{""X"":37,""Y"":-21,""Z"":-62,""A"":0,""C"":0}","[0,0.01,0,0,0,0,0,0]","12.897161037542237","13"
"horizontal-legacy-import","horizontal","a","used123456","before JSON imported into after","{""X"":37,""Y"":-21,""Z"":-62,""A"":0,""C"":0}","[0,0.01,0,0,0,0,0,0]","9.769186841066674","10"
"horizontal-legacy-import","horizontal","b","used123456","before JSON imported into after","{""X"":37,""Y"":-21,""Z"":-62,""A"":0,""C"":0}","[0,0.01,0,0,0,0,0,0]","12.712302866004638","13"
"horizontal-width320-first","horizontal","XY","used123456","known bulk fixture via evaluate","{""X"":0,""Y"":0,""Z"":0,""A"":0,""C"":0}","[0,0,0,0,0,0,0,0]","16.958999991522823","17"
"horizontal-width320-first","horizontal","XZ","used123456","known bulk fixture via evaluate","{""X"":0,""Y"":0,""Z"":0,""A"":0,""C"":0}","[0,0,0,0,0,0,0,0]","8.12899999891835","8"
"horizontal-width320-first","horizontal","YZ","used123456","known bulk fixture via evaluate","{""X"":0,""Y"":0,""Z"":0,""A"":0,""C"":0}","[0,0,0,0,0,0,0,0]","14.119999995145655","14"
"horizontal-width320-first","horizontal","a","used123456","known bulk fixture via evaluate","{""X"":0,""Y"":0,""Z"":0,""A"":0,""C"":0}","[0,0,0,0,0,0,0,0]","8.125810727274697","8"
"horizontal-width320-first","horizontal","b","used123456","known bulk fixture via evaluate","{""X"":0,""Y"":0,""Z"":0,""A"":0,""C"":0}","[0,0,0,0,0,0,0,0]","14.118678122277545","14"
"horizontal-width320-second","horizontal","XY","used123456","known bulk fixture via evaluate","{""X"":0,""Y"":0,""Z"":0,""A"":0,""C"":0}","[0,0,0,0,0,0,0,0]","16.958999991522823","17"
"horizontal-width320-second","horizontal","XZ","used123456","known bulk fixture via evaluate","{""X"":0,""Y"":0,""Z"":0,""A"":0,""C"":0}","[0,0,0,0,0,0,0,0]","8.12899999891835","8"
"horizontal-width320-second","horizontal","YZ","used123456","known bulk fixture via evaluate","{""X"":0,""Y"":0,""Z"":0,""A"":0,""C"":0}","[0,0,0,0,0,0,0,0]","14.119999995145655","14"
"horizontal-width320-second","horizontal","a","used123456","known bulk fixture via evaluate","{""X"":0,""Y"":0,""Z"":0,""A"":0,""C"":0}","[0,0,0,0,0,0,0,0]","8.125810727274697","8"
"horizontal-width320-second","horizontal","b","used123456","known bulk fixture via evaluate","{""X"":0,""Y"":0,""Z"":0,""A"":0,""C"":0}","[0,0,0,0,0,0,0,0]","14.118678122277545","14"
"horizontal-width390-first","horizontal","XY","used123456","known bulk fixture via evaluate","{""X"":0,""Y"":0,""Z"":0,""A"":0,""C"":0}","[0,0,0,0,0,0,0,0]","16.958999991522823","17"
"horizontal-width390-first","horizontal","XZ","used123456","known bulk fixture via evaluate","{""X"":0,""Y"":0,""Z"":0,""A"":0,""C"":0}","[0,0,0,0,0,0,0,0]","8.12899999891835","8"
"horizontal-width390-first","horizontal","YZ","used123456","known bulk fixture via evaluate","{""X"":0,""Y"":0,""Z"":0,""A"":0,""C"":0}","[0,0,0,0,0,0,0,0]","14.119999995145655","14"
"horizontal-width390-first","horizontal","a","used123456","known bulk fixture via evaluate","{""X"":0,""Y"":0,""Z"":0,""A"":0,""C"":0}","[0,0,0,0,0,0,0,0]","8.125810727274697","8"
"horizontal-width390-first","horizontal","b","used123456","known bulk fixture via evaluate","{""X"":0,""Y"":0,""Z"":0,""A"":0,""C"":0}","[0,0,0,0,0,0,0,0]","14.118678122277545","14"
"horizontal-width390-second","horizontal","XY","used123456","known bulk fixture via evaluate","{""X"":0,""Y"":0,""Z"":0,""A"":0,""C"":0}","[0,0,0,0,0,0,0,0]","16.958999991522823","17"
"horizontal-width390-second","horizontal","XZ","used123456","known bulk fixture via evaluate","{""X"":0,""Y"":0,""Z"":0,""A"":0,""C"":0}","[0,0,0,0,0,0,0,0]","8.12899999891835","8"
"horizontal-width390-second","horizontal","YZ","used123456","known bulk fixture via evaluate","{""X"":0,""Y"":0,""Z"":0,""A"":0,""C"":0}","[0,0,0,0,0,0,0,0]","14.119999995145655","14"
"horizontal-width390-second","horizontal","a","used123456","known bulk fixture via evaluate","{""X"":0,""Y"":0,""Z"":0,""A"":0,""C"":0}","[0,0,0,0,0,0,0,0]","8.125810727274697","8"
"horizontal-width390-second","horizontal","b","used123456","known bulk fixture via evaluate","{""X"":0,""Y"":0,""Z"":0,""A"":0,""C"":0}","[0,0,0,0,0,0,0,0]","14.118678122277545","14"
"horizontal-width1280-first","horizontal","XY","used123456","known bulk fixture via evaluate","{""X"":0,""Y"":0,""Z"":0,""A"":0,""C"":0}","[0,0,0,0,0,0,0,0]","16.958999991522823","17"
"horizontal-width1280-first","horizontal","XZ","used123456","known bulk fixture via evaluate","{""X"":0,""Y"":0,""Z"":0,""A"":0,""C"":0}","[0,0,0,0,0,0,0,0]","8.12899999891835","8"
"horizontal-width1280-first","horizontal","YZ","used123456","known bulk fixture via evaluate","{""X"":0,""Y"":0,""Z"":0,""A"":0,""C"":0}","[0,0,0,0,0,0,0,0]","14.119999995145655","14"
"horizontal-width1280-first","horizontal","a","used123456","known bulk fixture via evaluate","{""X"":0,""Y"":0,""Z"":0,""A"":0,""C"":0}","[0,0,0,0,0,0,0,0]","8.125810727274697","8"
"horizontal-width1280-first","horizontal","b","used123456","known bulk fixture via evaluate","{""X"":0,""Y"":0,""Z"":0,""A"":0,""C"":0}","[0,0,0,0,0,0,0,0]","14.118678122277545","14"
"horizontal-width1280-second","horizontal","XY","used123456","known bulk fixture via evaluate","{""X"":0,""Y"":0,""Z"":0,""A"":0,""C"":0}","[0,0,0,0,0,0,0,0]","16.958999991522823","17"
"horizontal-width1280-second","horizontal","XZ","used123456","known bulk fixture via evaluate","{""X"":0,""Y"":0,""Z"":0,""A"":0,""C"":0}","[0,0,0,0,0,0,0,0]","8.12899999891835","8"
"horizontal-width1280-second","horizontal","YZ","used123456","known bulk fixture via evaluate","{""X"":0,""Y"":0,""Z"":0,""A"":0,""C"":0}","[0,0,0,0,0,0,0,0]","14.119999995145655","14"
"horizontal-width1280-second","horizontal","a","used123456","known bulk fixture via evaluate","{""X"":0,""Y"":0,""Z"":0,""A"":0,""C"":0}","[0,0,0,0,0,0,0,0]","8.125810727274697","8"
"horizontal-width1280-second","horizontal","b","used123456","known bulk fixture via evaluate","{""X"":0,""Y"":0,""Z"":0,""A"":0,""C"":0}","[0,0,0,0,0,0,0,0]","14.118678122277545","14"
"lathe-ideal-flat","lathe","face","ideal","known bulk fixture via evaluate","{""X"":0,""Y"":0,""Z"":0,""A"":0,""C"":0}","[0,0,0,0,0,0]","0","0"
"lathe-ideal-flat","lathe","flat","ideal","known bulk fixture via evaluate","{""X"":0,""Y"":0,""Z"":0,""A"":0,""C"":0}","[0,0,0,0,0,0]","0","0"
"lathe-ideal-flat","lathe","dx","ideal","known bulk fixture via evaluate","{""X"":0,""Y"":0,""Z"":0,""A"":0,""C"":0}","[0,0,0,0,0,0]","-2.7755575615628914e-11","0"
"lathe-ideal-flat","lathe","dy","ideal","known bulk fixture via evaluate","{""X"":0,""Y"":0,""Z"":0,""A"":0,""C"":0}","[0,0,0,0,0,0]","0","0"
"lathe-ideal-flat","lathe","barSide","ideal","known bulk fixture via evaluate","{""X"":0,""Y"":0,""Z"":0,""A"":0,""C"":0}","[0,0,0,0,0,0]","0","0"
"lathe-ideal-flat","lathe","barTop","ideal","known bulk fixture via evaluate","{""X"":0,""Y"":0,""Z"":0,""A"":0,""C"":0}","[0,0,0,0,0,0]","0","0"
"lathe-ideal-flat","lathe","runoutRoot","ideal","known bulk fixture via evaluate","{""X"":0,""Y"":0,""Z"":0,""A"":0,""C"":0}","[0,0,0,0,0,0]","0","0"
"lathe-ideal-flat","lathe","runoutTip","ideal","known bulk fixture via evaluate","{""X"":0,""Y"":0,""Z"":0,""A"":0,""C"":0}","[0,0,0,0,0,0]","0","0"
"lathe-ideal-flat","lathe","borea","ideal","known bulk fixture via evaluate","{""X"":0,""Y"":0,""Z"":0,""A"":0,""C"":0}","[0,0,0,0,0,0]","0","0"
"lathe-ideal-flat","lathe","boreb","ideal","known bulk fixture via evaluate","{""X"":0,""Y"":0,""Z"":0,""A"":0,""C"":0}","[0,0,0,0,0,0]","-2.7755575615628914e-11","0"
"lathe-ideal-flat","lathe","borec","ideal","known bulk fixture via evaluate","{""X"":0,""Y"":0,""Z"":0,""A"":0,""C"":0}","[0,0,0,0,0,0]","-5.551115123125783e-11","0"
"lathe-ideal-flat","lathe","bored","ideal","known bulk fixture via evaluate","{""X"":0,""Y"":0,""Z"":0,""A"":0,""C"":0}","[0,0,0,0,0,0]","-2.7755575615628914e-11","0"
"lathe-ideal-0-0.001-start","lathe","face","ideal","real support map and step buttons","{""X"":0,""Y"":0,""Z"":0,""A"":0,""C"":0}","[0,0,0,0,0,0]","0","0"
"lathe-ideal-0-0.001-start","lathe","flat","ideal","real support map and step buttons","{""X"":0,""Y"":0,""Z"":0,""A"":0,""C"":0}","[0,0,0,0,0,0]","0","0"
"lathe-ideal-0-0.001-start","lathe","dx","ideal","real support map and step buttons","{""X"":0,""Y"":0,""Z"":0,""A"":0,""C"":0}","[0,0,0,0,0,0]","-2.7755575615628914e-11","0"
"lathe-ideal-0-0.001-start","lathe","dy","ideal","real support map and step buttons","{""X"":0,""Y"":0,""Z"":0,""A"":0,""C"":0}","[0,0,0,0,0,0]","0","0"
"lathe-ideal-0-0.001-start","lathe","barSide","ideal","real support map and step buttons","{""X"":0,""Y"":0,""Z"":0,""A"":0,""C"":0}","[0,0,0,0,0,0]","0","0"
"lathe-ideal-0-0.001-start","lathe","barTop","ideal","real support map and step buttons","{""X"":0,""Y"":0,""Z"":0,""A"":0,""C"":0}","[0,0,0,0,0,0]","0","0"
"lathe-ideal-0-0.001-start","lathe","runoutRoot","ideal","real support map and step buttons","{""X"":0,""Y"":0,""Z"":0,""A"":0,""C"":0}","[0,0,0,0,0,0]","0","0"
"lathe-ideal-0-0.001-start","lathe","runoutTip","ideal","real support map and step buttons","{""X"":0,""Y"":0,""Z"":0,""A"":0,""C"":0}","[0,0,0,0,0,0]","0","0"
"lathe-ideal-0-0.001-start","lathe","borea","ideal","real support map and step buttons","{""X"":0,""Y"":0,""Z"":0,""A"":0,""C"":0}","[0,0,0,0,0,0]","0","0"
"lathe-ideal-0-0.001-start","lathe","boreb","ideal","real support map and step buttons","{""X"":0,""Y"":0,""Z"":0,""A"":0,""C"":0}","[0,0,0,0,0,0]","-2.7755575615628914e-11","0"
"lathe-ideal-0-0.001-start","lathe","borec","ideal","real support map and step buttons","{""X"":0,""Y"":0,""Z"":0,""A"":0,""C"":0}","[0,0,0,0,0,0]","-5.551115123125783e-11","0"
"lathe-ideal-0-0.001-start","lathe","bored","ideal","real support map and step buttons","{""X"":0,""Y"":0,""Z"":0,""A"":0,""C"":0}","[0,0,0,0,0,0]","-2.7755575615628914e-11","0"
"lathe-ideal-0-0.001-plus","lathe","face","ideal","real raise/lower button","{""X"":0,""Y"":0,""Z"":0,""A"":0,""C"":0}","[0.001,0,0,0,0,0]","-1.734723475976807e-12","0"
"lathe-ideal-0-0.001-plus","lathe","flat","ideal","real raise/lower button","{""X"":0,""Y"":0,""Z"":0,""A"":0,""C"":0}","[0.001,0,0,0,0,0]","-1.1275702593849246e-10","0"
"lathe-ideal-0-0.001-plus","lathe","dx","ideal","real raise/lower button","{""X"":0,""Y"":0,""Z"":0,""A"":0,""C"":0}","[0.001,0,0,0,0,0]","-0.4374999898353219","0"
"lathe-ideal-0-0.001-plus","lathe","dy","ideal","real raise/lower button","{""X"":0,""Y"":0,""Z"":0,""A"":0,""C"":0}","[0.001,0,0,0,0,0]","-0.02250014028645135","0"
"lathe-ideal-0-0.001-plus","lathe","barSide","ideal","real raise/lower button","{""X"":0,""Y"":0,""Z"":0,""A"":0,""C"":0}","[0.001,0,0,0,0,0]","-8.832344577935913e-8","0"
"lathe-ideal-0-0.001-plus","lathe","barTop","ideal","real raise/lower button","{""X"":0,""Y"":0,""Z"":0,""A"":0,""C"":0}","[0.001,0,0,0,0,0]","-0.07500000000562612","0"
"lathe-ideal-0-0.001-plus","lathe","runoutRoot","ideal","real raise/lower button","{""X"":0,""Y"":0,""Z"":0,""A"":0,""C"":0}","[0.001,0,0,0,0,0]","0","0"
"lathe-ideal-0-0.001-plus","lathe","runoutTip","ideal","real raise/lower button","{""X"":0,""Y"":0,""Z"":0,""A"":0,""C"":0}","[0.001,0,0,0,0,0]","0","0"
"lathe-ideal-0-0.001-plus","lathe","borea","ideal","real raise/lower button","{""X"":0,""Y"":0,""Z"":0,""A"":0,""C"":0}","[0.001,0,0,0,0,0]","0","0"
"lathe-ideal-0-0.001-plus","lathe","boreb","ideal","real raise/lower button","{""X"":0,""Y"":0,""Z"":0,""A"":0,""C"":0}","[0.001,0,0,0,0,0]","-0.4149960315495693","0"
"lathe-ideal-0-0.001-plus","lathe","borec","ideal","real raise/lower button","{""X"":0,""Y"":0,""Z"":0,""A"":0,""C"":0}","[0.001,0,0,0,0,0]","-0.8749999796733854","-1"
"lathe-ideal-0-0.001-plus","lathe","bored","ideal","real raise/lower button","{""X"":0,""Y"":0,""Z"":0,""A"":0,""C"":0}","[0.001,0,0,0,0,0]","-0.459996312120875","0"
"lathe-ideal-0-0.001-plus-restored","lathe","face","ideal","real inverse support button","{""X"":0,""Y"":0,""Z"":0,""A"":0,""C"":0}","[0,0,0,0,0,0]","0","0"
"lathe-ideal-0-0.001-plus-restored","lathe","flat","ideal","real inverse support button","{""X"":0,""Y"":0,""Z"":0,""A"":0,""C"":0}","[0,0,0,0,0,0]","0","0"
"lathe-ideal-0-0.001-plus-restored","lathe","dx","ideal","real inverse support button","{""X"":0,""Y"":0,""Z"":0,""A"":0,""C"":0}","[0,0,0,0,0,0]","-2.7755575615628914e-11","0"
"lathe-ideal-0-0.001-plus-restored","lathe","dy","ideal","real inverse support button","{""X"":0,""Y"":0,""Z"":0,""A"":0,""C"":0}","[0,0,0,0,0,0]","0","0"
"lathe-ideal-0-0.001-plus-restored","lathe","barSide","ideal","real inverse support button","{""X"":0,""Y"":0,""Z"":0,""A"":0,""C"":0}","[0,0,0,0,0,0]","0","0"
"lathe-ideal-0-0.001-plus-restored","lathe","barTop","ideal","real inverse support button","{""X"":0,""Y"":0,""Z"":0,""A"":0,""C"":0}","[0,0,0,0,0,0]","0","0"
"lathe-ideal-0-0.001-plus-restored","lathe","runoutRoot","ideal","real inverse support button","{""X"":0,""Y"":0,""Z"":0,""A"":0,""C"":0}","[0,0,0,0,0,0]","0","0"
"lathe-ideal-0-0.001-plus-restored","lathe","runoutTip","ideal","real inverse support button","{""X"":0,""Y"":0,""Z"":0,""A"":0,""C"":0}","[0,0,0,0,0,0]","0","0"
"lathe-ideal-0-0.001-plus-restored","lathe","borea","ideal","real inverse support button","{""X"":0,""Y"":0,""Z"":0,""A"":0,""C"":0}","[0,0,0,0,0,0]","0","0"
"lathe-ideal-0-0.001-plus-restored","lathe","boreb","ideal","real inverse support button","{""X"":0,""Y"":0,""Z"":0,""A"":0,""C"":0}","[0,0,0,0,0,0]","-2.7755575615628914e-11","0"
"lathe-ideal-0-0.001-plus-restored","lathe","borec","ideal","real inverse support button","{""X"":0,""Y"":0,""Z"":0,""A"":0,""C"":0}","[0,0,0,0,0,0]","-5.551115123125783e-11","0"
"lathe-ideal-0-0.001-plus-restored","lathe","bored","ideal","real inverse support button","{""X"":0,""Y"":0,""Z"":0,""A"":0,""C"":0}","[0,0,0,0,0,0]","-2.7755575615628914e-11","0"
"lathe-ideal-0-0.001-minus","lathe","face","ideal","real raise/lower button","{""X"":0,""Y"":0,""Z"":0,""A"":0,""C"":0}","[-0.001,0,0,0,0,0]","-1.734723475976807e-12","0"
"lathe-ideal-0-0.001-minus","lathe","flat","ideal","real raise/lower button","{""X"":0,""Y"":0,""Z"":0,""A"":0,""C"":0}","[-0.001,0,0,0,0,0]","-1.1275702593849246e-10","0"
"lathe-ideal-0-0.001-minus","lathe","dx","ideal","real raise/lower button","{""X"":0,""Y"":0,""Z"":0,""A"":0,""C"":0}","[-0.001,0,0,0,0,0]","0.43750001016458884","0"
"lathe-ideal-0-0.001-minus","lathe","dy","ideal","real raise/lower button","{""X"":0,""Y"":0,""Z"":0,""A"":0,""C"":0}","[-0.001,0,0,0,0,0]","0.022499859777576035","0"
"lathe-ideal-0-0.001-minus","lathe","barSide","ideal","real raise/lower button","{""X"":0,""Y"":0,""Z"":0,""A"":0,""C"":0}","[-0.001,0,0,0,0,0]","-8.832171105588316e-8","0"
"lathe-ideal-0-0.001-minus","lathe","barTop","ideal","real raise/lower button","{""X"":0,""Y"":0,""Z"":0,""A"":0,""C"":0}","[-0.001,0,0,0,0,0]","0.07500000000215667","0"
"lathe-ideal-0-0.001-minus","lathe","runoutRoot","ideal","real raise/lower button","{""X"":0,""Y"":0,""Z"":0,""A"":0,""C"":0}","[-0.001,0,0,0,0,0]","0","0"
"lathe-ideal-0-0.001-minus","lathe","runoutTip","ideal","real raise/lower button","{""X"":0,""Y"":0,""Z"":0,""A"":0,""C"":0}","[-0.001,0,0,0,0,0]","0","0"
"lathe-ideal-0-0.001-minus","lathe","borea","ideal","real raise/lower button","{""X"":0,""Y"":0,""Z"":0,""A"":0,""C"":0}","[-0.001,0,0,0,0,0]","0","0"
"lathe-ideal-0-0.001-minus","lathe","boreb","ideal","real raise/lower button","{""X"":0,""Y"":0,""Z"":0,""A"":0,""C"":0}","[-0.001,0,0,0,0,0]","0.4150039683882556","0"
"lathe-ideal-0-0.001-minus","lathe","borec","ideal","real raise/lower button","{""X"":0,""Y"":0,""Z"":0,""A"":0,""C"":0}","[-0.001,0,0,0,0,0]","0.8750000203283648","1"
"lathe-ideal-0-0.001-minus","lathe","bored","ideal","real raise/lower button","{""X"":0,""Y"":0,""Z"":0,""A"":0,""C"":0}","[-0.001,0,0,0,0,0]","0.46000368794305024","0"
"lathe-ideal-0-0.001-minus-restored","lathe","face","ideal","real inverse support button","{""X"":0,""Y"":0,""Z"":0,""A"":0,""C"":0}","[0,0,0,0,0,0]","0","0"
"lathe-ideal-0-0.001-minus-restored","lathe","flat","ideal","real inverse support button","{""X"":0,""Y"":0,""Z"":0,""A"":0,""C"":0}","[0,0,0,0,0,0]","0","0"
"lathe-ideal-0-0.001-minus-restored","lathe","dx","ideal","real inverse support button","{""X"":0,""Y"":0,""Z"":0,""A"":0,""C"":0}","[0,0,0,0,0,0]","-2.7755575615628914e-11","0"
"lathe-ideal-0-0.001-minus-restored","lathe","dy","ideal","real inverse support button","{""X"":0,""Y"":0,""Z"":0,""A"":0,""C"":0}","[0,0,0,0,0,0]","0","0"
"lathe-ideal-0-0.001-minus-restored","lathe","barSide","ideal","real inverse support button","{""X"":0,""Y"":0,""Z"":0,""A"":0,""C"":0}","[0,0,0,0,0,0]","0","0"
"lathe-ideal-0-0.001-minus-restored","lathe","barTop","ideal","real inverse support button","{""X"":0,""Y"":0,""Z"":0,""A"":0,""C"":0}","[0,0,0,0,0,0]","0","0"
"lathe-ideal-0-0.001-minus-restored","lathe","runoutRoot","ideal","real inverse support button","{""X"":0,""Y"":0,""Z"":0,""A"":0,""C"":0}","[0,0,0,0,0,0]","0","0"
"lathe-ideal-0-0.001-minus-restored","lathe","runoutTip","ideal","real inverse support button","{""X"":0,""Y"":0,""Z"":0,""A"":0,""C"":0}","[0,0,0,0,0,0]","0","0"
"lathe-ideal-0-0.001-minus-restored","lathe","borea","ideal","real inverse support button","{""X"":0,""Y"":0,""Z"":0,""A"":0,""C"":0}","[0,0,0,0,0,0]","0","0"
"lathe-ideal-0-0.001-minus-restored","lathe","boreb","ideal","real inverse support button","{""X"":0,""Y"":0,""Z"":0,""A"":0,""C"":0}","[0,0,0,0,0,0]","-2.7755575615628914e-11","0"
"lathe-ideal-0-0.001-minus-restored","lathe","borec","ideal","real inverse support button","{""X"":0,""Y"":0,""Z"":0,""A"":0,""C"":0}","[0,0,0,0,0,0]","-5.551115123125783e-11","0"
"lathe-ideal-0-0.001-minus-restored","lathe","bored","ideal","real inverse support button","{""X"":0,""Y"":0,""Z"":0,""A"":0,""C"":0}","[0,0,0,0,0,0]","-2.7755575615628914e-11","0"
"lathe-ideal-0-0.01-start","lathe","face","ideal","real support map and step buttons","{""X"":0,""Y"":0,""Z"":0,""A"":0,""C"":0}","[0,0,0,0,0,0]","0","0"
"lathe-ideal-0-0.01-start","lathe","flat","ideal","real support map and step buttons","{""X"":0,""Y"":0,""Z"":0,""A"":0,""C"":0}","[0,0,0,0,0,0]","0","0"
"lathe-ideal-0-0.01-start","lathe","dx","ideal","real support map and step buttons","{""X"":0,""Y"":0,""Z"":0,""A"":0,""C"":0}","[0,0,0,0,0,0]","-2.7755575615628914e-11","0"
"lathe-ideal-0-0.01-start","lathe","dy","ideal","real support map and step buttons","{""X"":0,""Y"":0,""Z"":0,""A"":0,""C"":0}","[0,0,0,0,0,0]","0","0"
"lathe-ideal-0-0.01-start","lathe","barSide","ideal","real support map and step buttons","{""X"":0,""Y"":0,""Z"":0,""A"":0,""C"":0}","[0,0,0,0,0,0]","0","0"
"lathe-ideal-0-0.01-start","lathe","barTop","ideal","real support map and step buttons","{""X"":0,""Y"":0,""Z"":0,""A"":0,""C"":0}","[0,0,0,0,0,0]","0","0"
"lathe-ideal-0-0.01-start","lathe","runoutRoot","ideal","real support map and step buttons","{""X"":0,""Y"":0,""Z"":0,""A"":0,""C"":0}","[0,0,0,0,0,0]","0","0"
"lathe-ideal-0-0.01-start","lathe","runoutTip","ideal","real support map and step buttons","{""X"":0,""Y"":0,""Z"":0,""A"":0,""C"":0}","[0,0,0,0,0,0]","0","0"
"lathe-ideal-0-0.01-start","lathe","borea","ideal","real support map and step buttons","{""X"":0,""Y"":0,""Z"":0,""A"":0,""C"":0}","[0,0,0,0,0,0]","0","0"
"lathe-ideal-0-0.01-start","lathe","boreb","ideal","real support map and step buttons","{""X"":0,""Y"":0,""Z"":0,""A"":0,""C"":0}","[0,0,0,0,0,0]","-2.7755575615628914e-11","0"
"lathe-ideal-0-0.01-start","lathe","borec","ideal","real support map and step buttons","{""X"":0,""Y"":0,""Z"":0,""A"":0,""C"":0}","[0,0,0,0,0,0]","-5.551115123125783e-11","0"
"lathe-ideal-0-0.01-start","lathe","bored","ideal","real support map and step buttons","{""X"":0,""Y"":0,""Z"":0,""A"":0,""C"":0}","[0,0,0,0,0,0]","-2.7755575615628914e-11","0"
"lathe-ideal-0-0.01-plus","lathe","face","ideal","real raise/lower button","{""X"":0,""Y"":0,""Z"":0,""A"":0,""C"":0}","[0.01,0,0,0,0,0]","2.42861286636753e-11","0"
"lathe-ideal-0-0.01-plus","lathe","flat","ideal","real raise/lower button","{""X"":0,""Y"":0,""Z"":0,""A"":0,""C"":0}","[0.01,0,0,0,0,0]","2.42861286636753e-11","0"
"lathe-ideal-0-0.01-plus","lathe","dx","ideal","real raise/lower button","{""X"":0,""Y"":0,""Z"":0,""A"":0,""C"":0}","[0.01,0,0,0,0,0]","-4.374998979301028","-4"
"lathe-ideal-0-0.01-plus","lathe","dy","ideal","real raise/lower button","{""X"":0,""Y"":0,""Z"":0,""A"":0,""C"":0}","[0.01,0,0,0,0,0]","-0.2250140182138905","0"
"lathe-ideal-0-0.01-plus","lathe","barSide","ideal","real raise/lower button","{""X"":0,""Y"":0,""Z"":0,""A"":0,""C"":0}","[0.01,0,0,0,0,0]","-0.000008831818956722692","0"
"lathe-ideal-0-0.01-plus","lathe","barTop","ideal","real raise/lower button","{""X"":0,""Y"":0,""Z"":0,""A"":0,""C"":0}","[0.01,0,0,0,0,0]","-0.7500000000059542","-1"
"lathe-ideal-0-0.01-plus","lathe","runoutRoot","ideal","real raise/lower button","{""X"":0,""Y"":0,""Z"":0,""A"":0,""C"":0}","[0.01,0,0,0,0,0]","0","0"
"lathe-ideal-0-0.01-plus","lathe","runoutTip","ideal","real raise/lower button","{""X"":0,""Y"":0,""Z"":0,""A"":0,""C"":0}","[0.01,0,0,0,0,0]","0","0"
"lathe-ideal-0-0.01-plus","lathe","borea","ideal","real raise/lower button","{""X"":0,""Y"":0,""Z"":0,""A"":0,""C"":0}","[0.01,0,0,0,0,0]","0","0"
"lathe-ideal-0-0.01-plus","lathe","boreb","ideal","real raise/lower button","{""X"":0,""Y"":0,""Z"":0,""A"":0,""C"":0}","[0.01,0,0,0,0,0]","-4.149603161387322","-4"
"lathe-ideal-0-0.01-plus","lathe","borec","ideal","real raise/lower button","{""X"":0,""Y"":0,""Z"":0,""A"":0,""C"":0}","[0.01,0,0,0,0,0]","-8.749997958600042","-9"
"lathe-ideal-0-0.01-plus","lathe","bored","ideal","real raise/lower button","{""X"":0,""Y"":0,""Z"":0,""A"":0,""C"":0}","[0.01,0,0,0,0,0]","-4.59963119781373","-5"
"lathe-ideal-0-0.01-plus-restored","lathe","face","ideal","real inverse support button","{""X"":0,""Y"":0,""Z"":0,""A"":0,""C"":0}","[0,0,0,0,0,0]","0","0"
"lathe-ideal-0-0.01-plus-restored","lathe","flat","ideal","real inverse support button","{""X"":0,""Y"":0,""Z"":0,""A"":0,""C"":0}","[0,0,0,0,0,0]","0","0"
"lathe-ideal-0-0.01-plus-restored","lathe","dx","ideal","real inverse support button","{""X"":0,""Y"":0,""Z"":0,""A"":0,""C"":0}","[0,0,0,0,0,0]","-2.7755575615628914e-11","0"
"lathe-ideal-0-0.01-plus-restored","lathe","dy","ideal","real inverse support button","{""X"":0,""Y"":0,""Z"":0,""A"":0,""C"":0}","[0,0,0,0,0,0]","0","0"
"lathe-ideal-0-0.01-plus-restored","lathe","barSide","ideal","real inverse support button","{""X"":0,""Y"":0,""Z"":0,""A"":0,""C"":0}","[0,0,0,0,0,0]","0","0"
"lathe-ideal-0-0.01-plus-restored","lathe","barTop","ideal","real inverse support button","{""X"":0,""Y"":0,""Z"":0,""A"":0,""C"":0}","[0,0,0,0,0,0]","0","0"
"lathe-ideal-0-0.01-plus-restored","lathe","runoutRoot","ideal","real inverse support button","{""X"":0,""Y"":0,""Z"":0,""A"":0,""C"":0}","[0,0,0,0,0,0]","0","0"
"lathe-ideal-0-0.01-plus-restored","lathe","runoutTip","ideal","real inverse support button","{""X"":0,""Y"":0,""Z"":0,""A"":0,""C"":0}","[0,0,0,0,0,0]","0","0"
"lathe-ideal-0-0.01-plus-restored","lathe","borea","ideal","real inverse support button","{""X"":0,""Y"":0,""Z"":0,""A"":0,""C"":0}","[0,0,0,0,0,0]","0","0"
"lathe-ideal-0-0.01-plus-restored","lathe","boreb","ideal","real inverse support button","{""X"":0,""Y"":0,""Z"":0,""A"":0,""C"":0}","[0,0,0,0,0,0]","-2.7755575615628914e-11","0"
"lathe-ideal-0-0.01-plus-restored","lathe","borec","ideal","real inverse support button","{""X"":0,""Y"":0,""Z"":0,""A"":0,""C"":0}","[0,0,0,0,0,0]","-5.551115123125783e-11","0"
"lathe-ideal-0-0.01-plus-restored","lathe","bored","ideal","real inverse support button","{""X"":0,""Y"":0,""Z"":0,""A"":0,""C"":0}","[0,0,0,0,0,0]","-2.7755575615628914e-11","0"
"lathe-ideal-0-0.01-minus","lathe","face","ideal","real raise/lower button","{""X"":0,""Y"":0,""Z"":0,""A"":0,""C"":0}","[-0.01,0,0,0,0,0]","-3.469446951953614e-12","0"
"lathe-ideal-0-0.01-minus","lathe","flat","ideal","real raise/lower button","{""X"":0,""Y"":0,""Z"":0,""A"":0,""C"":0}","[-0.01,0,0,0,0,0]","2.42861286636753e-11","0"
"lathe-ideal-0-0.01-minus","lathe","dx","ideal","real raise/lower button","{""X"":0,""Y"":0,""Z"":0,""A"":0,""C"":0}","[-0.01,0,0,0,0,0]","4.375001020609907","4"
"lathe-ideal-0-0.01-minus","lathe","dy","ideal","real raise/lower button","{""X"":0,""Y"":0,""Z"":0,""A"":0,""C"":0}","[-0.01,0,0,0,0,0]","0.22498598198131006","0"
"lathe-ideal-0-0.01-minus","lathe","barSide","ideal","real raise/lower button","{""X"":0,""Y"":0,""Z"":0,""A"":0,""C"":0}","[-0.01,0,0,0,0,0]","-0.000008831838038680928","0"
"lathe-ideal-0-0.01-minus","lathe","barTop","ideal","real raise/lower button","{""X"":0,""Y"":0,""Z"":0,""A"":0,""C"":0}","[-0.01,0,0,0,0,0]","0.7499999999920764","1"
"lathe-ideal-0-0.01-minus","lathe","runoutRoot","ideal","real raise/lower button","{""X"":0,""Y"":0,""Z"":0,""A"":0,""C"":0}","[-0.01,0,0,0,0,0]","0","0"
"lathe-ideal-0-0.01-minus","lathe","runoutTip","ideal","real raise/lower button","{""X"":0,""Y"":0,""Z"":0,""A"":0,""C"":0}","[-0.01,0,0,0,0,0]","0","0"
"lathe-ideal-0-0.01-minus","lathe","borea","ideal","real raise/lower button","{""X"":0,""Y"":0,""Z"":0,""A"":0,""C"":0}","[-0.01,0,0,0,0,0]","0","0"
"lathe-ideal-0-0.01-minus","lathe","boreb","ideal","real raise/lower button","{""X"":0,""Y"":0,""Z"":0,""A"":0,""C"":0}","[-0.01,0,0,0,0,0]","4.150396838938086","4"
"lathe-ideal-0-0.01-minus","lathe","borec","ideal","real raise/lower button","{""X"":0,""Y"":0,""Z"":0,""A"":0,""C"":0}","[-0.01,0,0,0,0,0]","8.750002041223171","9"
"lathe-ideal-0-0.01-minus","lathe","bored","ideal","real raise/lower button","{""X"":0,""Y"":0,""Z"":0,""A"":0,""C"":0}","[-0.01,0,0,0,0,0]","4.60036880289838","5"
"lathe-ideal-0-0.01-minus-restored","lathe","face","ideal","real inverse support button","{""X"":0,""Y"":0,""Z"":0,""A"":0,""C"":0}","[0,0,0,0,0,0]","0","0"
"lathe-ideal-0-0.01-minus-restored","lathe","flat","ideal","real inverse support button","{""X"":0,""Y"":0,""Z"":0,""A"":0,""C"":0}","[0,0,0,0,0,0]","0","0"
"lathe-ideal-0-0.01-minus-restored","lathe","dx","ideal","real inverse support button","{""X"":0,""Y"":0,""Z"":0,""A"":0,""C"":0}","[0,0,0,0,0,0]","-2.7755575615628914e-11","0"
"lathe-ideal-0-0.01-minus-restored","lathe","dy","ideal","real inverse support button","{""X"":0,""Y"":0,""Z"":0,""A"":0,""C"":0}","[0,0,0,0,0,0]","0","0"
"lathe-ideal-0-0.01-minus-restored","lathe","barSide","ideal","real inverse support button","{""X"":0,""Y"":0,""Z"":0,""A"":0,""C"":0}","[0,0,0,0,0,0]","0","0"
"lathe-ideal-0-0.01-minus-restored","lathe","barTop","ideal","real inverse support button","{""X"":0,""Y"":0,""Z"":0,""A"":0,""C"":0}","[0,0,0,0,0,0]","0","0"
"lathe-ideal-0-0.01-minus-restored","lathe","runoutRoot","ideal","real inverse support button","{""X"":0,""Y"":0,""Z"":0,""A"":0,""C"":0}","[0,0,0,0,0,0]","0","0"
"lathe-ideal-0-0.01-minus-restored","lathe","runoutTip","ideal","real inverse support button","{""X"":0,""Y"":0,""Z"":0,""A"":0,""C"":0}","[0,0,0,0,0,0]","0","0"
"lathe-ideal-0-0.01-minus-restored","lathe","borea","ideal","real inverse support button","{""X"":0,""Y"":0,""Z"":0,""A"":0,""C"":0}","[0,0,0,0,0,0]","0","0"
"lathe-ideal-0-0.01-minus-restored","lathe","boreb","ideal","real inverse support button","{""X"":0,""Y"":0,""Z"":0,""A"":0,""C"":0}","[0,0,0,0,0,0]","-2.7755575615628914e-11","0"
"lathe-ideal-0-0.01-minus-restored","lathe","borec","ideal","real inverse support button","{""X"":0,""Y"":0,""Z"":0,""A"":0,""C"":0}","[0,0,0,0,0,0]","-5.551115123125783e-11","0"
"lathe-ideal-0-0.01-minus-restored","lathe","bored","ideal","real inverse support button","{""X"":0,""Y"":0,""Z"":0,""A"":0,""C"":0}","[0,0,0,0,0,0]","-2.7755575615628914e-11","0"
"lathe-ideal-1-0.001-start","lathe","face","ideal","real support map and step buttons","{""X"":0,""Y"":0,""Z"":0,""A"":0,""C"":0}","[0,0,0,0,0,0]","0","0"
"lathe-ideal-1-0.001-start","lathe","flat","ideal","real support map and step buttons","{""X"":0,""Y"":0,""Z"":0,""A"":0,""C"":0}","[0,0,0,0,0,0]","0","0"
"lathe-ideal-1-0.001-start","lathe","dx","ideal","real support map and step buttons","{""X"":0,""Y"":0,""Z"":0,""A"":0,""C"":0}","[0,0,0,0,0,0]","-2.7755575615628914e-11","0"
"lathe-ideal-1-0.001-start","lathe","dy","ideal","real support map and step buttons","{""X"":0,""Y"":0,""Z"":0,""A"":0,""C"":0}","[0,0,0,0,0,0]","0","0"
"lathe-ideal-1-0.001-start","lathe","barSide","ideal","real support map and step buttons","{""X"":0,""Y"":0,""Z"":0,""A"":0,""C"":0}","[0,0,0,0,0,0]","0","0"
"lathe-ideal-1-0.001-start","lathe","barTop","ideal","real support map and step buttons","{""X"":0,""Y"":0,""Z"":0,""A"":0,""C"":0}","[0,0,0,0,0,0]","0","0"
"lathe-ideal-1-0.001-start","lathe","runoutRoot","ideal","real support map and step buttons","{""X"":0,""Y"":0,""Z"":0,""A"":0,""C"":0}","[0,0,0,0,0,0]","0","0"
"lathe-ideal-1-0.001-start","lathe","runoutTip","ideal","real support map and step buttons","{""X"":0,""Y"":0,""Z"":0,""A"":0,""C"":0}","[0,0,0,0,0,0]","0","0"
"lathe-ideal-1-0.001-start","lathe","borea","ideal","real support map and step buttons","{""X"":0,""Y"":0,""Z"":0,""A"":0,""C"":0}","[0,0,0,0,0,0]","0","0"
"lathe-ideal-1-0.001-start","lathe","boreb","ideal","real support map and step buttons","{""X"":0,""Y"":0,""Z"":0,""A"":0,""C"":0}","[0,0,0,0,0,0]","-2.7755575615628914e-11","0"
"lathe-ideal-1-0.001-start","lathe","borec","ideal","real support map and step buttons","{""X"":0,""Y"":0,""Z"":0,""A"":0,""C"":0}","[0,0,0,0,0,0]","-5.551115123125783e-11","0"
"lathe-ideal-1-0.001-start","lathe","bored","ideal","real support map and step buttons","{""X"":0,""Y"":0,""Z"":0,""A"":0,""C"":0}","[0,0,0,0,0,0]","-2.7755575615628914e-11","0"
"lathe-ideal-1-0.001-plus","lathe","face","ideal","real raise/lower button","{""X"":0,""Y"":0,""Z"":0,""A"":0,""C"":0}","[0,0.001,0,0,0,0]","0","0"
"lathe-ideal-1-0.001-plus","lathe","flat","ideal","real raise/lower button","{""X"":0,""Y"":0,""Z"":0,""A"":0,""C"":0}","[0,0.001,0,0,0,0]","-0.0749999949055391","0"
"lathe-ideal-1-0.001-plus","lathe","dx","ideal","real raise/lower button","{""X"":0,""Y"":0,""Z"":0,""A"":0,""C"":0}","[0,0.001,0,0,0,0]","0.41750001506005796","0"
"lathe-ideal-1-0.001-plus","lathe","dy","ideal","real raise/lower button","{""X"":0,""Y"":0,""Z"":0,""A"":0,""C"":0}","[0,0.001,0,0,0,0]","0.03741052334650343","0"
"lathe-ideal-1-0.001-plus","lathe","barSide","ideal","real raise/lower button","{""X"":0,""Y"":0,""Z"":0,""A"":0,""C"":0}","[0,0.001,0,0,0,0]","0.0749995899169964","0"
"lathe-ideal-1-0.001-plus","lathe","barTop","ideal","real raise/lower button","{""X"":0,""Y"":0,""Z"":0,""A"":0,""C"":0}","[0,0.001,0,0,0,0]","0.14999988402243647","0"
"lathe-ideal-1-0.001-plus","lathe","runoutRoot","ideal","real raise/lower button","{""X"":0,""Y"":0,""Z"":0,""A"":0,""C"":0}","[0,0.001,0,0,0,0]","0","0"
"lathe-ideal-1-0.001-plus","lathe","runoutTip","ideal","real raise/lower button","{""X"":0,""Y"":0,""Z"":0,""A"":0,""C"":0}","[0,0.001,0,0,0,0]","0","0"
"lathe-ideal-1-0.001-plus","lathe","borea","ideal","real raise/lower button","{""X"":0,""Y"":0,""Z"":0,""A"":0,""C"":0}","[0,0.001,0,0,0,0]","0","0"
"lathe-ideal-1-0.001-plus","lathe","boreb","ideal","real raise/lower button","{""X"":0,""Y"":0,""Z"":0,""A"":0,""C"":0}","[0,0.001,0,0,0,0]","0.38009294984694963","0"
"lathe-ideal-1-0.001-plus","lathe","borec","ideal","real raise/lower button","{""X"":0,""Y"":0,""Z"":0,""A"":0,""C"":0}","[0,0.001,0,0,0,0]","0.8350000301193816","1"
"lathe-ideal-1-0.001-plus","lathe","bored","ideal","real raise/lower button","{""X"":0,""Y"":0,""Z"":0,""A"":0,""C"":0}","[0,0.001,0,0,0,0]","0.45491399653860287","0"
"lathe-ideal-1-0.001-plus-restored","lathe","face","ideal","real inverse support button","{""X"":0,""Y"":0,""Z"":0,""A"":0,""C"":0}","[0,0,0,0,0,0]","0","0"
"lathe-ideal-1-0.001-plus-restored","lathe","flat","ideal","real inverse support button","{""X"":0,""Y"":0,""Z"":0,""A"":0,""C"":0}","[0,0,0,0,0,0]","0","0"
"lathe-ideal-1-0.001-plus-restored","lathe","dx","ideal","real inverse support button","{""X"":0,""Y"":0,""Z"":0,""A"":0,""C"":0}","[0,0,0,0,0,0]","-2.7755575615628914e-11","0"
"lathe-ideal-1-0.001-plus-restored","lathe","dy","ideal","real inverse support button","{""X"":0,""Y"":0,""Z"":0,""A"":0,""C"":0}","[0,0,0,0,0,0]","0","0"
"lathe-ideal-1-0.001-plus-restored","lathe","barSide","ideal","real inverse support button","{""X"":0,""Y"":0,""Z"":0,""A"":0,""C"":0}","[0,0,0,0,0,0]","0","0"
"lathe-ideal-1-0.001-plus-restored","lathe","barTop","ideal","real inverse support button","{""X"":0,""Y"":0,""Z"":0,""A"":0,""C"":0}","[0,0,0,0,0,0]","0","0"
"lathe-ideal-1-0.001-plus-restored","lathe","runoutRoot","ideal","real inverse support button","{""X"":0,""Y"":0,""Z"":0,""A"":0,""C"":0}","[0,0,0,0,0,0]","0","0"
"lathe-ideal-1-0.001-plus-restored","lathe","runoutTip","ideal","real inverse support button","{""X"":0,""Y"":0,""Z"":0,""A"":0,""C"":0}","[0,0,0,0,0,0]","0","0"
"lathe-ideal-1-0.001-plus-restored","lathe","borea","ideal","real inverse support button","{""X"":0,""Y"":0,""Z"":0,""A"":0,""C"":0}","[0,0,0,0,0,0]","0","0"
"lathe-ideal-1-0.001-plus-restored","lathe","boreb","ideal","real inverse support button","{""X"":0,""Y"":0,""Z"":0,""A"":0,""C"":0}","[0,0,0,0,0,0]","-2.7755575615628914e-11","0"
"lathe-ideal-1-0.001-plus-restored","lathe","borec","ideal","real inverse support button","{""X"":0,""Y"":0,""Z"":0,""A"":0,""C"":0}","[0,0,0,0,0,0]","-5.551115123125783e-11","0"
"lathe-ideal-1-0.001-plus-restored","lathe","bored","ideal","real inverse support button","{""X"":0,""Y"":0,""Z"":0,""A"":0,""C"":0}","[0,0,0,0,0,0]","-2.7755575615628914e-11","0"
"lathe-ideal-1-0.001-minus","lathe","face","ideal","real raise/lower button","{""X"":0,""Y"":0,""Z"":0,""A"":0,""C"":0}","[0,-0.001,0,0,0,0]","0","0"
"lathe-ideal-1-0.001-minus","lathe","flat","ideal","real raise/lower button","{""X"":0,""Y"":0,""Z"":0,""A"":0,""C"":0}","[0,-0.001,0,0,0,0]","0.07500000507101867","0"
"lathe-ideal-1-0.001-minus","lathe","dx","ideal","real raise/lower button","{""X"":0,""Y"":0,""Z"":0,""A"":0,""C"":0}","[0,-0.001,0,0,0,0]","-0.41749998496199664","0"
"lathe-ideal-1-0.001-minus","lathe","dy","ideal","real raise/lower button","{""X"":0,""Y"":0,""Z"":0,""A"":0,""C"":0}","[0,-0.001,0,0,0,0]","-0.03741090515528762","0"
"lathe-ideal-1-0.001-minus","lathe","barSide","ideal","real raise/lower button","{""X"":0,""Y"":0,""Z"":0,""A"":0,""C"":0}","[0,-0.001,0,0,0,0]","-0.07500041008731695","0"
"lathe-ideal-1-0.001-minus","lathe","barTop","ideal","real raise/lower button","{""X"":0,""Y"":0,""Z"":0,""A"":0,""C"":0}","[0,-0.001,0,0,0,0]","-0.15000011573118588","0"
"lathe-ideal-1-0.001-minus","lathe","runoutRoot","ideal","real raise/lower button","{""X"":0,""Y"":0,""Z"":0,""A"":0,""C"":0}","[0,-0.001,0,0,0,0]","0","0"
"lathe-ideal-1-0.001-minus","lathe","runoutTip","ideal","real raise/lower button","{""X"":0,""Y"":0,""Z"":0,""A"":0,""C"":0}","[0,-0.001,0,0,0,0]","0","0"
"lathe-ideal-1-0.001-minus","lathe","borea","ideal","real raise/lower button","{""X"":0,""Y"":0,""Z"":0,""A"":0,""C"":0}","[0,-0.001,0,0,0,0]","0","0"
"lathe-ideal-1-0.001-minus","lathe","boreb","ideal","real raise/lower button","{""X"":0,""Y"":0,""Z"":0,""A"":0,""C"":0}","[0,-0.001,0,0,0,0]","-0.3800856216741588","0"
"lathe-ideal-1-0.001-minus","lathe","borec","ideal","real raise/lower button","{""X"":0,""Y"":0,""Z"":0,""A"":0,""C"":0}","[0,-0.001,0,0,0,0]","-0.834999969924477","-1"
"lathe-ideal-1-0.001-minus","lathe","bored","ideal","real raise/lower button","{""X"":0,""Y"":0,""Z"":0,""A"":0,""C"":0}","[0,-0.001,0,0,0,0]","-0.4549074319841473","0"
"lathe-ideal-1-0.001-minus-restored","lathe","face","ideal","real inverse support button","{""X"":0,""Y"":0,""Z"":0,""A"":0,""C"":0}","[0,0,0,0,0,0]","0","0"
"lathe-ideal-1-0.001-minus-restored","lathe","flat","ideal","real inverse support button","{""X"":0,""Y"":0,""Z"":0,""A"":0,""C"":0}","[0,0,0,0,0,0]","0","0"
"lathe-ideal-1-0.001-minus-restored","lathe","dx","ideal","real inverse support button","{""X"":0,""Y"":0,""Z"":0,""A"":0,""C"":0}","[0,0,0,0,0,0]","-2.7755575615628914e-11","0"
"lathe-ideal-1-0.001-minus-restored","lathe","dy","ideal","real inverse support button","{""X"":0,""Y"":0,""Z"":0,""A"":0,""C"":0}","[0,0,0,0,0,0]","0","0"
"lathe-ideal-1-0.001-minus-restored","lathe","barSide","ideal","real inverse support button","{""X"":0,""Y"":0,""Z"":0,""A"":0,""C"":0}","[0,0,0,0,0,0]","0","0"
"lathe-ideal-1-0.001-minus-restored","lathe","barTop","ideal","real inverse support button","{""X"":0,""Y"":0,""Z"":0,""A"":0,""C"":0}","[0,0,0,0,0,0]","0","0"
"lathe-ideal-1-0.001-minus-restored","lathe","runoutRoot","ideal","real inverse support button","{""X"":0,""Y"":0,""Z"":0,""A"":0,""C"":0}","[0,0,0,0,0,0]","0","0"
"lathe-ideal-1-0.001-minus-restored","lathe","runoutTip","ideal","real inverse support button","{""X"":0,""Y"":0,""Z"":0,""A"":0,""C"":0}","[0,0,0,0,0,0]","0","0"
"lathe-ideal-1-0.001-minus-restored","lathe","borea","ideal","real inverse support button","{""X"":0,""Y"":0,""Z"":0,""A"":0,""C"":0}","[0,0,0,0,0,0]","0","0"
"lathe-ideal-1-0.001-minus-restored","lathe","boreb","ideal","real inverse support button","{""X"":0,""Y"":0,""Z"":0,""A"":0,""C"":0}","[0,0,0,0,0,0]","-2.7755575615628914e-11","0"
"lathe-ideal-1-0.001-minus-restored","lathe","borec","ideal","real inverse support button","{""X"":0,""Y"":0,""Z"":0,""A"":0,""C"":0}","[0,0,0,0,0,0]","-5.551115123125783e-11","0"
"lathe-ideal-1-0.001-minus-restored","lathe","bored","ideal","real inverse support button","{""X"":0,""Y"":0,""Z"":0,""A"":0,""C"":0}","[0,0,0,0,0,0]","-2.7755575615628914e-11","0"
"lathe-ideal-1-0.01-start","lathe","face","ideal","real support map and step buttons","{""X"":0,""Y"":0,""Z"":0,""A"":0,""C"":0}","[0,0,0,0,0,0]","0","0"
"lathe-ideal-1-0.01-start","lathe","flat","ideal","real support map and step buttons","{""X"":0,""Y"":0,""Z"":0,""A"":0,""C"":0}","[0,0,0,0,0,0]","0","0"
"lathe-ideal-1-0.01-start","lathe","dx","ideal","real support map and step buttons","{""X"":0,""Y"":0,""Z"":0,""A"":0,""C"":0}","[0,0,0,0,0,0]","-2.7755575615628914e-11","0"
"lathe-ideal-1-0.01-start","lathe","dy","ideal","real support map and step buttons","{""X"":0,""Y"":0,""Z"":0,""A"":0,""C"":0}","[0,0,0,0,0,0]","0","0"
"lathe-ideal-1-0.01-start","lathe","barSide","ideal","real support map and step buttons","{""X"":0,""Y"":0,""Z"":0,""A"":0,""C"":0}","[0,0,0,0,0,0]","0","0"
"lathe-ideal-1-0.01-start","lathe","barTop","ideal","real support map and step buttons","{""X"":0,""Y"":0,""Z"":0,""A"":0,""C"":0}","[0,0,0,0,0,0]","0","0"
"lathe-ideal-1-0.01-start","lathe","runoutRoot","ideal","real support map and step buttons","{""X"":0,""Y"":0,""Z"":0,""A"":0,""C"":0}","[0,0,0,0,0,0]","0","0"
"lathe-ideal-1-0.01-start","lathe","runoutTip","ideal","real support map and step buttons","{""X"":0,""Y"":0,""Z"":0,""A"":0,""C"":0}","[0,0,0,0,0,0]","0","0"
"lathe-ideal-1-0.01-start","lathe","borea","ideal","real support map and step buttons","{""X"":0,""Y"":0,""Z"":0,""A"":0,""C"":0}","[0,0,0,0,0,0]","0","0"
"lathe-ideal-1-0.01-start","lathe","boreb","ideal","real support map and step buttons","{""X"":0,""Y"":0,""Z"":0,""A"":0,""C"":0}","[0,0,0,0,0,0]","-2.7755575615628914e-11","0"
"lathe-ideal-1-0.01-start","lathe","borec","ideal","real support map and step buttons","{""X"":0,""Y"":0,""Z"":0,""A"":0,""C"":0}","[0,0,0,0,0,0]","-5.551115123125783e-11","0"
"lathe-ideal-1-0.01-start","lathe","bored","ideal","real support map and step buttons","{""X"":0,""Y"":0,""Z"":0,""A"":0,""C"":0}","[0,0,0,0,0,0]","-2.7755575615628914e-11","0"
"lathe-ideal-1-0.01-plus","lathe","face","ideal","real raise/lower button","{""X"":0,""Y"":0,""Z"":0,""A"":0,""C"":0}","[0,0.01,0,0,0,0]","6.938893903907228e-12","0"
"lathe-ideal-1-0.01-plus","lathe","flat","ideal","real raise/lower button","{""X"":0,""Y"":0,""Z"":0,""A"":0,""C"":0}","[0,0.01,0,0,0,0]","-0.7499994897925549","-1"
"lathe-ideal-1-0.01-plus","lathe","dx","ideal","real raise/lower button","{""X"":0,""Y"":0,""Z"":0,""A"":0,""C"":0}","[0,0.01,0,0,0,0]","4.175001507400363","4"
"lathe-ideal-1-0.01-plus","lathe","dy","ideal","real raise/lower button","{""X"":0,""Y"":0,""Z"":0,""A"":0,""C"":0}","[0,0.01,0,0,0,0]","0.37408805872698436","0"
"lathe-ideal-1-0.01-plus","lathe","barSide","ideal","real raise/lower button","{""X"":0,""Y"":0,""Z"":0,""A"":0,""C"":0}","[0,0.01,0,0,0,0]","0.7499589964130721","1"
"lathe-ideal-1-0.01-plus","lathe","barTop","ideal","real raise/lower button","{""X"":0,""Y"":0,""Z"":0,""A"":0,""C"":0}","[0,0.01,0,0,0,0]","1.4999884149734244","1"
"lathe-ideal-1-0.01-plus","lathe","runoutRoot","ideal","real raise/lower button","{""X"":0,""Y"":0,""Z"":0,""A"":0,""C"":0}","[0,0.01,0,0,0,0]","0","0"
"lathe-ideal-1-0.01-plus","lathe","runoutTip","ideal","real raise/lower button","{""X"":0,""Y"":0,""Z"":0,""A"":0,""C"":0}","[0,0.01,0,0,0,0]","0","0"
"lathe-ideal-1-0.01-plus","lathe","borea","ideal","real raise/lower button","{""X"":0,""Y"":0,""Z"":0,""A"":0,""C"":0}","[0,0.01,0,0,0,0]","0","0"
"lathe-ideal-1-0.01-plus","lathe","boreb","ideal","real raise/lower button","{""X"":0,""Y"":0,""Z"":0,""A"":0,""C"":0}","[0,0.01,0,0,0,0]","3.8012592625882857","4"
"lathe-ideal-1-0.01-plus","lathe","borec","ideal","real raise/lower button","{""X"":0,""Y"":0,""Z"":0,""A"":0,""C"":0}","[0,0.01,0,0,0,0]","8.350003014800933","8"
"lathe-ideal-1-0.01-plus","lathe","bored","ideal","real raise/lower button","{""X"":0,""Y"":0,""Z"":0,""A"":0,""C"":0}","[0,0.01,0,0,0,0]","4.549435380044042","5"
"lathe-ideal-1-0.01-plus-restored","lathe","face","ideal","real inverse support button","{""X"":0,""Y"":0,""Z"":0,""A"":0,""C"":0}","[0,0,0,0,0,0]","0","0"
"lathe-ideal-1-0.01-plus-restored","lathe","flat","ideal","real inverse support button","{""X"":0,""Y"":0,""Z"":0,""A"":0,""C"":0}","[0,0,0,0,0,0]","0","0"
"lathe-ideal-1-0.01-plus-restored","lathe","dx","ideal","real inverse support button","{""X"":0,""Y"":0,""Z"":0,""A"":0,""C"":0}","[0,0,0,0,0,0]","-2.7755575615628914e-11","0"
"lathe-ideal-1-0.01-plus-restored","lathe","dy","ideal","real inverse support button","{""X"":0,""Y"":0,""Z"":0,""A"":0,""C"":0}","[0,0,0,0,0,0]","0","0"
"lathe-ideal-1-0.01-plus-restored","lathe","barSide","ideal","real inverse support button","{""X"":0,""Y"":0,""Z"":0,""A"":0,""C"":0}","[0,0,0,0,0,0]","0","0"
"lathe-ideal-1-0.01-plus-restored","lathe","barTop","ideal","real inverse support button","{""X"":0,""Y"":0,""Z"":0,""A"":0,""C"":0}","[0,0,0,0,0,0]","0","0"
"lathe-ideal-1-0.01-plus-restored","lathe","runoutRoot","ideal","real inverse support button","{""X"":0,""Y"":0,""Z"":0,""A"":0,""C"":0}","[0,0,0,0,0,0]","0","0"
"lathe-ideal-1-0.01-plus-restored","lathe","runoutTip","ideal","real inverse support button","{""X"":0,""Y"":0,""Z"":0,""A"":0,""C"":0}","[0,0,0,0,0,0]","0","0"
"lathe-ideal-1-0.01-plus-restored","lathe","borea","ideal","real inverse support button","{""X"":0,""Y"":0,""Z"":0,""A"":0,""C"":0}","[0,0,0,0,0,0]","0","0"
"lathe-ideal-1-0.01-plus-restored","lathe","boreb","ideal","real inverse support button","{""X"":0,""Y"":0,""Z"":0,""A"":0,""C"":0}","[0,0,0,0,0,0]","-2.7755575615628914e-11","0"
"lathe-ideal-1-0.01-plus-restored","lathe","borec","ideal","real inverse support button","{""X"":0,""Y"":0,""Z"":0,""A"":0,""C"":0}","[0,0,0,0,0,0]","-5.551115123125783e-11","0"
"lathe-ideal-1-0.01-plus-restored","lathe","bored","ideal","real inverse support button","{""X"":0,""Y"":0,""Z"":0,""A"":0,""C"":0}","[0,0,0,0,0,0]","-2.7755575615628914e-11","0"
"lathe-ideal-1-0.01-minus","lathe","face","ideal","real raise/lower button","{""X"":0,""Y"":0,""Z"":0,""A"":0,""C"":0}","[0,-0.01,0,0,0,0]","6.938893903907228e-12","0"
"lathe-ideal-1-0.01-minus","lathe","flat","ideal","real raise/lower button","{""X"":0,""Y"":0,""Z"":0,""A"":0,""C"":0}","[0,-0.01,0,0,0,0]","0.7500005099955742","1"
"lathe-ideal-1-0.01-minus","lathe","dx","ideal","real raise/lower button","{""X"":0,""Y"":0,""Z"":0,""A"":0,""C"":0}","[0,-0.01,0,0,0,0]","-4.174998492487208","-4"
"lathe-ideal-1-0.01-minus","lathe","dy","ideal","real raise/lower button","{""X"":0,""Y"":0,""Z"":0,""A"":0,""C"":0}","[0,-0.01,0,0,0,0]","-0.37412622717090743","0"
"lathe-ideal-1-0.01-minus","lathe","barSide","ideal","real raise/lower button","{""X"":0,""Y"":0,""Z"":0,""A"":0,""C"":0}","[0,-0.01,0,0,0,0]","-0.7500410036404698","-1"
"lathe-ideal-1-0.01-minus","lathe","barTop","ideal","real raise/lower button","{""X"":0,""Y"":0,""Z"":0,""A"":0,""C"":0}","[0,-0.01,0,0,0,0]","-1.500011584991412","-2"
"lathe-ideal-1-0.01-minus","lathe","runoutRoot","ideal","real raise/lower button","{""X"":0,""Y"":0,""Z"":0,""A"":0,""C"":0}","[0,-0.01,0,0,0,0]","0","0"
"lathe-ideal-1-0.01-minus","lathe","runoutTip","ideal","real raise/lower button","{""X"":0,""Y"":0,""Z"":0,""A"":0,""C"":0}","[0,-0.01,0,0,0,0]","0","0"
"lathe-ideal-1-0.01-minus","lathe","borea","ideal","real raise/lower button","{""X"":0,""Y"":0,""Z"":0,""A"":0,""C"":0}","[0,-0.01,0,0,0,0]","0","0"
"lathe-ideal-1-0.01-minus","lathe","boreb","ideal","real raise/lower button","{""X"":0,""Y"":0,""Z"":0,""A"":0,""C"":0}","[0,-0.01,0,0,0,0]","-3.800526452470143","-4"
"lathe-ideal-1-0.01-minus","lathe","borec","ideal","real raise/lower button","{""X"":0,""Y"":0,""Z"":0,""A"":0,""C"":0}","[0,-0.01,0,0,0,0]","-8.349996984971519","-8"
"lathe-ideal-1-0.01-minus","lathe","bored","ideal","real raise/lower button","{""X"":0,""Y"":0,""Z"":0,""A"":0,""C"":0}","[0,-0.01,0,0,0,0]","-4.5487789068141","-5"
"lathe-ideal-1-0.01-minus-restored","lathe","face","ideal","real inverse support button","{""X"":0,""Y"":0,""Z"":0,""A"":0,""C"":0}","[0,0,0,0,0,0]","0","0"
"lathe-ideal-1-0.01-minus-restored","lathe","flat","ideal","real inverse support button","{""X"":0,""Y"":0,""Z"":0,""A"":0,""C"":0}","[0,0,0,0,0,0]","0","0"
"lathe-ideal-1-0.01-minus-restored","lathe","dx","ideal","real inverse support button","{""X"":0,""Y"":0,""Z"":0,""A"":0,""C"":0}","[0,0,0,0,0,0]","-2.7755575615628914e-11","0"
"lathe-ideal-1-0.01-minus-restored","lathe","dy","ideal","real inverse support button","{""X"":0,""Y"":0,""Z"":0,""A"":0,""C"":0}","[0,0,0,0,0,0]","0","0"
"lathe-ideal-1-0.01-minus-restored","lathe","barSide","ideal","real inverse support button","{""X"":0,""Y"":0,""Z"":0,""A"":0,""C"":0}","[0,0,0,0,0,0]","0","0"
"lathe-ideal-1-0.01-minus-restored","lathe","barTop","ideal","real inverse support button","{""X"":0,""Y"":0,""Z"":0,""A"":0,""C"":0}","[0,0,0,0,0,0]","0","0"
"lathe-ideal-1-0.01-minus-restored","lathe","runoutRoot","ideal","real inverse support button","{""X"":0,""Y"":0,""Z"":0,""A"":0,""C"":0}","[0,0,0,0,0,0]","0","0"
"lathe-ideal-1-0.01-minus-restored","lathe","runoutTip","ideal","real inverse support button","{""X"":0,""Y"":0,""Z"":0,""A"":0,""C"":0}","[0,0,0,0,0,0]","0","0"
"lathe-ideal-1-0.01-minus-restored","lathe","borea","ideal","real inverse support button","{""X"":0,""Y"":0,""Z"":0,""A"":0,""C"":0}","[0,0,0,0,0,0]","0","0"
"lathe-ideal-1-0.01-minus-restored","lathe","boreb","ideal","real inverse support button","{""X"":0,""Y"":0,""Z"":0,""A"":0,""C"":0}","[0,0,0,0,0,0]","-2.7755575615628914e-11","0"
"lathe-ideal-1-0.01-minus-restored","lathe","borec","ideal","real inverse support button","{""X"":0,""Y"":0,""Z"":0,""A"":0,""C"":0}","[0,0,0,0,0,0]","-5.551115123125783e-11","0"
"lathe-ideal-1-0.01-minus-restored","lathe","bored","ideal","real inverse support button","{""X"":0,""Y"":0,""Z"":0,""A"":0,""C"":0}","[0,0,0,0,0,0]","-2.7755575615628914e-11","0"
"lathe-ideal-2-0.001-start","lathe","face","ideal","real support map and step buttons","{""X"":0,""Y"":0,""Z"":0,""A"":0,""C"":0}","[0,0,0,0,0,0]","0","0"
"lathe-ideal-2-0.001-start","lathe","flat","ideal","real support map and step buttons","{""X"":0,""Y"":0,""Z"":0,""A"":0,""C"":0}","[0,0,0,0,0,0]","0","0"
"lathe-ideal-2-0.001-start","lathe","dx","ideal","real support map and step buttons","{""X"":0,""Y"":0,""Z"":0,""A"":0,""C"":0}","[0,0,0,0,0,0]","-2.7755575615628914e-11","0"
"lathe-ideal-2-0.001-start","lathe","dy","ideal","real support map and step buttons","{""X"":0,""Y"":0,""Z"":0,""A"":0,""C"":0}","[0,0,0,0,0,0]","0","0"
"lathe-ideal-2-0.001-start","lathe","barSide","ideal","real support map and step buttons","{""X"":0,""Y"":0,""Z"":0,""A"":0,""C"":0}","[0,0,0,0,0,0]","0","0"
"lathe-ideal-2-0.001-start","lathe","barTop","ideal","real support map and step buttons","{""X"":0,""Y"":0,""Z"":0,""A"":0,""C"":0}","[0,0,0,0,0,0]","0","0"
"lathe-ideal-2-0.001-start","lathe","runoutRoot","ideal","real support map and step buttons","{""X"":0,""Y"":0,""Z"":0,""A"":0,""C"":0}","[0,0,0,0,0,0]","0","0"
"lathe-ideal-2-0.001-start","lathe","runoutTip","ideal","real support map and step buttons","{""X"":0,""Y"":0,""Z"":0,""A"":0,""C"":0}","[0,0,0,0,0,0]","0","0"
"lathe-ideal-2-0.001-start","lathe","borea","ideal","real support map and step buttons","{""X"":0,""Y"":0,""Z"":0,""A"":0,""C"":0}","[0,0,0,0,0,0]","0","0"
"lathe-ideal-2-0.001-start","lathe","boreb","ideal","real support map and step buttons","{""X"":0,""Y"":0,""Z"":0,""A"":0,""C"":0}","[0,0,0,0,0,0]","-2.7755575615628914e-11","0"
"lathe-ideal-2-0.001-start","lathe","borec","ideal","real support map and step buttons","{""X"":0,""Y"":0,""Z"":0,""A"":0,""C"":0}","[0,0,0,0,0,0]","-5.551115123125783e-11","0"
"lathe-ideal-2-0.001-start","lathe","bored","ideal","real support map and step buttons","{""X"":0,""Y"":0,""Z"":0,""A"":0,""C"":0}","[0,0,0,0,0,0]","-2.7755575615628914e-11","0"
"lathe-ideal-2-0.001-plus","lathe","face","ideal","real raise/lower button","{""X"":0,""Y"":0,""Z"":0,""A"":0,""C"":0}","[0,0,0.001,0,0,0]","-1.3877787807814457e-11","0"
"lathe-ideal-2-0.001-plus","lathe","flat","ideal","real raise/lower button","{""X"":0,""Y"":0,""Z"":0,""A"":0,""C"":0}","[0,0,0.001,0,0,0]","0.07500000523928685","0"
"lathe-ideal-2-0.001-plus","lathe","dx","ideal","real raise/lower button","{""X"":0,""Y"":0,""Z"":0,""A"":0,""C"":0}","[0,0,0.001,0,0,0]","0.019999999268020617","0"
"lathe-ideal-2-0.001-plus","lathe","dy","ideal","real raise/lower button","{""X"":0,""Y"":0,""Z"":0,""A"":0,""C"":0}","[0,0,0.001,0,0,0]","-0.014910732204500766","0"
"lathe-ideal-2-0.001-plus","lathe","barSide","ideal","real raise/lower button","{""X"":0,""Y"":0,""Z"":0,""A"":0,""C"":0}","[0,0,0.001,0,0,0]","-0.0750001171549719","0"
"lathe-ideal-2-0.001-plus","lathe","barTop","ideal","real raise/lower button","{""X"":0,""Y"":0,""Z"":0,""A"":0,""C"":0}","[0,0,0.001,0,0,0]","-0.07500011555555686","0"
"lathe-ideal-2-0.001-plus","lathe","runoutRoot","ideal","real raise/lower button","{""X"":0,""Y"":0,""Z"":0,""A"":0,""C"":0}","[0,0,0.001,0,0,0]","0","0"
"lathe-ideal-2-0.001-plus","lathe","runoutTip","ideal","real raise/lower button","{""X"":0,""Y"":0,""Z"":0,""A"":0,""C"":0}","[0,0,0.001,0,0,0]","0","0"
"lathe-ideal-2-0.001-plus","lathe","borea","ideal","real raise/lower button","{""X"":0,""Y"":0,""Z"":0,""A"":0,""C"":0}","[0,0,0.001,0,0,0]","0","0"
"lathe-ideal-2-0.001-plus","lathe","boreb","ideal","real raise/lower button","{""X"":0,""Y"":0,""Z"":0,""A"":0,""C"":0}","[0,0,0.001,0,0,0]","0.034910735021570494","0"
"lathe-ideal-2-0.001-plus","lathe","borec","ideal","real raise/lower button","{""X"":0,""Y"":0,""Z"":0,""A"":0,""C"":0}","[0,0,0.001,0,0,0]","0.039999998535655834","0"
"lathe-ideal-2-0.001-plus","lathe","bored","ideal","real raise/lower button","{""X"":0,""Y"":0,""Z"":0,""A"":0,""C"":0}","[0,0,0.001,0,0,0]","0.005089270612573804","0"
"lathe-ideal-2-0.001-plus-restored","lathe","face","ideal","real inverse support button","{""X"":0,""Y"":0,""Z"":0,""A"":0,""C"":0}","[0,0,0,0,0,0]","0","0"
"lathe-ideal-2-0.001-plus-restored","lathe","flat","ideal","real inverse support button","{""X"":0,""Y"":0,""Z"":0,""A"":0,""C"":0}","[0,0,0,0,0,0]","0","0"
"lathe-ideal-2-0.001-plus-restored","lathe","dx","ideal","real inverse support button","{""X"":0,""Y"":0,""Z"":0,""A"":0,""C"":0}","[0,0,0,0,0,0]","-2.7755575615628914e-11","0"
"lathe-ideal-2-0.001-plus-restored","lathe","dy","ideal","real inverse support button","{""X"":0,""Y"":0,""Z"":0,""A"":0,""C"":0}","[0,0,0,0,0,0]","0","0"
"lathe-ideal-2-0.001-plus-restored","lathe","barSide","ideal","real inverse support button","{""X"":0,""Y"":0,""Z"":0,""A"":0,""C"":0}","[0,0,0,0,0,0]","0","0"
"lathe-ideal-2-0.001-plus-restored","lathe","barTop","ideal","real inverse support button","{""X"":0,""Y"":0,""Z"":0,""A"":0,""C"":0}","[0,0,0,0,0,0]","0","0"
"lathe-ideal-2-0.001-plus-restored","lathe","runoutRoot","ideal","real inverse support button","{""X"":0,""Y"":0,""Z"":0,""A"":0,""C"":0}","[0,0,0,0,0,0]","0","0"
"lathe-ideal-2-0.001-plus-restored","lathe","runoutTip","ideal","real inverse support button","{""X"":0,""Y"":0,""Z"":0,""A"":0,""C"":0}","[0,0,0,0,0,0]","0","0"
"lathe-ideal-2-0.001-plus-restored","lathe","borea","ideal","real inverse support button","{""X"":0,""Y"":0,""Z"":0,""A"":0,""C"":0}","[0,0,0,0,0,0]","0","0"
"lathe-ideal-2-0.001-plus-restored","lathe","boreb","ideal","real inverse support button","{""X"":0,""Y"":0,""Z"":0,""A"":0,""C"":0}","[0,0,0,0,0,0]","-2.7755575615628914e-11","0"
"lathe-ideal-2-0.001-plus-restored","lathe","borec","ideal","real inverse support button","{""X"":0,""Y"":0,""Z"":0,""A"":0,""C"":0}","[0,0,0,0,0,0]","-5.551115123125783e-11","0"
"lathe-ideal-2-0.001-plus-restored","lathe","bored","ideal","real inverse support button","{""X"":0,""Y"":0,""Z"":0,""A"":0,""C"":0}","[0,0,0,0,0,0]","-2.7755575615628914e-11","0"
"lathe-ideal-2-0.001-minus","lathe","face","ideal","real raise/lower button","{""X"":0,""Y"":0,""Z"":0,""A"":0,""C"":0}","[0,0,-0.001,0,0,0]","-1.3877787807814457e-11","0"
"lathe-ideal-2-0.001-minus","lathe","flat","ideal","real raise/lower button","{""X"":0,""Y"":0,""Z"":0,""A"":0,""C"":0}","[0,0,-0.001,0,0,0]","-0.07499999495931553","0"
"lathe-ideal-2-0.001-minus","lathe","dx","ideal","real raise/lower button","{""X"":0,""Y"":0,""Z"":0,""A"":0,""C"":0}","[0,0,-0.001,0,0,0]","-0.02000000071091916","0"
"lathe-ideal-2-0.001-minus","lathe","dy","ideal","real raise/lower button","{""X"":0,""Y"":0,""Z"":0,""A"":0,""C"":0}","[0,0,-0.001,0,0,0]","0.014910696455319374","0"
"lathe-ideal-2-0.001-minus","lathe","barSide","ideal","real raise/lower button","{""X"":0,""Y"":0,""Z"":0,""A"":0,""C"":0}","[0,0,-0.001,0,0,0]","0.07499988285107617","0"
"lathe-ideal-2-0.001-minus","lathe","barTop","ideal","real raise/lower button","{""X"":0,""Y"":0,""Z"":0,""A"":0,""C"":0}","[0,0,-0.001,0,0,0]","0.07499988442447036","0"
"lathe-ideal-2-0.001-minus","lathe","runoutRoot","ideal","real raise/lower button","{""X"":0,""Y"":0,""Z"":0,""A"":0,""C"":0}","[0,0,-0.001,0,0,0]","0","0"
"lathe-ideal-2-0.001-minus","lathe","runoutTip","ideal","real raise/lower button","{""X"":0,""Y"":0,""Z"":0,""A"":0,""C"":0}","[0,0,-0.001,0,0,0]","0","0"
"lathe-ideal-2-0.001-minus","lathe","borea","ideal","real raise/lower button","{""X"":0,""Y"":0,""Z"":0,""A"":0,""C"":0}","[0,0,-0.001,0,0,0]","0","0"
"lathe-ideal-2-0.001-minus","lathe","boreb","ideal","real raise/lower button","{""X"":0,""Y"":0,""Z"":0,""A"":0,""C"":0}","[0,0,-0.001,0,0,0]","-0.03491069361719057","0"
"lathe-ideal-2-0.001-minus","lathe","borec","ideal","real raise/lower button","{""X"":0,""Y"":0,""Z"":0,""A"":0,""C"":0}","[0,0,-0.001,0,0,0]","-0.0400000014222357","0"
"lathe-ideal-2-0.001-minus","lathe","bored","ideal","real raise/lower button","{""X"":0,""Y"":0,""Z"":0,""A"":0,""C"":0}","[0,0,-0.001,0,0,0]","-0.005089300706556665","0"
"lathe-ideal-2-0.001-minus-restored","lathe","face","ideal","real inverse support button","{""X"":0,""Y"":0,""Z"":0,""A"":0,""C"":0}","[0,0,0,0,0,0]","0","0"
"lathe-ideal-2-0.001-minus-restored","lathe","flat","ideal","real inverse support button","{""X"":0,""Y"":0,""Z"":0,""A"":0,""C"":0}","[0,0,0,0,0,0]","0","0"
"lathe-ideal-2-0.001-minus-restored","lathe","dx","ideal","real inverse support button","{""X"":0,""Y"":0,""Z"":0,""A"":0,""C"":0}","[0,0,0,0,0,0]","-2.7755575615628914e-11","0"
"lathe-ideal-2-0.001-minus-restored","lathe","dy","ideal","real inverse support button","{""X"":0,""Y"":0,""Z"":0,""A"":0,""C"":0}","[0,0,0,0,0,0]","0","0"
"lathe-ideal-2-0.001-minus-restored","lathe","barSide","ideal","real inverse support button","{""X"":0,""Y"":0,""Z"":0,""A"":0,""C"":0}","[0,0,0,0,0,0]","0","0"
"lathe-ideal-2-0.001-minus-restored","lathe","barTop","ideal","real inverse support button","{""X"":0,""Y"":0,""Z"":0,""A"":0,""C"":0}","[0,0,0,0,0,0]","0","0"
"lathe-ideal-2-0.001-minus-restored","lathe","runoutRoot","ideal","real inverse support button","{""X"":0,""Y"":0,""Z"":0,""A"":0,""C"":0}","[0,0,0,0,0,0]","0","0"
"lathe-ideal-2-0.001-minus-restored","lathe","runoutTip","ideal","real inverse support button","{""X"":0,""Y"":0,""Z"":0,""A"":0,""C"":0}","[0,0,0,0,0,0]","0","0"
"lathe-ideal-2-0.001-minus-restored","lathe","borea","ideal","real inverse support button","{""X"":0,""Y"":0,""Z"":0,""A"":0,""C"":0}","[0,0,0,0,0,0]","0","0"
"lathe-ideal-2-0.001-minus-restored","lathe","boreb","ideal","real inverse support button","{""X"":0,""Y"":0,""Z"":0,""A"":0,""C"":0}","[0,0,0,0,0,0]","-2.7755575615628914e-11","0"
"lathe-ideal-2-0.001-minus-restored","lathe","borec","ideal","real inverse support button","{""X"":0,""Y"":0,""Z"":0,""A"":0,""C"":0}","[0,0,0,0,0,0]","-5.551115123125783e-11","0"
"lathe-ideal-2-0.001-minus-restored","lathe","bored","ideal","real inverse support button","{""X"":0,""Y"":0,""Z"":0,""A"":0,""C"":0}","[0,0,0,0,0,0]","-2.7755575615628914e-11","0"
"lathe-ideal-2-0.01-start","lathe","face","ideal","real support map and step buttons","{""X"":0,""Y"":0,""Z"":0,""A"":0,""C"":0}","[0,0,0,0,0,0]","0","0"
"lathe-ideal-2-0.01-start","lathe","flat","ideal","real support map and step buttons","{""X"":0,""Y"":0,""Z"":0,""A"":0,""C"":0}","[0,0,0,0,0,0]","0","0"
"lathe-ideal-2-0.01-start","lathe","dx","ideal","real support map and step buttons","{""X"":0,""Y"":0,""Z"":0,""A"":0,""C"":0}","[0,0,0,0,0,0]","-2.7755575615628914e-11","0"
"lathe-ideal-2-0.01-start","lathe","dy","ideal","real support map and step buttons","{""X"":0,""Y"":0,""Z"":0,""A"":0,""C"":0}","[0,0,0,0,0,0]","0","0"
"lathe-ideal-2-0.01-start","lathe","barSide","ideal","real support map and step buttons","{""X"":0,""Y"":0,""Z"":0,""A"":0,""C"":0}","[0,0,0,0,0,0]","0","0"
"lathe-ideal-2-0.01-start","lathe","barTop","ideal","real support map and step buttons","{""X"":0,""Y"":0,""Z"":0,""A"":0,""C"":0}","[0,0,0,0,0,0]","0","0"
"lathe-ideal-2-0.01-start","lathe","runoutRoot","ideal","real support map and step buttons","{""X"":0,""Y"":0,""Z"":0,""A"":0,""C"":0}","[0,0,0,0,0,0]","0","0"
"lathe-ideal-2-0.01-start","lathe","runoutTip","ideal","real support map and step buttons","{""X"":0,""Y"":0,""Z"":0,""A"":0,""C"":0}","[0,0,0,0,0,0]","0","0"
"lathe-ideal-2-0.01-start","lathe","borea","ideal","real support map and step buttons","{""X"":0,""Y"":0,""Z"":0,""A"":0,""C"":0}","[0,0,0,0,0,0]","0","0"
"lathe-ideal-2-0.01-start","lathe","boreb","ideal","real support map and step buttons","{""X"":0,""Y"":0,""Z"":0,""A"":0,""C"":0}","[0,0,0,0,0,0]","-2.7755575615628914e-11","0"
"lathe-ideal-2-0.01-start","lathe","borec","ideal","real support map and step buttons","{""X"":0,""Y"":0,""Z"":0,""A"":0,""C"":0}","[0,0,0,0,0,0]","-5.551115123125783e-11","0"
"lathe-ideal-2-0.01-start","lathe","bored","ideal","real support map and step buttons","{""X"":0,""Y"":0,""Z"":0,""A"":0,""C"":0}","[0,0,0,0,0,0]","-2.7755575615628914e-11","0"
"lathe-ideal-2-0.01-plus","lathe","face","ideal","real raise/lower button","{""X"":0,""Y"":0,""Z"":0,""A"":0,""C"":0}","[0,0,0.01,0,0,0]","-3.8163916471489756e-11","0"
"lathe-ideal-2-0.01-plus","lathe","flat","ideal","real raise/lower button","{""X"":0,""Y"":0,""Z"":0,""A"":0,""C"":0}","[0,0,0.01,0,0,0]","0.7500005098828172","1"
"lathe-ideal-2-0.01-plus","lathe","dx","ideal","real raise/lower button","{""X"":0,""Y"":0,""Z"":0,""A"":0,""C"":0}","[0,0,0.01,0,0,0]","0.1999999327428299","0"
"lathe-ideal-2-0.01-plus","lathe","dy","ideal","real raise/lower button","{""X"":0,""Y"":0,""Z"":0,""A"":0,""C"":0}","[0,0,0.01,0,0,0]","-0.1491089378659969","0"
"lathe-ideal-2-0.01-plus","lathe","barSide","ideal","real raise/lower button","{""X"":0,""Y"":0,""Z"":0,""A"":0,""C"":0}","[0,0,0.01,0,0,0]","-0.7500117158373842","-1"
"lathe-ideal-2-0.01-plus","lathe","barTop","ideal","real raise/lower button","{""X"":0,""Y"":0,""Z"":0,""A"":0,""C"":0}","[0,0,0.01,0,0,0]","-0.75001158509648","-1"
"lathe-ideal-2-0.01-plus","lathe","runoutRoot","ideal","real raise/lower button","{""X"":0,""Y"":0,""Z"":0,""A"":0,""C"":0}","[0,0,0.01,0,0,0]","0","0"
"lathe-ideal-2-0.01-plus","lathe","runoutTip","ideal","real raise/lower button","{""X"":0,""Y"":0,""Z"":0,""A"":0,""C"":0}","[0,0,0.01,0,0,0]","0","0"
"lathe-ideal-2-0.01-plus","lathe","borea","ideal","real raise/lower button","{""X"":0,""Y"":0,""Z"":0,""A"":0,""C"":0}","[0,0,0.01,0,0,0]","0","0"
"lathe-ideal-2-0.01-plus","lathe","boreb","ideal","real raise/lower button","{""X"":0,""Y"":0,""Z"":0,""A"":0,""C"":0}","[0,0,0.01,0,0,0]","0.3491092259409745","0"
"lathe-ideal-2-0.01-plus","lathe","borec","ideal","real raise/lower button","{""X"":0,""Y"":0,""Z"":0,""A"":0,""C"":0}","[0,0,0.01,0,0,0]","0.39999986548716615","0"
"lathe-ideal-2-0.01-plus","lathe","bored","ideal","real raise/lower button","{""X"":0,""Y"":0,""Z"":0,""A"":0,""C"":0}","[0,0,0.01,0,0,0]","0.05089135020688862","0"
"lathe-ideal-2-0.01-plus-restored","lathe","face","ideal","real inverse support button","{""X"":0,""Y"":0,""Z"":0,""A"":0,""C"":0}","[0,0,0,0,0,0]","0","0"
"lathe-ideal-2-0.01-plus-restored","lathe","flat","ideal","real inverse support button","{""X"":0,""Y"":0,""Z"":0,""A"":0,""C"":0}","[0,0,0,0,0,0]","0","0"
"lathe-ideal-2-0.01-plus-restored","lathe","dx","ideal","real inverse support button","{""X"":0,""Y"":0,""Z"":0,""A"":0,""C"":0}","[0,0,0,0,0,0]","-2.7755575615628914e-11","0"
"lathe-ideal-2-0.01-plus-restored","lathe","dy","ideal","real inverse support button","{""X"":0,""Y"":0,""Z"":0,""A"":0,""C"":0}","[0,0,0,0,0,0]","0","0"
"lathe-ideal-2-0.01-plus-restored","lathe","barSide","ideal","real inverse support button","{""X"":0,""Y"":0,""Z"":0,""A"":0,""C"":0}","[0,0,0,0,0,0]","0","0"
"lathe-ideal-2-0.01-plus-restored","lathe","barTop","ideal","real inverse support button","{""X"":0,""Y"":0,""Z"":0,""A"":0,""C"":0}","[0,0,0,0,0,0]","0","0"
"lathe-ideal-2-0.01-plus-restored","lathe","runoutRoot","ideal","real inverse support button","{""X"":0,""Y"":0,""Z"":0,""A"":0,""C"":0}","[0,0,0,0,0,0]","0","0"
"lathe-ideal-2-0.01-plus-restored","lathe","runoutTip","ideal","real inverse support button","{""X"":0,""Y"":0,""Z"":0,""A"":0,""C"":0}","[0,0,0,0,0,0]","0","0"
"lathe-ideal-2-0.01-plus-restored","lathe","borea","ideal","real inverse support button","{""X"":0,""Y"":0,""Z"":0,""A"":0,""C"":0}","[0,0,0,0,0,0]","0","0"
"lathe-ideal-2-0.01-plus-restored","lathe","boreb","ideal","real inverse support button","{""X"":0,""Y"":0,""Z"":0,""A"":0,""C"":0}","[0,0,0,0,0,0]","-2.7755575615628914e-11","0"
"lathe-ideal-2-0.01-plus-restored","lathe","borec","ideal","real inverse support button","{""X"":0,""Y"":0,""Z"":0,""A"":0,""C"":0}","[0,0,0,0,0,0]","-5.551115123125783e-11","0"
"lathe-ideal-2-0.01-plus-restored","lathe","bored","ideal","real inverse support button","{""X"":0,""Y"":0,""Z"":0,""A"":0,""C"":0}","[0,0,0,0,0,0]","-2.7755575615628914e-11","0"
"lathe-ideal-2-0.01-minus","lathe","face","ideal","real raise/lower button","{""X"":0,""Y"":0,""Z"":0,""A"":0,""C"":0}","[0,0,-0.01,0,0,0]","-1.0408340855860843e-11","0"
"lathe-ideal-2-0.01-minus","lathe","flat","ideal","real raise/lower button","{""X"":0,""Y"":0,""Z"":0,""A"":0,""C"":0}","[0,0,-0.01,0,0,0]","-0.749999489660716","-1"
"lathe-ideal-2-0.01-minus","lathe","dx","ideal","real raise/lower button","{""X"":0,""Y"":0,""Z"":0,""A"":0,""C"":0}","[0,0,-0.01,0,0,0]","-0.20000006720720886","0"
"lathe-ideal-2-0.01-minus","lathe","dy","ideal","real raise/lower button","{""X"":0,""Y"":0,""Z"":0,""A"":0,""C"":0}","[0,0,-0.01,0,0,0]","0.14910534784882448","0"
"lathe-ideal-2-0.01-minus","lathe","barSide","ideal","real raise/lower button","{""X"":0,""Y"":0,""Z"":0,""A"":0,""C"":0}","[0,0,-0.01,0,0,0]","0.7499882842335048","1"
"lathe-ideal-2-0.01-minus","lathe","barTop","ideal","real raise/lower button","{""X"":0,""Y"":0,""Z"":0,""A"":0,""C"":0}","[0,0,-0.01,0,0,0]","0.749988415350844","1"
"lathe-ideal-2-0.01-minus","lathe","runoutRoot","ideal","real raise/lower button","{""X"":0,""Y"":0,""Z"":0,""A"":0,""C"":0}","[0,0,-0.01,0,0,0]","0","0"
"lathe-ideal-2-0.01-minus","lathe","runoutTip","ideal","real raise/lower button","{""X"":0,""Y"":0,""Z"":0,""A"":0,""C"":0}","[0,0,-0.01,0,0,0]","0","0"
"lathe-ideal-2-0.01-minus","lathe","borea","ideal","real raise/lower button","{""X"":0,""Y"":0,""Z"":0,""A"":0,""C"":0}","[0,0,-0.01,0,0,0]","0","0"
"lathe-ideal-2-0.01-minus","lathe","boreb","ideal","real raise/lower button","{""X"":0,""Y"":0,""Z"":0,""A"":0,""C"":0}","[0,0,-0.01,0,0,0]","-0.34910505970764394","0"
"lathe-ideal-2-0.01-minus","lathe","borec","ideal","real raise/lower button","{""X"":0,""Y"":0,""Z"":0,""A"":0,""C"":0}","[0,0,-0.01,0,0,0]","-0.4000001344178772","0"
"lathe-ideal-2-0.01-minus","lathe","bored","ideal","real raise/lower button","{""X"":0,""Y"":0,""Z"":0,""A"":0,""C"":0}","[0,0,-0.01,0,0,0]","-0.050894364007902926","0"
"lathe-ideal-2-0.01-minus-restored","lathe","face","ideal","real inverse support button","{""X"":0,""Y"":0,""Z"":0,""A"":0,""C"":0}","[0,0,0,0,0,0]","0","0"
"lathe-ideal-2-0.01-minus-restored","lathe","flat","ideal","real inverse support button","{""X"":0,""Y"":0,""Z"":0,""A"":0,""C"":0}","[0,0,0,0,0,0]","0","0"
"lathe-ideal-2-0.01-minus-restored","lathe","dx","ideal","real inverse support button","{""X"":0,""Y"":0,""Z"":0,""A"":0,""C"":0}","[0,0,0,0,0,0]","-2.7755575615628914e-11","0"
"lathe-ideal-2-0.01-minus-restored","lathe","dy","ideal","real inverse support button","{""X"":0,""Y"":0,""Z"":0,""A"":0,""C"":0}","[0,0,0,0,0,0]","0","0"
"lathe-ideal-2-0.01-minus-restored","lathe","barSide","ideal","real inverse support button","{""X"":0,""Y"":0,""Z"":0,""A"":0,""C"":0}","[0,0,0,0,0,0]","0","0"
"lathe-ideal-2-0.01-minus-restored","lathe","barTop","ideal","real inverse support button","{""X"":0,""Y"":0,""Z"":0,""A"":0,""C"":0}","[0,0,0,0,0,0]","0","0"
"lathe-ideal-2-0.01-minus-restored","lathe","runoutRoot","ideal","real inverse support button","{""X"":0,""Y"":0,""Z"":0,""A"":0,""C"":0}","[0,0,0,0,0,0]","0","0"
"lathe-ideal-2-0.01-minus-restored","lathe","runoutTip","ideal","real inverse support button","{""X"":0,""Y"":0,""Z"":0,""A"":0,""C"":0}","[0,0,0,0,0,0]","0","0"
"lathe-ideal-2-0.01-minus-restored","lathe","borea","ideal","real inverse support button","{""X"":0,""Y"":0,""Z"":0,""A"":0,""C"":0}","[0,0,0,0,0,0]","0","0"
"lathe-ideal-2-0.01-minus-restored","lathe","boreb","ideal","real inverse support button","{""X"":0,""Y"":0,""Z"":0,""A"":0,""C"":0}","[0,0,0,0,0,0]","-2.7755575615628914e-11","0"
"lathe-ideal-2-0.01-minus-restored","lathe","borec","ideal","real inverse support button","{""X"":0,""Y"":0,""Z"":0,""A"":0,""C"":0}","[0,0,0,0,0,0]","-5.551115123125783e-11","0"
"lathe-ideal-2-0.01-minus-restored","lathe","bored","ideal","real inverse support button","{""X"":0,""Y"":0,""Z"":0,""A"":0,""C"":0}","[0,0,0,0,0,0]","-2.7755575615628914e-11","0"
"lathe-ideal-3-0.001-start","lathe","face","ideal","real support map and step buttons","{""X"":0,""Y"":0,""Z"":0,""A"":0,""C"":0}","[0,0,0,0,0,0]","0","0"
"lathe-ideal-3-0.001-start","lathe","flat","ideal","real support map and step buttons","{""X"":0,""Y"":0,""Z"":0,""A"":0,""C"":0}","[0,0,0,0,0,0]","0","0"
"lathe-ideal-3-0.001-start","lathe","dx","ideal","real support map and step buttons","{""X"":0,""Y"":0,""Z"":0,""A"":0,""C"":0}","[0,0,0,0,0,0]","-2.7755575615628914e-11","0"
"lathe-ideal-3-0.001-start","lathe","dy","ideal","real support map and step buttons","{""X"":0,""Y"":0,""Z"":0,""A"":0,""C"":0}","[0,0,0,0,0,0]","0","0"
"lathe-ideal-3-0.001-start","lathe","barSide","ideal","real support map and step buttons","{""X"":0,""Y"":0,""Z"":0,""A"":0,""C"":0}","[0,0,0,0,0,0]","0","0"
"lathe-ideal-3-0.001-start","lathe","barTop","ideal","real support map and step buttons","{""X"":0,""Y"":0,""Z"":0,""A"":0,""C"":0}","[0,0,0,0,0,0]","0","0"
"lathe-ideal-3-0.001-start","lathe","runoutRoot","ideal","real support map and step buttons","{""X"":0,""Y"":0,""Z"":0,""A"":0,""C"":0}","[0,0,0,0,0,0]","0","0"
"lathe-ideal-3-0.001-start","lathe","runoutTip","ideal","real support map and step buttons","{""X"":0,""Y"":0,""Z"":0,""A"":0,""C"":0}","[0,0,0,0,0,0]","0","0"
"lathe-ideal-3-0.001-start","lathe","borea","ideal","real support map and step buttons","{""X"":0,""Y"":0,""Z"":0,""A"":0,""C"":0}","[0,0,0,0,0,0]","0","0"
"lathe-ideal-3-0.001-start","lathe","boreb","ideal","real support map and step buttons","{""X"":0,""Y"":0,""Z"":0,""A"":0,""C"":0}","[0,0,0,0,0,0]","-2.7755575615628914e-11","0"
"lathe-ideal-3-0.001-start","lathe","borec","ideal","real support map and step buttons","{""X"":0,""Y"":0,""Z"":0,""A"":0,""C"":0}","[0,0,0,0,0,0]","-5.551115123125783e-11","0"
"lathe-ideal-3-0.001-start","lathe","bored","ideal","real support map and step buttons","{""X"":0,""Y"":0,""Z"":0,""A"":0,""C"":0}","[0,0,0,0,0,0]","-2.7755575615628914e-11","0"
"lathe-ideal-3-0.001-plus","lathe","face","ideal","real raise/lower button","{""X"":0,""Y"":0,""Z"":0,""A"":0,""C"":0}","[0,0,0,0.001,0,0]","1.734723475976807e-12","0"
"lathe-ideal-3-0.001-plus","lathe","flat","ideal","real raise/lower button","{""X"":0,""Y"":0,""Z"":0,""A"":0,""C"":0}","[0,0,0,0.001,0,0]","-1.0928757898653885e-10","0"
"lathe-ideal-3-0.001-plus","lathe","dx","ideal","real raise/lower button","{""X"":0,""Y"":0,""Z"":0,""A"":0,""C"":0}","[0,0,0,0.001,0,0]","0.43749999566399284","0"
"lathe-ideal-3-0.001-plus","lathe","dy","ideal","real raise/lower button","{""X"":0,""Y"":0,""Z"":0,""A"":0,""C"":0}","[0,0,0,0.001,0,0]","-0.02250014028645624","0"
"lathe-ideal-3-0.001-plus","lathe","barSide","ideal","real raise/lower button","{""X"":0,""Y"":0,""Z"":0,""A"":0,""C"":0}","[0,0,0,0.001,0,0]","-1.3667712794873665e-7","0"
"lathe-ideal-3-0.001-plus","lathe","barTop","ideal","real raise/lower button","{""X"":0,""Y"":0,""Z"":0,""A"":0,""C"":0}","[0,0,0,0.001,0,0]","-0.07500000000562612","0"
"lathe-ideal-3-0.001-plus","lathe","runoutRoot","ideal","real raise/lower button","{""X"":0,""Y"":0,""Z"":0,""A"":0,""C"":0}","[0,0,0,0.001,0,0]","0","0"
"lathe-ideal-3-0.001-plus","lathe","runoutTip","ideal","real raise/lower button","{""X"":0,""Y"":0,""Z"":0,""A"":0,""C"":0}","[0,0,0,0.001,0,0]","0","0"
"lathe-ideal-3-0.001-plus","lathe","borea","ideal","real raise/lower button","{""X"":0,""Y"":0,""Z"":0,""A"":0,""C"":0}","[0,0,0,0.001,0,0]","0","0"
"lathe-ideal-3-0.001-plus","lathe","boreb","ideal","real raise/lower button","{""X"":0,""Y"":0,""Z"":0,""A"":0,""C"":0}","[0,0,0,0.001,0,0]","0.46000395395248694","0"
"lathe-ideal-3-0.001-plus","lathe","borec","ideal","real raise/lower button","{""X"":0,""Y"":0,""Z"":0,""A"":0,""C"":0}","[0,0,0,0.001,0,0]","0.8749999913307271","1"
"lathe-ideal-3-0.001-plus","lathe","bored","ideal","real raise/lower button","{""X"":0,""Y"":0,""Z"":0,""A"":0,""C"":0}","[0,0,0,0.001,0,0]","0.41500367338118127","0"
"lathe-ideal-3-0.001-plus-restored","lathe","face","ideal","real inverse support button","{""X"":0,""Y"":0,""Z"":0,""A"":0,""C"":0}","[0,0,0,0,0,0]","0","0"
"lathe-ideal-3-0.001-plus-restored","lathe","flat","ideal","real inverse support button","{""X"":0,""Y"":0,""Z"":0,""A"":0,""C"":0}","[0,0,0,0,0,0]","0","0"
"lathe-ideal-3-0.001-plus-restored","lathe","dx","ideal","real inverse support button","{""X"":0,""Y"":0,""Z"":0,""A"":0,""C"":0}","[0,0,0,0,0,0]","-2.7755575615628914e-11","0"
"lathe-ideal-3-0.001-plus-restored","lathe","dy","ideal","real inverse support button","{""X"":0,""Y"":0,""Z"":0,""A"":0,""C"":0}","[0,0,0,0,0,0]","0","0"
"lathe-ideal-3-0.001-plus-restored","lathe","barSide","ideal","real inverse support button","{""X"":0,""Y"":0,""Z"":0,""A"":0,""C"":0}","[0,0,0,0,0,0]","0","0"
"lathe-ideal-3-0.001-plus-restored","lathe","barTop","ideal","real inverse support button","{""X"":0,""Y"":0,""Z"":0,""A"":0,""C"":0}","[0,0,0,0,0,0]","0","0"
"lathe-ideal-3-0.001-plus-restored","lathe","runoutRoot","ideal","real inverse support button","{""X"":0,""Y"":0,""Z"":0,""A"":0,""C"":0}","[0,0,0,0,0,0]","0","0"
"lathe-ideal-3-0.001-plus-restored","lathe","runoutTip","ideal","real inverse support button","{""X"":0,""Y"":0,""Z"":0,""A"":0,""C"":0}","[0,0,0,0,0,0]","0","0"
"lathe-ideal-3-0.001-plus-restored","lathe","borea","ideal","real inverse support button","{""X"":0,""Y"":0,""Z"":0,""A"":0,""C"":0}","[0,0,0,0,0,0]","0","0"
"lathe-ideal-3-0.001-plus-restored","lathe","boreb","ideal","real inverse support button","{""X"":0,""Y"":0,""Z"":0,""A"":0,""C"":0}","[0,0,0,0,0,0]","-2.7755575615628914e-11","0"
"lathe-ideal-3-0.001-plus-restored","lathe","borec","ideal","real inverse support button","{""X"":0,""Y"":0,""Z"":0,""A"":0,""C"":0}","[0,0,0,0,0,0]","-5.551115123125783e-11","0"
"lathe-ideal-3-0.001-plus-restored","lathe","bored","ideal","real inverse support button","{""X"":0,""Y"":0,""Z"":0,""A"":0,""C"":0}","[0,0,0,0,0,0]","-2.7755575615628914e-11","0"
"lathe-ideal-3-0.001-minus","lathe","face","ideal","real raise/lower button","{""X"":0,""Y"":0,""Z"":0,""A"":0,""C"":0}","[0,0,0,-0.001,0,0]","1.734723475976807e-12","0"
"lathe-ideal-3-0.001-minus","lathe","flat","ideal","real raise/lower button","{""X"":0,""Y"":0,""Z"":0,""A"":0,""C"":0}","[0,0,0,-0.001,0,0]","-1.0928757898653885e-10","0"
"lathe-ideal-3-0.001-minus","lathe","dx","ideal","real raise/lower button","{""X"":0,""Y"":0,""Z"":0,""A"":0,""C"":0}","[0,0,0,-0.001,0,0]","-0.437500004335918","0"
"lathe-ideal-3-0.001-minus","lathe","dy","ideal","real raise/lower button","{""X"":0,""Y"":0,""Z"":0,""A"":0,""C"":0}","[0,0,0,-0.001,0,0]","0.022499859777580924","0"
"lathe-ideal-3-0.001-minus","lathe","barSide","ideal","real raise/lower button","{""X"":0,""Y"":0,""Z"":0,""A"":0,""C"":0}","[0,0,0,-0.001,0,0]","-1.3668233211916458e-7","0"
"lathe-ideal-3-0.001-minus","lathe","barTop","ideal","real raise/lower button","{""X"":0,""Y"":0,""Z"":0,""A"":0,""C"":0}","[0,0,0,-0.001,0,0]","0.07500000000215667","0"
"lathe-ideal-3-0.001-minus","lathe","runoutRoot","ideal","real raise/lower button","{""X"":0,""Y"":0,""Z"":0,""A"":0,""C"":0}","[0,0,0,-0.001,0,0]","0","0"
"lathe-ideal-3-0.001-minus","lathe","runoutTip","ideal","real raise/lower button","{""X"":0,""Y"":0,""Z"":0,""A"":0,""C"":0}","[0,0,0,-0.001,0,0]","0","0"
"lathe-ideal-3-0.001-minus","lathe","borea","ideal","real raise/lower button","{""X"":0,""Y"":0,""Z"":0,""A"":0,""C"":0}","[0,0,0,-0.001,0,0]","0","0"
"lathe-ideal-3-0.001-minus","lathe","boreb","ideal","real raise/lower button","{""X"":0,""Y"":0,""Z"":0,""A"":0,""C"":0}","[0,0,0,-0.001,0,0]","-0.4599960461114383","0"
"lathe-ideal-3-0.001-minus","lathe","borec","ideal","real raise/lower button","{""X"":0,""Y"":0,""Z"":0,""A"":0,""C"":0}","[0,0,0,-0.001,0,0]","-0.875000008671023","-1"
"lathe-ideal-3-0.001-minus","lathe","bored","ideal","real raise/lower button","{""X"":0,""Y"":0,""Z"":0,""A"":0,""C"":0}","[0,0,0,-0.001,0,0]","-0.41499632655664365","0"
"lathe-ideal-3-0.001-minus-restored","lathe","face","ideal","real inverse support button","{""X"":0,""Y"":0,""Z"":0,""A"":0,""C"":0}","[0,0,0,0,0,0]","0","0"
"lathe-ideal-3-0.001-minus-restored","lathe","flat","ideal","real inverse support button","{""X"":0,""Y"":0,""Z"":0,""A"":0,""C"":0}","[0,0,0,0,0,0]","0","0"
"lathe-ideal-3-0.001-minus-restored","lathe","dx","ideal","real inverse support button","{""X"":0,""Y"":0,""Z"":0,""A"":0,""C"":0}","[0,0,0,0,0,0]","-2.7755575615628914e-11","0"
"lathe-ideal-3-0.001-minus-restored","lathe","dy","ideal","real inverse support button","{""X"":0,""Y"":0,""Z"":0,""A"":0,""C"":0}","[0,0,0,0,0,0]","0","0"
"lathe-ideal-3-0.001-minus-restored","lathe","barSide","ideal","real inverse support button","{""X"":0,""Y"":0,""Z"":0,""A"":0,""C"":0}","[0,0,0,0,0,0]","0","0"
"lathe-ideal-3-0.001-minus-restored","lathe","barTop","ideal","real inverse support button","{""X"":0,""Y"":0,""Z"":0,""A"":0,""C"":0}","[0,0,0,0,0,0]","0","0"
"lathe-ideal-3-0.001-minus-restored","lathe","runoutRoot","ideal","real inverse support button","{""X"":0,""Y"":0,""Z"":0,""A"":0,""C"":0}","[0,0,0,0,0,0]","0","0"
"lathe-ideal-3-0.001-minus-restored","lathe","runoutTip","ideal","real inverse support button","{""X"":0,""Y"":0,""Z"":0,""A"":0,""C"":0}","[0,0,0,0,0,0]","0","0"
"lathe-ideal-3-0.001-minus-restored","lathe","borea","ideal","real inverse support button","{""X"":0,""Y"":0,""Z"":0,""A"":0,""C"":0}","[0,0,0,0,0,0]","0","0"
"lathe-ideal-3-0.001-minus-restored","lathe","boreb","ideal","real inverse support button","{""X"":0,""Y"":0,""Z"":0,""A"":0,""C"":0}","[0,0,0,0,0,0]","-2.7755575615628914e-11","0"
"lathe-ideal-3-0.001-minus-restored","lathe","borec","ideal","real inverse support button","{""X"":0,""Y"":0,""Z"":0,""A"":0,""C"":0}","[0,0,0,0,0,0]","-5.551115123125783e-11","0"
"lathe-ideal-3-0.001-minus-restored","lathe","bored","ideal","real inverse support button","{""X"":0,""Y"":0,""Z"":0,""A"":0,""C"":0}","[0,0,0,0,0,0]","-2.7755575615628914e-11","0"
"lathe-ideal-3-0.01-start","lathe","face","ideal","real support map and step buttons","{""X"":0,""Y"":0,""Z"":0,""A"":0,""C"":0}","[0,0,0,0,0,0]","0","0"
"lathe-ideal-3-0.01-start","lathe","flat","ideal","real support map and step buttons","{""X"":0,""Y"":0,""Z"":0,""A"":0,""C"":0}","[0,0,0,0,0,0]","0","0"
"lathe-ideal-3-0.01-start","lathe","dx","ideal","real support map and step buttons","{""X"":0,""Y"":0,""Z"":0,""A"":0,""C"":0}","[0,0,0,0,0,0]","-2.7755575615628914e-11","0"
"lathe-ideal-3-0.01-start","lathe","dy","ideal","real support map and step buttons","{""X"":0,""Y"":0,""Z"":0,""A"":0,""C"":0}","[0,0,0,0,0,0]","0","0"
"lathe-ideal-3-0.01-start","lathe","barSide","ideal","real support map and step buttons","{""X"":0,""Y"":0,""Z"":0,""A"":0,""C"":0}","[0,0,0,0,0,0]","0","0"
"lathe-ideal-3-0.01-start","lathe","barTop","ideal","real support map and step buttons","{""X"":0,""Y"":0,""Z"":0,""A"":0,""C"":0}","[0,0,0,0,0,0]","0","0"
"lathe-ideal-3-0.01-start","lathe","runoutRoot","ideal","real support map and step buttons","{""X"":0,""Y"":0,""Z"":0,""A"":0,""C"":0}","[0,0,0,0,0,0]","0","0"
"lathe-ideal-3-0.01-start","lathe","runoutTip","ideal","real support map and step buttons","{""X"":0,""Y"":0,""Z"":0,""A"":0,""C"":0}","[0,0,0,0,0,0]","0","0"
"lathe-ideal-3-0.01-start","lathe","borea","ideal","real support map and step buttons","{""X"":0,""Y"":0,""Z"":0,""A"":0,""C"":0}","[0,0,0,0,0,0]","0","0"
"lathe-ideal-3-0.01-start","lathe","boreb","ideal","real support map and step buttons","{""X"":0,""Y"":0,""Z"":0,""A"":0,""C"":0}","[0,0,0,0,0,0]","-2.7755575615628914e-11","0"
"lathe-ideal-3-0.01-start","lathe","borec","ideal","real support map and step buttons","{""X"":0,""Y"":0,""Z"":0,""A"":0,""C"":0}","[0,0,0,0,0,0]","-5.551115123125783e-11","0"
"lathe-ideal-3-0.01-start","lathe","bored","ideal","real support map and step buttons","{""X"":0,""Y"":0,""Z"":0,""A"":0,""C"":0}","[0,0,0,0,0,0]","-2.7755575615628914e-11","0"
"lathe-ideal-3-0.01-plus","lathe","face","ideal","real raise/lower button","{""X"":0,""Y"":0,""Z"":0,""A"":0,""C"":0}","[0,0,0,0.01,0,0]","3.469446951953614e-12","0"
"lathe-ideal-3-0.01-plus","lathe","flat","ideal","real raise/lower button","{""X"":0,""Y"":0,""Z"":0,""A"":0,""C"":0}","[0,0,0,0.01,0,0]","1.97758476261356e-10","0"
"lathe-ideal-3-0.01-plus","lathe","dx","ideal","real raise/lower button","{""X"":0,""Y"":0,""Z"":0,""A"":0,""C"":0}","[0,0,0,0.01,0,0]","4.374999569717633","4"
"lathe-ideal-3-0.01-plus","lathe","dy","ideal","real raise/lower button","{""X"":0,""Y"":0,""Z"":0,""A"":0,""C"":0}","[0,0,0,0.01,0,0]","-0.22501401821882566","0"
"lathe-ideal-3-0.01-plus","lathe","barSide","ideal","real raise/lower button","{""X"":0,""Y"":0,""Z"":0,""A"":0,""C"":0}","[0,0,0,0.01,0,0]","-0.000013668156884083515","0"
"lathe-ideal-3-0.01-plus","lathe","barTop","ideal","real raise/lower button","{""X"":0,""Y"":0,""Z"":0,""A"":0,""C"":0}","[0,0,0,0.01,0,0]","-0.7499999999990153","-1"
"lathe-ideal-3-0.01-plus","lathe","runoutRoot","ideal","real raise/lower button","{""X"":0,""Y"":0,""Z"":0,""A"":0,""C"":0}","[0,0,0,0.01,0,0]","0","0"
"lathe-ideal-3-0.01-plus","lathe","runoutTip","ideal","real raise/lower button","{""X"":0,""Y"":0,""Z"":0,""A"":0,""C"":0}","[0,0,0,0.01,0,0]","0","0"
"lathe-ideal-3-0.01-plus","lathe","borea","ideal","real raise/lower button","{""X"":0,""Y"":0,""Z"":0,""A"":0,""C"":0}","[0,0,0,0.01,0,0]","0","0"
"lathe-ideal-3-0.01-plus","lathe","boreb","ideal","real raise/lower button","{""X"":0,""Y"":0,""Z"":0,""A"":0,""C"":0}","[0,0,0,0.01,0,0]","4.600395387740347","5"
"lathe-ideal-3-0.01-plus","lathe","borec","ideal","real raise/lower button","{""X"":0,""Y"":0,""Z"":0,""A"":0,""C"":0}","[0,0,0,0.01,0,0]","8.749999139433251","9"
"lathe-ideal-3-0.01-plus","lathe","bored","ideal","real raise/lower button","{""X"":0,""Y"":0,""Z"":0,""A"":0,""C"":0}","[0,0,0,0.01,0,0]","4.15036735130006","4"
"lathe-ideal-3-0.01-plus-restored","lathe","face","ideal","real inverse support button","{""X"":0,""Y"":0,""Z"":0,""A"":0,""C"":0}","[0,0,0,0,0,0]","0","0"
"lathe-ideal-3-0.01-plus-restored","lathe","flat","ideal","real inverse support button","{""X"":0,""Y"":0,""Z"":0,""A"":0,""C"":0}","[0,0,0,0,0,0]","0","0"
"lathe-ideal-3-0.01-plus-restored","lathe","dx","ideal","real inverse support button","{""X"":0,""Y"":0,""Z"":0,""A"":0,""C"":0}","[0,0,0,0,0,0]","-2.7755575615628914e-11","0"
"lathe-ideal-3-0.01-plus-restored","lathe","dy","ideal","real inverse support button","{""X"":0,""Y"":0,""Z"":0,""A"":0,""C"":0}","[0,0,0,0,0,0]","0","0"
"lathe-ideal-3-0.01-plus-restored","lathe","barSide","ideal","real inverse support button","{""X"":0,""Y"":0,""Z"":0,""A"":0,""C"":0}","[0,0,0,0,0,0]","0","0"
"lathe-ideal-3-0.01-plus-restored","lathe","barTop","ideal","real inverse support button","{""X"":0,""Y"":0,""Z"":0,""A"":0,""C"":0}","[0,0,0,0,0,0]","0","0"
"lathe-ideal-3-0.01-plus-restored","lathe","runoutRoot","ideal","real inverse support button","{""X"":0,""Y"":0,""Z"":0,""A"":0,""C"":0}","[0,0,0,0,0,0]","0","0"
"lathe-ideal-3-0.01-plus-restored","lathe","runoutTip","ideal","real inverse support button","{""X"":0,""Y"":0,""Z"":0,""A"":0,""C"":0}","[0,0,0,0,0,0]","0","0"
"lathe-ideal-3-0.01-plus-restored","lathe","borea","ideal","real inverse support button","{""X"":0,""Y"":0,""Z"":0,""A"":0,""C"":0}","[0,0,0,0,0,0]","0","0"
"lathe-ideal-3-0.01-plus-restored","lathe","boreb","ideal","real inverse support button","{""X"":0,""Y"":0,""Z"":0,""A"":0,""C"":0}","[0,0,0,0,0,0]","-2.7755575615628914e-11","0"
"lathe-ideal-3-0.01-plus-restored","lathe","borec","ideal","real inverse support button","{""X"":0,""Y"":0,""Z"":0,""A"":0,""C"":0}","[0,0,0,0,0,0]","-5.551115123125783e-11","0"
"lathe-ideal-3-0.01-plus-restored","lathe","bored","ideal","real inverse support button","{""X"":0,""Y"":0,""Z"":0,""A"":0,""C"":0}","[0,0,0,0,0,0]","-2.7755575615628914e-11","0"
"lathe-ideal-3-0.01-minus","lathe","face","ideal","real raise/lower button","{""X"":0,""Y"":0,""Z"":0,""A"":0,""C"":0}","[0,0,0,-0.01,0,0]","3.469446951953614e-12","0"
"lathe-ideal-3-0.01-minus","lathe","flat","ideal","real raise/lower button","{""X"":0,""Y"":0,""Z"":0,""A"":0,""C"":0}","[0,0,0,-0.01,0,0]","-2.42861286636753e-11","0"
"lathe-ideal-3-0.01-minus","lathe","dx","ideal","real raise/lower button","{""X"":0,""Y"":0,""Z"":0,""A"":0,""C"":0}","[0,0,0,-0.01,0,0]","-4.375000430193302","-4"
"lathe-ideal-3-0.01-minus","lathe","dy","ideal","real raise/lower button","{""X"":0,""Y"":0,""Z"":0,""A"":0,""C"":0}","[0,0,0,-0.01,0,0]","0.22498598198624523","0"
"lathe-ideal-3-0.01-minus","lathe","barSide","ideal","real raise/lower button","{""X"":0,""Y"":0,""Z"":0,""A"":0,""C"":0}","[0,0,0,-0.01,0,0]","-0.000013668196782723463","0"
"lathe-ideal-3-0.01-minus","lathe","barTop","ideal","real raise/lower button","{""X"":0,""Y"":0,""Z"":0,""A"":0,""C"":0}","[0,0,0,-0.01,0,0]","0.7500000000007501","1"
"lathe-ideal-3-0.01-minus","lathe","runoutRoot","ideal","real raise/lower button","{""X"":0,""Y"":0,""Z"":0,""A"":0,""C"":0}","[0,0,0,-0.01,0,0]","0","0"
"lathe-ideal-3-0.01-minus","lathe","runoutTip","ideal","real raise/lower button","{""X"":0,""Y"":0,""Z"":0,""A"":0,""C"":0}","[0,0,0,-0.01,0,0]","0","0"
"lathe-ideal-3-0.01-minus","lathe","borea","ideal","real raise/lower button","{""X"":0,""Y"":0,""Z"":0,""A"":0,""C"":0}","[0,0,0,-0.01,0,0]","0","0"
"lathe-ideal-3-0.01-minus","lathe","boreb","ideal","real raise/lower button","{""X"":0,""Y"":0,""Z"":0,""A"":0,""C"":0}","[0,0,0,-0.01,0,0]","-4.599604611979502","-5"
"lathe-ideal-3-0.01-minus","lathe","borec","ideal","real raise/lower button","{""X"":0,""Y"":0,""Z"":0,""A"":0,""C"":0}","[0,0,0,-0.01,0,0]","-8.750000860389962","-9"
"lathe-ideal-3-0.01-minus","lathe","bored","ideal","real raise/lower button","{""X"":0,""Y"":0,""Z"":0,""A"":0,""C"":0}","[0,0,0,-0.01,0,0]","-4.14963264800533","-4"
"lathe-ideal-3-0.01-minus-restored","lathe","face","ideal","real inverse support button","{""X"":0,""Y"":0,""Z"":0,""A"":0,""C"":0}","[0,0,0,0,0,0]","0","0"
"lathe-ideal-3-0.01-minus-restored","lathe","flat","ideal","real inverse support button","{""X"":0,""Y"":0,""Z"":0,""A"":0,""C"":0}","[0,0,0,0,0,0]","0","0"
"lathe-ideal-3-0.01-minus-restored","lathe","dx","ideal","real inverse support button","{""X"":0,""Y"":0,""Z"":0,""A"":0,""C"":0}","[0,0,0,0,0,0]","-2.7755575615628914e-11","0"
"lathe-ideal-3-0.01-minus-restored","lathe","dy","ideal","real inverse support button","{""X"":0,""Y"":0,""Z"":0,""A"":0,""C"":0}","[0,0,0,0,0,0]","0","0"
"lathe-ideal-3-0.01-minus-restored","lathe","barSide","ideal","real inverse support button","{""X"":0,""Y"":0,""Z"":0,""A"":0,""C"":0}","[0,0,0,0,0,0]","0","0"
"lathe-ideal-3-0.01-minus-restored","lathe","barTop","ideal","real inverse support button","{""X"":0,""Y"":0,""Z"":0,""A"":0,""C"":0}","[0,0,0,0,0,0]","0","0"
"lathe-ideal-3-0.01-minus-restored","lathe","runoutRoot","ideal","real inverse support button","{""X"":0,""Y"":0,""Z"":0,""A"":0,""C"":0}","[0,0,0,0,0,0]","0","0"
"lathe-ideal-3-0.01-minus-restored","lathe","runoutTip","ideal","real inverse support button","{""X"":0,""Y"":0,""Z"":0,""A"":0,""C"":0}","[0,0,0,0,0,0]","0","0"
"lathe-ideal-3-0.01-minus-restored","lathe","borea","ideal","real inverse support button","{""X"":0,""Y"":0,""Z"":0,""A"":0,""C"":0}","[0,0,0,0,0,0]","0","0"
"lathe-ideal-3-0.01-minus-restored","lathe","boreb","ideal","real inverse support button","{""X"":0,""Y"":0,""Z"":0,""A"":0,""C"":0}","[0,0,0,0,0,0]","-2.7755575615628914e-11","0"
"lathe-ideal-3-0.01-minus-restored","lathe","borec","ideal","real inverse support button","{""X"":0,""Y"":0,""Z"":0,""A"":0,""C"":0}","[0,0,0,0,0,0]","-5.551115123125783e-11","0"
"lathe-ideal-3-0.01-minus-restored","lathe","bored","ideal","real inverse support button","{""X"":0,""Y"":0,""Z"":0,""A"":0,""C"":0}","[0,0,0,0,0,0]","-2.7755575615628914e-11","0"
"lathe-ideal-4-0.001-start","lathe","face","ideal","real support map and step buttons","{""X"":0,""Y"":0,""Z"":0,""A"":0,""C"":0}","[0,0,0,0,0,0]","0","0"
"lathe-ideal-4-0.001-start","lathe","flat","ideal","real support map and step buttons","{""X"":0,""Y"":0,""Z"":0,""A"":0,""C"":0}","[0,0,0,0,0,0]","0","0"
"lathe-ideal-4-0.001-start","lathe","dx","ideal","real support map and step buttons","{""X"":0,""Y"":0,""Z"":0,""A"":0,""C"":0}","[0,0,0,0,0,0]","-2.7755575615628914e-11","0"
"lathe-ideal-4-0.001-start","lathe","dy","ideal","real support map and step buttons","{""X"":0,""Y"":0,""Z"":0,""A"":0,""C"":0}","[0,0,0,0,0,0]","0","0"
"lathe-ideal-4-0.001-start","lathe","barSide","ideal","real support map and step buttons","{""X"":0,""Y"":0,""Z"":0,""A"":0,""C"":0}","[0,0,0,0,0,0]","0","0"
"lathe-ideal-4-0.001-start","lathe","barTop","ideal","real support map and step buttons","{""X"":0,""Y"":0,""Z"":0,""A"":0,""C"":0}","[0,0,0,0,0,0]","0","0"
"lathe-ideal-4-0.001-start","lathe","runoutRoot","ideal","real support map and step buttons","{""X"":0,""Y"":0,""Z"":0,""A"":0,""C"":0}","[0,0,0,0,0,0]","0","0"
"lathe-ideal-4-0.001-start","lathe","runoutTip","ideal","real support map and step buttons","{""X"":0,""Y"":0,""Z"":0,""A"":0,""C"":0}","[0,0,0,0,0,0]","0","0"
"lathe-ideal-4-0.001-start","lathe","borea","ideal","real support map and step buttons","{""X"":0,""Y"":0,""Z"":0,""A"":0,""C"":0}","[0,0,0,0,0,0]","0","0"
"lathe-ideal-4-0.001-start","lathe","boreb","ideal","real support map and step buttons","{""X"":0,""Y"":0,""Z"":0,""A"":0,""C"":0}","[0,0,0,0,0,0]","-2.7755575615628914e-11","0"
"lathe-ideal-4-0.001-start","lathe","borec","ideal","real support map and step buttons","{""X"":0,""Y"":0,""Z"":0,""A"":0,""C"":0}","[0,0,0,0,0,0]","-5.551115123125783e-11","0"
"lathe-ideal-4-0.001-start","lathe","bored","ideal","real support map and step buttons","{""X"":0,""Y"":0,""Z"":0,""A"":0,""C"":0}","[0,0,0,0,0,0]","-2.7755575615628914e-11","0"
"lathe-ideal-4-0.001-plus","lathe","face","ideal","real raise/lower button","{""X"":0,""Y"":0,""Z"":0,""A"":0,""C"":0}","[0,0,0,0,0.001,0]","-1.734723475976807e-12","0"
"lathe-ideal-4-0.001-plus","lathe","flat","ideal","real raise/lower button","{""X"":0,""Y"":0,""Z"":0,""A"":0,""C"":0}","[0,0,0,0,0.001,0]","0.07500000506407978","0"
"lathe-ideal-4-0.001-plus","lathe","dx","ideal","real raise/lower button","{""X"":0,""Y"":0,""Z"":0,""A"":0,""C"":0}","[0,0,0,0,0.001,0]","-0.4174999961116194","0"
"lathe-ideal-4-0.001-plus","lathe","dy","ideal","real raise/lower button","{""X"":0,""Y"":0,""Z"":0,""A"":0,""C"":0}","[0,0,0,0,0.001,0]","0.05258905723350392","0"
"lathe-ideal-4-0.001-plus","lathe","barSide","ideal","real raise/lower button","{""X"":0,""Y"":0,""Z"":0,""A"":0,""C"":0}","[0,0,0,0,0.001,0]","-0.0750004811918975","0"
"lathe-ideal-4-0.001-plus","lathe","barTop","ideal","real raise/lower button","{""X"":0,""Y"":0,""Z"":0,""A"":0,""C"":0}","[0,0,0,0,0.001,0]","0.14999988425141997","0"
"lathe-ideal-4-0.001-plus","lathe","runoutRoot","ideal","real raise/lower button","{""X"":0,""Y"":0,""Z"":0,""A"":0,""C"":0}","[0,0,0,0,0.001,0]","0","0"
"lathe-ideal-4-0.001-plus","lathe","runoutTip","ideal","real raise/lower button","{""X"":0,""Y"":0,""Z"":0,""A"":0,""C"":0}","[0,0,0,0,0.001,0]","0","0"
"lathe-ideal-4-0.001-plus","lathe","borea","ideal","real raise/lower button","{""X"":0,""Y"":0,""Z"":0,""A"":0,""C"":0}","[0,0,0,0,0.001,0]","0","0"
"lathe-ideal-4-0.001-plus","lathe","boreb","ideal","real raise/lower button","{""X"":0,""Y"":0,""Z"":0,""A"":0,""C"":0}","[0,0,0,0,0.001,0]","-0.47008562253231245","0"
"lathe-ideal-4-0.001-plus","lathe","borec","ideal","real raise/lower button","{""X"":0,""Y"":0,""Z"":0,""A"":0,""C"":0}","[0,0,0,0,0.001,0]","-0.834999992226082","-1"
"lathe-ideal-4-0.001-plus","lathe","bored","ideal","real raise/lower button","{""X"":0,""Y"":0,""Z"":0,""A"":0,""C"":0}","[0,0,0,0,0.001,0]","-0.36490750806444927","0"
"lathe-ideal-4-0.001-plus-restored","lathe","face","ideal","real inverse support button","{""X"":0,""Y"":0,""Z"":0,""A"":0,""C"":0}","[0,0,0,0,0,0]","0","0"
"lathe-ideal-4-0.001-plus-restored","lathe","flat","ideal","real inverse support button","{""X"":0,""Y"":0,""Z"":0,""A"":0,""C"":0}","[0,0,0,0,0,0]","0","0"
"lathe-ideal-4-0.001-plus-restored","lathe","dx","ideal","real inverse support button","{""X"":0,""Y"":0,""Z"":0,""A"":0,""C"":0}","[0,0,0,0,0,0]","-2.7755575615628914e-11","0"
"lathe-ideal-4-0.001-plus-restored","lathe","dy","ideal","real inverse support button","{""X"":0,""Y"":0,""Z"":0,""A"":0,""C"":0}","[0,0,0,0,0,0]","0","0"
"lathe-ideal-4-0.001-plus-restored","lathe","barSide","ideal","real inverse support button","{""X"":0,""Y"":0,""Z"":0,""A"":0,""C"":0}","[0,0,0,0,0,0]","0","0"
"lathe-ideal-4-0.001-plus-restored","lathe","barTop","ideal","real inverse support button","{""X"":0,""Y"":0,""Z"":0,""A"":0,""C"":0}","[0,0,0,0,0,0]","0","0"
"lathe-ideal-4-0.001-plus-restored","lathe","runoutRoot","ideal","real inverse support button","{""X"":0,""Y"":0,""Z"":0,""A"":0,""C"":0}","[0,0,0,0,0,0]","0","0"
"lathe-ideal-4-0.001-plus-restored","lathe","runoutTip","ideal","real inverse support button","{""X"":0,""Y"":0,""Z"":0,""A"":0,""C"":0}","[0,0,0,0,0,0]","0","0"
"lathe-ideal-4-0.001-plus-restored","lathe","borea","ideal","real inverse support button","{""X"":0,""Y"":0,""Z"":0,""A"":0,""C"":0}","[0,0,0,0,0,0]","0","0"
"lathe-ideal-4-0.001-plus-restored","lathe","boreb","ideal","real inverse support button","{""X"":0,""Y"":0,""Z"":0,""A"":0,""C"":0}","[0,0,0,0,0,0]","-2.7755575615628914e-11","0"
"lathe-ideal-4-0.001-plus-restored","lathe","borec","ideal","real inverse support button","{""X"":0,""Y"":0,""Z"":0,""A"":0,""C"":0}","[0,0,0,0,0,0]","-5.551115123125783e-11","0"
"lathe-ideal-4-0.001-plus-restored","lathe","bored","ideal","real inverse support button","{""X"":0,""Y"":0,""Z"":0,""A"":0,""C"":0}","[0,0,0,0,0,0]","-2.7755575615628914e-11","0"
"lathe-ideal-4-0.001-minus","lathe","face","ideal","real raise/lower button","{""X"":0,""Y"":0,""Z"":0,""A"":0,""C"":0}","[0,0,0,0,-0.001,0]","-1.734723475976807e-12","0"
"lathe-ideal-4-0.001-minus","lathe","flat","ideal","real raise/lower button","{""X"":0,""Y"":0,""Z"":0,""A"":0,""C"":0}","[0,0,0,0,-0.001,0]","-0.07499999491421272","0"
"lathe-ideal-4-0.001-minus","lathe","dx","ideal","real raise/lower button","{""X"":0,""Y"":0,""Z"":0,""A"":0,""C"":0}","[0,0,0,0,-0.001,0]","0.41750000388267766","0"
"lathe-ideal-4-0.001-minus","lathe","dy","ideal","real raise/lower button","{""X"":0,""Y"":0,""Z"":0,""A"":0,""C"":0}","[0,0,0,0,-0.001,0]","-0.05258951428987098","0"
"lathe-ideal-4-0.001-minus","lathe","barSide","ideal","real raise/lower button","{""X"":0,""Y"":0,""Z"":0,""A"":0,""C"":0}","[0,0,0,0,-0.001,0]","0.07499951881415057","0"
"lathe-ideal-4-0.001-minus","lathe","barTop","ideal","real raise/lower button","{""X"":0,""Y"":0,""Z"":0,""A"":0,""C"":0}","[0,0,0,0,-0.001,0]","-0.15000011595149576","0"
"lathe-ideal-4-0.001-minus","lathe","runoutRoot","ideal","real raise/lower button","{""X"":0,""Y"":0,""Z"":0,""A"":0,""C"":0}","[0,0,0,0,-0.001,0]","0","0"
"lathe-ideal-4-0.001-minus","lathe","runoutTip","ideal","real raise/lower button","{""X"":0,""Y"":0,""Z"":0,""A"":0,""C"":0}","[0,0,0,0,-0.001,0]","0","0"
"lathe-ideal-4-0.001-minus","lathe","borea","ideal","real raise/lower button","{""X"":0,""Y"":0,""Z"":0,""A"":0,""C"":0}","[0,0,0,0,-0.001,0]","0","0"
"lathe-ideal-4-0.001-minus","lathe","boreb","ideal","real raise/lower button","{""X"":0,""Y"":0,""Z"":0,""A"":0,""C"":0}","[0,0,0,0,-0.001,0]","0.47009294898078813","0"
"lathe-ideal-4-0.001-minus","lathe","borec","ideal","real raise/lower button","{""X"":0,""Y"":0,""Z"":0,""A"":0,""C"":0}","[0,0,0,0,-0.001,0]","0.8350000077622655","1"
"lathe-ideal-4-0.001-minus","lathe","bored","ideal","real raise/lower button","{""X"":0,""Y"":0,""Z"":0,""A"":0,""C"":0}","[0,0,0,0,-0.001,0]","0.3649139204038587","0"
"lathe-ideal-4-0.001-minus-restored","lathe","face","ideal","real inverse support button","{""X"":0,""Y"":0,""Z"":0,""A"":0,""C"":0}","[0,0,0,0,0,0]","0","0"
"lathe-ideal-4-0.001-minus-restored","lathe","flat","ideal","real inverse support button","{""X"":0,""Y"":0,""Z"":0,""A"":0,""C"":0}","[0,0,0,0,0,0]","0","0"
"lathe-ideal-4-0.001-minus-restored","lathe","dx","ideal","real inverse support button","{""X"":0,""Y"":0,""Z"":0,""A"":0,""C"":0}","[0,0,0,0,0,0]","-2.7755575615628914e-11","0"
"lathe-ideal-4-0.001-minus-restored","lathe","dy","ideal","real inverse support button","{""X"":0,""Y"":0,""Z"":0,""A"":0,""C"":0}","[0,0,0,0,0,0]","0","0"
"lathe-ideal-4-0.001-minus-restored","lathe","barSide","ideal","real inverse support button","{""X"":0,""Y"":0,""Z"":0,""A"":0,""C"":0}","[0,0,0,0,0,0]","0","0"
"lathe-ideal-4-0.001-minus-restored","lathe","barTop","ideal","real inverse support button","{""X"":0,""Y"":0,""Z"":0,""A"":0,""C"":0}","[0,0,0,0,0,0]","0","0"
"lathe-ideal-4-0.001-minus-restored","lathe","runoutRoot","ideal","real inverse support button","{""X"":0,""Y"":0,""Z"":0,""A"":0,""C"":0}","[0,0,0,0,0,0]","0","0"
"lathe-ideal-4-0.001-minus-restored","lathe","runoutTip","ideal","real inverse support button","{""X"":0,""Y"":0,""Z"":0,""A"":0,""C"":0}","[0,0,0,0,0,0]","0","0"
"lathe-ideal-4-0.001-minus-restored","lathe","borea","ideal","real inverse support button","{""X"":0,""Y"":0,""Z"":0,""A"":0,""C"":0}","[0,0,0,0,0,0]","0","0"
"lathe-ideal-4-0.001-minus-restored","lathe","boreb","ideal","real inverse support button","{""X"":0,""Y"":0,""Z"":0,""A"":0,""C"":0}","[0,0,0,0,0,0]","-2.7755575615628914e-11","0"
"lathe-ideal-4-0.001-minus-restored","lathe","borec","ideal","real inverse support button","{""X"":0,""Y"":0,""Z"":0,""A"":0,""C"":0}","[0,0,0,0,0,0]","-5.551115123125783e-11","0"
"lathe-ideal-4-0.001-minus-restored","lathe","bored","ideal","real inverse support button","{""X"":0,""Y"":0,""Z"":0,""A"":0,""C"":0}","[0,0,0,0,0,0]","-2.7755575615628914e-11","0"
"lathe-ideal-4-0.01-start","lathe","face","ideal","real support map and step buttons","{""X"":0,""Y"":0,""Z"":0,""A"":0,""C"":0}","[0,0,0,0,0,0]","0","0"
"lathe-ideal-4-0.01-start","lathe","flat","ideal","real support map and step buttons","{""X"":0,""Y"":0,""Z"":0,""A"":0,""C"":0}","[0,0,0,0,0,0]","0","0"
"lathe-ideal-4-0.01-start","lathe","dx","ideal","real support map and step buttons","{""X"":0,""Y"":0,""Z"":0,""A"":0,""C"":0}","[0,0,0,0,0,0]","-2.7755575615628914e-11","0"
"lathe-ideal-4-0.01-start","lathe","dy","ideal","real support map and step buttons","{""X"":0,""Y"":0,""Z"":0,""A"":0,""C"":0}","[0,0,0,0,0,0]","0","0"
"lathe-ideal-4-0.01-start","lathe","barSide","ideal","real support map and step buttons","{""X"":0,""Y"":0,""Z"":0,""A"":0,""C"":0}","[0,0,0,0,0,0]","0","0"
"lathe-ideal-4-0.01-start","lathe","barTop","ideal","real support map and step buttons","{""X"":0,""Y"":0,""Z"":0,""A"":0,""C"":0}","[0,0,0,0,0,0]","0","0"
"lathe-ideal-4-0.01-start","lathe","runoutRoot","ideal","real support map and step buttons","{""X"":0,""Y"":0,""Z"":0,""A"":0,""C"":0}","[0,0,0,0,0,0]","0","0"
"lathe-ideal-4-0.01-start","lathe","runoutTip","ideal","real support map and step buttons","{""X"":0,""Y"":0,""Z"":0,""A"":0,""C"":0}","[0,0,0,0,0,0]","0","0"
"lathe-ideal-4-0.01-start","lathe","borea","ideal","real support map and step buttons","{""X"":0,""Y"":0,""Z"":0,""A"":0,""C"":0}","[0,0,0,0,0,0]","0","0"
"lathe-ideal-4-0.01-start","lathe","boreb","ideal","real support map and step buttons","{""X"":0,""Y"":0,""Z"":0,""A"":0,""C"":0}","[0,0,0,0,0,0]","-2.7755575615628914e-11","0"
"lathe-ideal-4-0.01-start","lathe","borec","ideal","real support map and step buttons","{""X"":0,""Y"":0,""Z"":0,""A"":0,""C"":0}","[0,0,0,0,0,0]","-5.551115123125783e-11","0"
"lathe-ideal-4-0.01-start","lathe","bored","ideal","real support map and step buttons","{""X"":0,""Y"":0,""Z"":0,""A"":0,""C"":0}","[0,0,0,0,0,0]","-2.7755575615628914e-11","0"
"lathe-ideal-4-0.01-plus","lathe","face","ideal","real raise/lower button","{""X"":0,""Y"":0,""Z"":0,""A"":0,""C"":0}","[0,0,0,0,0.01,0]","-1.734723475976807e-12","0"
"lathe-ideal-4-0.01-plus","lathe","flat","ideal","real raise/lower button","{""X"":0,""Y"":0,""Z"":0,""A"":0,""C"":0}","[0,0,0,0,0.01,0]","0.750000510090984","1"
"lathe-ideal-4-0.01-plus","lathe","dx","ideal","real raise/lower button","{""X"":0,""Y"":0,""Z"":0,""A"":0,""C"":0}","[0,0,0,0,0.01,0]","-4.1749996085866306","-4"
"lathe-ideal-4-0.01-plus","lathe","dy","ideal","real raise/lower button","{""X"":0,""Y"":0,""Z"":0,""A"":0,""C"":0}","[0,0,0,0,0.01,0]","0.5258700230062393","1"
"lathe-ideal-4-0.01-plus","lathe","barSide","ideal","real raise/lower button","{""X"":0,""Y"":0,""Z"":0,""A"":0,""C"":0}","[0,0,0,0,0.01,0]","-0.7500481167977552","-1"
"lathe-ideal-4-0.01-plus","lathe","barTop","ideal","real raise/lower button","{""X"":0,""Y"":0,""Z"":0,""A"":0,""C"":0}","[0,0,0,0,0.01,0]","1.4999884152162857","1"
"lathe-ideal-4-0.01-plus","lathe","runoutRoot","ideal","real raise/lower button","{""X"":0,""Y"":0,""Z"":0,""A"":0,""C"":0}","[0,0,0,0,0.01,0]","0","0"
"lathe-ideal-4-0.01-plus","lathe","runoutTip","ideal","real raise/lower button","{""X"":0,""Y"":0,""Z"":0,""A"":0,""C"":0}","[0,0,0,0,0.01,0]","0","0"
"lathe-ideal-4-0.01-plus","lathe","borea","ideal","real raise/lower button","{""X"":0,""Y"":0,""Z"":0,""A"":0,""C"":0}","[0,0,0,0,0.01,0]","0","0"
"lathe-ideal-4-0.01-plus","lathe","boreb","ideal","real raise/lower button","{""X"":0,""Y"":0,""Z"":0,""A"":0,""C"":0}","[0,0,0,0,0.01,0]","-4.70052654993891","-5"
"lathe-ideal-4-0.01-plus","lathe","borec","ideal","real raise/lower button","{""X"":0,""Y"":0,""Z"":0,""A"":0,""C"":0}","[0,0,0,0,0.01,0]","-8.349999217172055","-8"
"lathe-ideal-4-0.01-plus","lathe","bored","ideal","real raise/lower button","{""X"":0,""Y"":0,""Z"":0,""A"":0,""C"":0}","[0,0,0,0,0.01,0]","-3.6487865039264156","-4"
"lathe-ideal-4-0.01-plus-restored","lathe","face","ideal","real inverse support button","{""X"":0,""Y"":0,""Z"":0,""A"":0,""C"":0}","[0,0,0,0,0,0]","0","0"
"lathe-ideal-4-0.01-plus-restored","lathe","flat","ideal","real inverse support button","{""X"":0,""Y"":0,""Z"":0,""A"":0,""C"":0}","[0,0,0,0,0,0]","0","0"
"lathe-ideal-4-0.01-plus-restored","lathe","dx","ideal","real inverse support button","{""X"":0,""Y"":0,""Z"":0,""A"":0,""C"":0}","[0,0,0,0,0,0]","-2.7755575615628914e-11","0"
"lathe-ideal-4-0.01-plus-restored","lathe","dy","ideal","real inverse support button","{""X"":0,""Y"":0,""Z"":0,""A"":0,""C"":0}","[0,0,0,0,0,0]","0","0"
"lathe-ideal-4-0.01-plus-restored","lathe","barSide","ideal","real inverse support button","{""X"":0,""Y"":0,""Z"":0,""A"":0,""C"":0}","[0,0,0,0,0,0]","0","0"
"lathe-ideal-4-0.01-plus-restored","lathe","barTop","ideal","real inverse support button","{""X"":0,""Y"":0,""Z"":0,""A"":0,""C"":0}","[0,0,0,0,0,0]","0","0"
"lathe-ideal-4-0.01-plus-restored","lathe","runoutRoot","ideal","real inverse support button","{""X"":0,""Y"":0,""Z"":0,""A"":0,""C"":0}","[0,0,0,0,0,0]","0","0"
"lathe-ideal-4-0.01-plus-restored","lathe","runoutTip","ideal","real inverse support button","{""X"":0,""Y"":0,""Z"":0,""A"":0,""C"":0}","[0,0,0,0,0,0]","0","0"
"lathe-ideal-4-0.01-plus-restored","lathe","borea","ideal","real inverse support button","{""X"":0,""Y"":0,""Z"":0,""A"":0,""C"":0}","[0,0,0,0,0,0]","0","0"
"lathe-ideal-4-0.01-plus-restored","lathe","boreb","ideal","real inverse support button","{""X"":0,""Y"":0,""Z"":0,""A"":0,""C"":0}","[0,0,0,0,0,0]","-2.7755575615628914e-11","0"
"lathe-ideal-4-0.01-plus-restored","lathe","borec","ideal","real inverse support button","{""X"":0,""Y"":0,""Z"":0,""A"":0,""C"":0}","[0,0,0,0,0,0]","-5.551115123125783e-11","0"
"lathe-ideal-4-0.01-plus-restored","lathe","bored","ideal","real inverse support button","{""X"":0,""Y"":0,""Z"":0,""A"":0,""C"":0}","[0,0,0,0,0,0]","-2.7755575615628914e-11","0"
"lathe-ideal-4-0.01-minus","lathe","face","ideal","real raise/lower button","{""X"":0,""Y"":0,""Z"":0,""A"":0,""C"":0}","[0,0,0,0,-0.01,0]","-1.734723475976807e-12","0"
"lathe-ideal-4-0.01-minus","lathe","flat","ideal","real raise/lower button","{""X"":0,""Y"":0,""Z"":0,""A"":0,""C"":0}","[0,0,0,0,-0.01,0]","-0.7499994896971451","-1"
"lathe-ideal-4-0.01-minus","lathe","dx","ideal","real raise/lower button","{""X"":0,""Y"":0,""Z"":0,""A"":0,""C"":0}","[0,0,0,0,-0.01,0]","4.175000391299079","4"
"lathe-ideal-4-0.01-minus","lathe","dy","ideal","real raise/lower button","{""X"":0,""Y"":0,""Z"":0,""A"":0,""C"":0}","[0,0,0,0,-0.01,0]","-0.5259156913394506","-1"
"lathe-ideal-4-0.01-minus","lathe","barSide","ideal","real raise/lower button","{""X"":0,""Y"":0,""Z"":0,""A"":0,""C"":0}","[0,0,0,0,-0.01,0]","0.7499518832106838","1"
"lathe-ideal-4-0.01-minus","lathe","barTop","ideal","real raise/lower button","{""X"":0,""Y"":0,""Z"":0,""A"":0,""C"":0}","[0,0,0,0,-0.01,0]","-1.5000115845664048","-2"
"lathe-ideal-4-0.01-minus","lathe","runoutRoot","ideal","real raise/lower button","{""X"":0,""Y"":0,""Z"":0,""A"":0,""C"":0}","[0,0,0,0,-0.01,0]","0","0"
"lathe-ideal-4-0.01-minus","lathe","runoutTip","ideal","real raise/lower button","{""X"":0,""Y"":0,""Z"":0,""A"":0,""C"":0}","[0,0,0,0,-0.01,0]","0","0"
"lathe-ideal-4-0.01-minus","lathe","borea","ideal","real raise/lower button","{""X"":0,""Y"":0,""Z"":0,""A"":0,""C"":0}","[0,0,0,0,-0.01,0]","0","0"
"lathe-ideal-4-0.01-minus","lathe","boreb","ideal","real raise/lower button","{""X"":0,""Y"":0,""Z"":0,""A"":0,""C"":0}","[0,0,0,0,-0.01,0]","4.701259163460842","5"
"lathe-ideal-4-0.01-minus","lathe","borec","ideal","real raise/lower button","{""X"":0,""Y"":0,""Z"":0,""A"":0,""C"":0}","[0,0,0,0,-0.01,0]","8.350000782600397","8"
"lathe-ideal-4-0.01-minus","lathe","bored","ideal","real raise/lower button","{""X"":0,""Y"":0,""Z"":0,""A"":0,""C"":0}","[0,0,0,0,-0.01,0]","3.6494277807809503","4"
"lathe-ideal-4-0.01-minus-restored","lathe","face","ideal","real inverse support button","{""X"":0,""Y"":0,""Z"":0,""A"":0,""C"":0}","[0,0,0,0,0,0]","0","0"
"lathe-ideal-4-0.01-minus-restored","lathe","flat","ideal","real inverse support button","{""X"":0,""Y"":0,""Z"":0,""A"":0,""C"":0}","[0,0,0,0,0,0]","0","0"
"lathe-ideal-4-0.01-minus-restored","lathe","dx","ideal","real inverse support button","{""X"":0,""Y"":0,""Z"":0,""A"":0,""C"":0}","[0,0,0,0,0,0]","-2.7755575615628914e-11","0"
"lathe-ideal-4-0.01-minus-restored","lathe","dy","ideal","real inverse support button","{""X"":0,""Y"":0,""Z"":0,""A"":0,""C"":0}","[0,0,0,0,0,0]","0","0"
"lathe-ideal-4-0.01-minus-restored","lathe","barSide","ideal","real inverse support button","{""X"":0,""Y"":0,""Z"":0,""A"":0,""C"":0}","[0,0,0,0,0,0]","0","0"
"lathe-ideal-4-0.01-minus-restored","lathe","barTop","ideal","real inverse support button","{""X"":0,""Y"":0,""Z"":0,""A"":0,""C"":0}","[0,0,0,0,0,0]","0","0"
"lathe-ideal-4-0.01-minus-restored","lathe","runoutRoot","ideal","real inverse support button","{""X"":0,""Y"":0,""Z"":0,""A"":0,""C"":0}","[0,0,0,0,0,0]","0","0"
"lathe-ideal-4-0.01-minus-restored","lathe","runoutTip","ideal","real inverse support button","{""X"":0,""Y"":0,""Z"":0,""A"":0,""C"":0}","[0,0,0,0,0,0]","0","0"
"lathe-ideal-4-0.01-minus-restored","lathe","borea","ideal","real inverse support button","{""X"":0,""Y"":0,""Z"":0,""A"":0,""C"":0}","[0,0,0,0,0,0]","0","0"
"lathe-ideal-4-0.01-minus-restored","lathe","boreb","ideal","real inverse support button","{""X"":0,""Y"":0,""Z"":0,""A"":0,""C"":0}","[0,0,0,0,0,0]","-2.7755575615628914e-11","0"
"lathe-ideal-4-0.01-minus-restored","lathe","borec","ideal","real inverse support button","{""X"":0,""Y"":0,""Z"":0,""A"":0,""C"":0}","[0,0,0,0,0,0]","-5.551115123125783e-11","0"
"lathe-ideal-4-0.01-minus-restored","lathe","bored","ideal","real inverse support button","{""X"":0,""Y"":0,""Z"":0,""A"":0,""C"":0}","[0,0,0,0,0,0]","-2.7755575615628914e-11","0"
"lathe-ideal-5-0.001-start","lathe","face","ideal","real support map and step buttons","{""X"":0,""Y"":0,""Z"":0,""A"":0,""C"":0}","[0,0,0,0,0,0]","0","0"
"lathe-ideal-5-0.001-start","lathe","flat","ideal","real support map and step buttons","{""X"":0,""Y"":0,""Z"":0,""A"":0,""C"":0}","[0,0,0,0,0,0]","0","0"
"lathe-ideal-5-0.001-start","lathe","dx","ideal","real support map and step buttons","{""X"":0,""Y"":0,""Z"":0,""A"":0,""C"":0}","[0,0,0,0,0,0]","-2.7755575615628914e-11","0"
"lathe-ideal-5-0.001-start","lathe","dy","ideal","real support map and step buttons","{""X"":0,""Y"":0,""Z"":0,""A"":0,""C"":0}","[0,0,0,0,0,0]","0","0"
"lathe-ideal-5-0.001-start","lathe","barSide","ideal","real support map and step buttons","{""X"":0,""Y"":0,""Z"":0,""A"":0,""C"":0}","[0,0,0,0,0,0]","0","0"
"lathe-ideal-5-0.001-start","lathe","barTop","ideal","real support map and step buttons","{""X"":0,""Y"":0,""Z"":0,""A"":0,""C"":0}","[0,0,0,0,0,0]","0","0"
"lathe-ideal-5-0.001-start","lathe","runoutRoot","ideal","real support map and step buttons","{""X"":0,""Y"":0,""Z"":0,""A"":0,""C"":0}","[0,0,0,0,0,0]","0","0"
"lathe-ideal-5-0.001-start","lathe","runoutTip","ideal","real support map and step buttons","{""X"":0,""Y"":0,""Z"":0,""A"":0,""C"":0}","[0,0,0,0,0,0]","0","0"
"lathe-ideal-5-0.001-start","lathe","borea","ideal","real support map and step buttons","{""X"":0,""Y"":0,""Z"":0,""A"":0,""C"":0}","[0,0,0,0,0,0]","0","0"
"lathe-ideal-5-0.001-start","lathe","boreb","ideal","real support map and step buttons","{""X"":0,""Y"":0,""Z"":0,""A"":0,""C"":0}","[0,0,0,0,0,0]","-2.7755575615628914e-11","0"
"lathe-ideal-5-0.001-start","lathe","borec","ideal","real support map and step buttons","{""X"":0,""Y"":0,""Z"":0,""A"":0,""C"":0}","[0,0,0,0,0,0]","-5.551115123125783e-11","0"
"lathe-ideal-5-0.001-start","lathe","bored","ideal","real support map and step buttons","{""X"":0,""Y"":0,""Z"":0,""A"":0,""C"":0}","[0,0,0,0,0,0]","-2.7755575615628914e-11","0"
"lathe-ideal-5-0.001-plus","lathe","face","ideal","real raise/lower button","{""X"":0,""Y"":0,""Z"":0,""A"":0,""C"":0}","[0,0,0,0,0,0.001]","-1.734723475976807e-12","0"
"lathe-ideal-5-0.001-plus","lathe","flat","ideal","real raise/lower button","{""X"":0,""Y"":0,""Z"":0,""A"":0,""C"":0}","[0,0,0,0,0,0.001]","-0.07499999473033203","0"
"lathe-ideal-5-0.001-plus","lathe","dx","ideal","real raise/lower button","{""X"":0,""Y"":0,""Z"":0,""A"":0,""C"":0}","[0,0,0,0,0,0.001]","-0.01999999177401334","0"
"lathe-ideal-5-0.001-plus","lathe","dy","ideal","real raise/lower button","{""X"":0,""Y"":0,""Z"":0,""A"":0,""C"":0}","[0,0,0,0,0,0.001]","-0.030089322144990695","0"
"lathe-ideal-5-0.001-plus","lathe","barSide","ideal","real raise/lower button","{""X"":0,""Y"":0,""Z"":0,""A"":0,""C"":0}","[0,0,0,0,0,0.001]","0.07499989561864095","0"
"lathe-ideal-5-0.001-plus","lathe","barTop","ideal","real raise/lower button","{""X"":0,""Y"":0,""Z"":0,""A"":0,""C"":0}","[0,0,0,0,0,0.001]","-0.07500011599791134","0"
"lathe-ideal-5-0.001-plus","lathe","runoutRoot","ideal","real raise/lower button","{""X"":0,""Y"":0,""Z"":0,""A"":0,""C"":0}","[0,0,0,0,0,0.001]","0","0"
"lathe-ideal-5-0.001-plus","lathe","runoutTip","ideal","real raise/lower button","{""X"":0,""Y"":0,""Z"":0,""A"":0,""C"":0}","[0,0,0,0,0,0.001]","0","0"
"lathe-ideal-5-0.001-plus","lathe","borea","ideal","real raise/lower button","{""X"":0,""Y"":0,""Z"":0,""A"":0,""C"":0}","[0,0,0,0,0,0.001]","0","0"
"lathe-ideal-5-0.001-plus","lathe","boreb","ideal","real raise/lower button","{""X"":0,""Y"":0,""Z"":0,""A"":0,""C"":0}","[0,0,0,0,0,0.001]","0.010089320261197354","0"
"lathe-ideal-5-0.001-plus","lathe","borec","ideal","real raise/lower button","{""X"":0,""Y"":0,""Z"":0,""A"":0,""C"":0}","[0,0,0,0,0,0.001]","-0.039999983547645","0"
"lathe-ideal-5-0.001-plus","lathe","bored","ideal","real raise/lower button","{""X"":0,""Y"":0,""Z"":0,""A"":0,""C"":0}","[0,0,0,0,0,0.001]","-0.05008932402877919","0"
"lathe-ideal-5-0.001-plus-restored","lathe","face","ideal","real inverse support button","{""X"":0,""Y"":0,""Z"":0,""A"":0,""C"":0}","[0,0,0,0,0,0]","0","0"
"lathe-ideal-5-0.001-plus-restored","lathe","flat","ideal","real inverse support button","{""X"":0,""Y"":0,""Z"":0,""A"":0,""C"":0}","[0,0,0,0,0,0]","0","0"
"lathe-ideal-5-0.001-plus-restored","lathe","dx","ideal","real inverse support button","{""X"":0,""Y"":0,""Z"":0,""A"":0,""C"":0}","[0,0,0,0,0,0]","-2.7755575615628914e-11","0"
"lathe-ideal-5-0.001-plus-restored","lathe","dy","ideal","real inverse support button","{""X"":0,""Y"":0,""Z"":0,""A"":0,""C"":0}","[0,0,0,0,0,0]","0","0"
"lathe-ideal-5-0.001-plus-restored","lathe","barSide","ideal","real inverse support button","{""X"":0,""Y"":0,""Z"":0,""A"":0,""C"":0}","[0,0,0,0,0,0]","0","0"
"lathe-ideal-5-0.001-plus-restored","lathe","barTop","ideal","real inverse support button","{""X"":0,""Y"":0,""Z"":0,""A"":0,""C"":0}","[0,0,0,0,0,0]","0","0"
"lathe-ideal-5-0.001-plus-restored","lathe","runoutRoot","ideal","real inverse support button","{""X"":0,""Y"":0,""Z"":0,""A"":0,""C"":0}","[0,0,0,0,0,0]","0","0"
"lathe-ideal-5-0.001-plus-restored","lathe","runoutTip","ideal","real inverse support button","{""X"":0,""Y"":0,""Z"":0,""A"":0,""C"":0}","[0,0,0,0,0,0]","0","0"
"lathe-ideal-5-0.001-plus-restored","lathe","borea","ideal","real inverse support button","{""X"":0,""Y"":0,""Z"":0,""A"":0,""C"":0}","[0,0,0,0,0,0]","0","0"
"lathe-ideal-5-0.001-plus-restored","lathe","boreb","ideal","real inverse support button","{""X"":0,""Y"":0,""Z"":0,""A"":0,""C"":0}","[0,0,0,0,0,0]","-2.7755575615628914e-11","0"
"lathe-ideal-5-0.001-plus-restored","lathe","borec","ideal","real inverse support button","{""X"":0,""Y"":0,""Z"":0,""A"":0,""C"":0}","[0,0,0,0,0,0]","-5.551115123125783e-11","0"
"lathe-ideal-5-0.001-plus-restored","lathe","bored","ideal","real inverse support button","{""X"":0,""Y"":0,""Z"":0,""A"":0,""C"":0}","[0,0,0,0,0,0]","-2.7755575615628914e-11","0"
"lathe-ideal-5-0.001-minus","lathe","face","ideal","real raise/lower button","{""X"":0,""Y"":0,""Z"":0,""A"":0,""C"":0}","[0,0,0,0,0,-0.001]","-1.734723475976807e-12","0"
"lathe-ideal-5-0.001-minus","lathe","flat","ideal","real raise/lower button","{""X"":0,""Y"":0,""Z"":0,""A"":0,""C"":0}","[0,0,0,0,0,-0.001]","0.07500000524622574","0"
"lathe-ideal-5-0.001-minus","lathe","dx","ideal","real raise/lower button","{""X"":0,""Y"":0,""Z"":0,""A"":0,""C"":0}","[0,0,0,0,0,-0.001]","0.020000008204922717","0"
"lathe-ideal-5-0.001-minus","lathe","dy","ideal","real raise/lower button","{""X"":0,""Y"":0,""Z"":0,""A"":0,""C"":0}","[0,0,0,0,0,-0.001]","0.03008924931436028","0"
"lathe-ideal-5-0.001-minus","lathe","barSide","ideal","real raise/lower button","{""X"":0,""Y"":0,""Z"":0,""A"":0,""C"":0}","[0,0,0,0,0,-0.001]","-0.07500010438914184","0"
"lathe-ideal-5-0.001-minus","lathe","barTop","ideal","real raise/lower button","{""X"":0,""Y"":0,""Z"":0,""A"":0,""C"":0}","[0,0,0,0,0,-0.001]","0.07499988420762993","0"
"lathe-ideal-5-0.001-minus","lathe","runoutRoot","ideal","real raise/lower button","{""X"":0,""Y"":0,""Z"":0,""A"":0,""C"":0}","[0,0,0,0,0,-0.001]","0","0"
"lathe-ideal-5-0.001-minus","lathe","runoutTip","ideal","real raise/lower button","{""X"":0,""Y"":0,""Z"":0,""A"":0,""C"":0}","[0,0,0,0,0,-0.001]","0","0"
"lathe-ideal-5-0.001-minus","lathe","borea","ideal","real raise/lower button","{""X"":0,""Y"":0,""Z"":0,""A"":0,""C"":0}","[0,0,0,0,0,-0.001]","0","0"
"lathe-ideal-5-0.001-minus","lathe","boreb","ideal","real raise/lower button","{""X"":0,""Y"":0,""Z"":0,""A"":0,""C"":0}","[0,0,0,0,0,-0.001]","-0.010089251215733563","0"
"lathe-ideal-5-0.001-minus","lathe","borec","ideal","real raise/lower button","{""X"":0,""Y"":0,""Z"":0,""A"":0,""C"":0}","[0,0,0,0,0,-0.001]","0.04000001641024653","0"
"lathe-ideal-5-0.001-minus","lathe","bored","ideal","real raise/lower button","{""X"":0,""Y"":0,""Z"":0,""A"":0,""C"":0}","[0,0,0,0,0,-0.001]","0.05008924741298215","0"
"lathe-ideal-5-0.001-minus-restored","lathe","face","ideal","real inverse support button","{""X"":0,""Y"":0,""Z"":0,""A"":0,""C"":0}","[0,0,0,0,0,0]","0","0"
"lathe-ideal-5-0.001-minus-restored","lathe","flat","ideal","real inverse support button","{""X"":0,""Y"":0,""Z"":0,""A"":0,""C"":0}","[0,0,0,0,0,0]","0","0"
"lathe-ideal-5-0.001-minus-restored","lathe","dx","ideal","real inverse support button","{""X"":0,""Y"":0,""Z"":0,""A"":0,""C"":0}","[0,0,0,0,0,0]","-2.7755575615628914e-11","0"
"lathe-ideal-5-0.001-minus-restored","lathe","dy","ideal","real inverse support button","{""X"":0,""Y"":0,""Z"":0,""A"":0,""C"":0}","[0,0,0,0,0,0]","0","0"
"lathe-ideal-5-0.001-minus-restored","lathe","barSide","ideal","real inverse support button","{""X"":0,""Y"":0,""Z"":0,""A"":0,""C"":0}","[0,0,0,0,0,0]","0","0"
"lathe-ideal-5-0.001-minus-restored","lathe","barTop","ideal","real inverse support button","{""X"":0,""Y"":0,""Z"":0,""A"":0,""C"":0}","[0,0,0,0,0,0]","0","0"
"lathe-ideal-5-0.001-minus-restored","lathe","runoutRoot","ideal","real inverse support button","{""X"":0,""Y"":0,""Z"":0,""A"":0,""C"":0}","[0,0,0,0,0,0]","0","0"
"lathe-ideal-5-0.001-minus-restored","lathe","runoutTip","ideal","real inverse support button","{""X"":0,""Y"":0,""Z"":0,""A"":0,""C"":0}","[0,0,0,0,0,0]","0","0"
"lathe-ideal-5-0.001-minus-restored","lathe","borea","ideal","real inverse support button","{""X"":0,""Y"":0,""Z"":0,""A"":0,""C"":0}","[0,0,0,0,0,0]","0","0"
"lathe-ideal-5-0.001-minus-restored","lathe","boreb","ideal","real inverse support button","{""X"":0,""Y"":0,""Z"":0,""A"":0,""C"":0}","[0,0,0,0,0,0]","-2.7755575615628914e-11","0"
"lathe-ideal-5-0.001-minus-restored","lathe","borec","ideal","real inverse support button","{""X"":0,""Y"":0,""Z"":0,""A"":0,""C"":0}","[0,0,0,0,0,0]","-5.551115123125783e-11","0"
"lathe-ideal-5-0.001-minus-restored","lathe","bored","ideal","real inverse support button","{""X"":0,""Y"":0,""Z"":0,""A"":0,""C"":0}","[0,0,0,0,0,0]","-2.7755575615628914e-11","0"
"lathe-ideal-5-0.01-start","lathe","face","ideal","real support map and step buttons","{""X"":0,""Y"":0,""Z"":0,""A"":0,""C"":0}","[0,0,0,0,0,0]","0","0"
"lathe-ideal-5-0.01-start","lathe","flat","ideal","real support map and step buttons","{""X"":0,""Y"":0,""Z"":0,""A"":0,""C"":0}","[0,0,0,0,0,0]","0","0"
"lathe-ideal-5-0.01-start","lathe","dx","ideal","real support map and step buttons","{""X"":0,""Y"":0,""Z"":0,""A"":0,""C"":0}","[0,0,0,0,0,0]","-2.7755575615628914e-11","0"
"lathe-ideal-5-0.01-start","lathe","dy","ideal","real support map and step buttons","{""X"":0,""Y"":0,""Z"":0,""A"":0,""C"":0}","[0,0,0,0,0,0]","0","0"
"lathe-ideal-5-0.01-start","lathe","barSide","ideal","real support map and step buttons","{""X"":0,""Y"":0,""Z"":0,""A"":0,""C"":0}","[0,0,0,0,0,0]","0","0"
"lathe-ideal-5-0.01-start","lathe","barTop","ideal","real support map and step buttons","{""X"":0,""Y"":0,""Z"":0,""A"":0,""C"":0}","[0,0,0,0,0,0]","0","0"
"lathe-ideal-5-0.01-start","lathe","runoutRoot","ideal","real support map and step buttons","{""X"":0,""Y"":0,""Z"":0,""A"":0,""C"":0}","[0,0,0,0,0,0]","0","0"
"lathe-ideal-5-0.01-start","lathe","runoutTip","ideal","real support map and step buttons","{""X"":0,""Y"":0,""Z"":0,""A"":0,""C"":0}","[0,0,0,0,0,0]","0","0"
"lathe-ideal-5-0.01-start","lathe","borea","ideal","real support map and step buttons","{""X"":0,""Y"":0,""Z"":0,""A"":0,""C"":0}","[0,0,0,0,0,0]","0","0"
"lathe-ideal-5-0.01-start","lathe","boreb","ideal","real support map and step buttons","{""X"":0,""Y"":0,""Z"":0,""A"":0,""C"":0}","[0,0,0,0,0,0]","-2.7755575615628914e-11","0"
"lathe-ideal-5-0.01-start","lathe","borec","ideal","real support map and step buttons","{""X"":0,""Y"":0,""Z"":0,""A"":0,""C"":0}","[0,0,0,0,0,0]","-5.551115123125783e-11","0"
"lathe-ideal-5-0.01-start","lathe","bored","ideal","real support map and step buttons","{""X"":0,""Y"":0,""Z"":0,""A"":0,""C"":0}","[0,0,0,0,0,0]","-2.7755575615628914e-11","0"
"lathe-ideal-5-0.01-plus","lathe","face","ideal","real raise/lower button","{""X"":0,""Y"":0,""Z"":0,""A"":0,""C"":0}","[0,0,0,0,0,0.01]","-1.3877787807814457e-11","0"
"lathe-ideal-5-0.01-plus","lathe","flat","ideal","real raise/lower button","{""X"":0,""Y"":0,""Z"":0,""A"":0,""C"":0}","[0,0,0,0,0,0.01]","-0.7499994894855089","-1"
"lathe-ideal-5-0.01-plus","lathe","dx","ideal","real raise/lower button","{""X"":0,""Y"":0,""Z"":0,""A"":0,""C"":0}","[0,0,0,0,0,0.01]","-0.19999917437537726","0"
"lathe-ideal-5-0.01-plus","lathe","dy","ideal","real raise/lower button","{""X"":0,""Y"":0,""Z"":0,""A"":0,""C"":0}","[0,0,0,0,0,0.01]","-0.30089652725238425","0"
"lathe-ideal-5-0.01-plus","lathe","barSide","ideal","real raise/lower button","{""X"":0,""Y"":0,""Z"":0,""A"":0,""C"":0}","[0,0,0,0,0,0.01]","0.7499895639528908","1"
"lathe-ideal-5-0.01-plus","lathe","barTop","ideal","real raise/lower button","{""X"":0,""Y"":0,""Z"":0,""A"":0,""C"":0}","[0,0,0,0,0,0.01]","-0.750011584883109","-1"
"lathe-ideal-5-0.01-plus","lathe","runoutRoot","ideal","real raise/lower button","{""X"":0,""Y"":0,""Z"":0,""A"":0,""C"":0}","[0,0,0,0,0,0.01]","0","0"
"lathe-ideal-5-0.01-plus","lathe","runoutTip","ideal","real raise/lower button","{""X"":0,""Y"":0,""Z"":0,""A"":0,""C"":0}","[0,0,0,0,0,0.01]","0","0"
"lathe-ideal-5-0.01-plus","lathe","borea","ideal","real raise/lower button","{""X"":0,""Y"":0,""Z"":0,""A"":0,""C"":0}","[0,0,0,0,0,0.01]","0","0"
"lathe-ideal-5-0.01-plus","lathe","boreb","ideal","real raise/lower button","{""X"":0,""Y"":0,""Z"":0,""A"":0,""C"":0}","[0,0,0,0,0,0.01]","0.10089634209717313","0"
"lathe-ideal-5-0.01-plus","lathe","borec","ideal","real raise/lower button","{""X"":0,""Y"":0,""Z"":0,""A"":0,""C"":0}","[0,0,0,0,0,0.01]","-0.39999834874904217","0"
"lathe-ideal-5-0.01-plus","lathe","bored","ideal","real raise/lower button","{""X"":0,""Y"":0,""Z"":0,""A"":0,""C"":0}","[0,0,0,0,0,0.01]","-0.5008967124096875","-1"
"lathe-ideal-5-0.01-plus-restored","lathe","face","ideal","real inverse support button","{""X"":0,""Y"":0,""Z"":0,""A"":0,""C"":0}","[0,0,0,0,0,0]","0","0"
"lathe-ideal-5-0.01-plus-restored","lathe","flat","ideal","real inverse support button","{""X"":0,""Y"":0,""Z"":0,""A"":0,""C"":0}","[0,0,0,0,0,0]","0","0"
"lathe-ideal-5-0.01-plus-restored","lathe","dx","ideal","real inverse support button","{""X"":0,""Y"":0,""Z"":0,""A"":0,""C"":0}","[0,0,0,0,0,0]","-2.7755575615628914e-11","0"
"lathe-ideal-5-0.01-plus-restored","lathe","dy","ideal","real inverse support button","{""X"":0,""Y"":0,""Z"":0,""A"":0,""C"":0}","[0,0,0,0,0,0]","0","0"
"lathe-ideal-5-0.01-plus-restored","lathe","barSide","ideal","real inverse support button","{""X"":0,""Y"":0,""Z"":0,""A"":0,""C"":0}","[0,0,0,0,0,0]","0","0"
"lathe-ideal-5-0.01-plus-restored","lathe","barTop","ideal","real inverse support button","{""X"":0,""Y"":0,""Z"":0,""A"":0,""C"":0}","[0,0,0,0,0,0]","0","0"
"lathe-ideal-5-0.01-plus-restored","lathe","runoutRoot","ideal","real inverse support button","{""X"":0,""Y"":0,""Z"":0,""A"":0,""C"":0}","[0,0,0,0,0,0]","0","0"
"lathe-ideal-5-0.01-plus-restored","lathe","runoutTip","ideal","real inverse support button","{""X"":0,""Y"":0,""Z"":0,""A"":0,""C"":0}","[0,0,0,0,0,0]","0","0"
"lathe-ideal-5-0.01-plus-restored","lathe","borea","ideal","real inverse support button","{""X"":0,""Y"":0,""Z"":0,""A"":0,""C"":0}","[0,0,0,0,0,0]","0","0"
"lathe-ideal-5-0.01-plus-restored","lathe","boreb","ideal","real inverse support button","{""X"":0,""Y"":0,""Z"":0,""A"":0,""C"":0}","[0,0,0,0,0,0]","-2.7755575615628914e-11","0"
"lathe-ideal-5-0.01-plus-restored","lathe","borec","ideal","real inverse support button","{""X"":0,""Y"":0,""Z"":0,""A"":0,""C"":0}","[0,0,0,0,0,0]","-5.551115123125783e-11","0"
"lathe-ideal-5-0.01-plus-restored","lathe","bored","ideal","real inverse support button","{""X"":0,""Y"":0,""Z"":0,""A"":0,""C"":0}","[0,0,0,0,0,0]","-2.7755575615628914e-11","0"
"lathe-ideal-5-0.01-minus","lathe","face","ideal","real raise/lower button","{""X"":0,""Y"":0,""Z"":0,""A"":0,""C"":0}","[0,0,0,0,0,-0.01]","1.3877787807814457e-11","0"
"lathe-ideal-5-0.01-minus","lathe","flat","ideal","real raise/lower button","{""X"":0,""Y"":0,""Z"":0,""A"":0,""C"":0}","[0,0,0,0,0,-0.01]","0.7500005100562895","1"
"lathe-ideal-5-0.01-minus","lathe","dx","ideal","real raise/lower button","{""X"":0,""Y"":0,""Z"":0,""A"":0,""C"":0}","[0,0,0,0,0,-0.01]","0.20000082559869686","0"
"lathe-ideal-5-0.01-minus","lathe","dy","ideal","real raise/lower button","{""X"":0,""Y"":0,""Z"":0,""A"":0,""C"":0}","[0,0,0,0,0,-0.01]","0.30088918712387924","0"
"lathe-ideal-5-0.01-minus","lathe","barSide","ideal","real raise/lower button","{""X"":0,""Y"":0,""Z"":0,""A"":0,""C"":0}","[0,0,0,0,0,-0.01]","-0.7500104360763649","-1"
"lathe-ideal-5-0.01-minus","lathe","barTop","ideal","real raise/lower button","{""X"":0,""Y"":0,""Z"":0,""A"":0,""C"":0}","[0,0,0,0,0,-0.01]","0.7499884151392078","1"
"lathe-ideal-5-0.01-minus","lathe","runoutRoot","ideal","real raise/lower button","{""X"":0,""Y"":0,""Z"":0,""A"":0,""C"":0}","[0,0,0,0,0,-0.01]","0","0"
"lathe-ideal-5-0.01-minus","lathe","runoutTip","ideal","real raise/lower button","{""X"":0,""Y"":0,""Z"":0,""A"":0,""C"":0}","[0,0,0,0,0,-0.01]","0","0"
"lathe-ideal-5-0.01-minus","lathe","borea","ideal","real raise/lower button","{""X"":0,""Y"":0,""Z"":0,""A"":0,""C"":0}","[0,0,0,0,0,-0.01]","0","0"
"lathe-ideal-5-0.01-minus","lathe","boreb","ideal","real raise/lower button","{""X"":0,""Y"":0,""Z"":0,""A"":0,""C"":0}","[0,0,0,0,0,-0.01]","-0.10088937220723015","0"
"lathe-ideal-5-0.01-minus","lathe","borec","ideal","real raise/lower button","{""X"":0,""Y"":0,""Z"":0,""A"":0,""C"":0}","[0,0,0,0,0,-0.01]","0.40000165119763453","0"
"lathe-ideal-5-0.01-minus","lathe","bored","ideal","real raise/lower button","{""X"":0,""Y"":0,""Z"":0,""A"":0,""C"":0}","[0,0,0,0,0,-0.01]","0.5008890020426204","1"
"lathe-ideal-5-0.01-minus-restored","lathe","face","ideal","real inverse support button","{""X"":0,""Y"":0,""Z"":0,""A"":0,""C"":0}","[0,0,0,0,0,0]","0","0"
"lathe-ideal-5-0.01-minus-restored","lathe","flat","ideal","real inverse support button","{""X"":0,""Y"":0,""Z"":0,""A"":0,""C"":0}","[0,0,0,0,0,0]","0","0"
"lathe-ideal-5-0.01-minus-restored","lathe","dx","ideal","real inverse support button","{""X"":0,""Y"":0,""Z"":0,""A"":0,""C"":0}","[0,0,0,0,0,0]","-2.7755575615628914e-11","0"
"lathe-ideal-5-0.01-minus-restored","lathe","dy","ideal","real inverse support button","{""X"":0,""Y"":0,""Z"":0,""A"":0,""C"":0}","[0,0,0,0,0,0]","0","0"
"lathe-ideal-5-0.01-minus-restored","lathe","barSide","ideal","real inverse support button","{""X"":0,""Y"":0,""Z"":0,""A"":0,""C"":0}","[0,0,0,0,0,0]","0","0"
"lathe-ideal-5-0.01-minus-restored","lathe","barTop","ideal","real inverse support button","{""X"":0,""Y"":0,""Z"":0,""A"":0,""C"":0}","[0,0,0,0,0,0]","0","0"
"lathe-ideal-5-0.01-minus-restored","lathe","runoutRoot","ideal","real inverse support button","{""X"":0,""Y"":0,""Z"":0,""A"":0,""C"":0}","[0,0,0,0,0,0]","0","0"
"lathe-ideal-5-0.01-minus-restored","lathe","runoutTip","ideal","real inverse support button","{""X"":0,""Y"":0,""Z"":0,""A"":0,""C"":0}","[0,0,0,0,0,0]","0","0"
"lathe-ideal-5-0.01-minus-restored","lathe","borea","ideal","real inverse support button","{""X"":0,""Y"":0,""Z"":0,""A"":0,""C"":0}","[0,0,0,0,0,0]","0","0"
"lathe-ideal-5-0.01-minus-restored","lathe","boreb","ideal","real inverse support button","{""X"":0,""Y"":0,""Z"":0,""A"":0,""C"":0}","[0,0,0,0,0,0]","-2.7755575615628914e-11","0"
"lathe-ideal-5-0.01-minus-restored","lathe","borec","ideal","real inverse support button","{""X"":0,""Y"":0,""Z"":0,""A"":0,""C"":0}","[0,0,0,0,0,0]","-5.551115123125783e-11","0"
"lathe-ideal-5-0.01-minus-restored","lathe","bored","ideal","real inverse support button","{""X"":0,""Y"":0,""Z"":0,""A"":0,""C"":0}","[0,0,0,0,0,0]","-2.7755575615628914e-11","0"
"lathe-ideal-posture-plane-positive","lathe","face","ideal","known bulk fixture via evaluate","{""X"":0,""Y"":0,""Z"":0,""A"":0,""C"":0}","[-0.0936,-0.033600000000000005,0.026399999999999993,-0.026399999999999993,0.033600000000000005,0.0936]","3.469446951953614e-12","0"
"lathe-ideal-posture-plane-positive","lathe","flat","ideal","known bulk fixture via evaluate","{""X"":0,""Y"":0,""Z"":0,""A"":0,""C"":0}","[-0.0936,-0.033600000000000005,0.026399999999999993,-0.026399999999999993,0.033600000000000005,0.0936]","0","0"
"lathe-ideal-posture-plane-positive","lathe","dx","ideal","known bulk fixture via evaluate","{""X"":0,""Y"":0,""Z"":0,""A"":0,""C"":0}","[-0.0936,-0.033600000000000005,0.026399999999999993,-0.026399999999999993,0.033600000000000005,0.0936]","-2.83125485594612e-11","0"
"lathe-ideal-posture-plane-positive","lathe","dy","ideal","known bulk fixture via evaluate","{""X"":0,""Y"":0,""Z"":0,""A"":0,""C"":0}","[-0.0936,-0.033600000000000005,0.026399999999999993,-0.026399999999999993,0.033600000000000005,0.0936]","-2.0239569650240336e-10","0"
"lathe-ideal-posture-plane-positive","lathe","barSide","ideal","known bulk fixture via evaluate","{""X"":0,""Y"":0,""Z"":0,""A"":0,""C"":0}","[-0.0936,-0.033600000000000005,0.026399999999999993,-0.026399999999999993,0.033600000000000005,0.0936]","0","0"
"lathe-ideal-posture-plane-positive","lathe","barTop","ideal","known bulk fixture via evaluate","{""X"":0,""Y"":0,""Z"":0,""A"":0,""C"":0}","[-0.0936,-0.033600000000000005,0.026399999999999993,-0.026399999999999993,0.033600000000000005,0.0936]","1.734723475976807e-11","0"
"lathe-ideal-posture-plane-positive","lathe","runoutRoot","ideal","known bulk fixture via evaluate","{""X"":0,""Y"":0,""Z"":0,""A"":0,""C"":0}","[-0.0936,-0.033600000000000005,0.026399999999999993,-0.026399999999999993,0.033600000000000005,0.0936]","0","0"
"lathe-ideal-posture-plane-positive","lathe","runoutTip","ideal","known bulk fixture via evaluate","{""X"":0,""Y"":0,""Z"":0,""A"":0,""C"":0}","[-0.0936,-0.033600000000000005,0.026399999999999993,-0.026399999999999993,0.033600000000000005,0.0936]","0","0"
"lathe-ideal-posture-plane-positive","lathe","borea","ideal","known bulk fixture via evaluate","{""X"":0,""Y"":0,""Z"":0,""A"":0,""C"":0}","[-0.0936,-0.033600000000000005,0.026399999999999993,-0.026399999999999993,0.033600000000000005,0.0936]","0","0"
"lathe-ideal-posture-plane-positive","lathe","boreb","ideal","known bulk fixture via evaluate","{""X"":0,""Y"":0,""Z"":0,""A"":0,""C"":0}","[-0.0936,-0.033600000000000005,0.026399999999999993,-0.026399999999999993,0.033600000000000005,0.0936]","1.734723475976807e-10","0"
"lathe-ideal-posture-plane-positive","lathe","borec","ideal","known bulk fixture via evaluate","{""X"":0,""Y"":0,""Z"":0,""A"":0,""C"":0}","[-0.0936,-0.033600000000000005,0.026399999999999993,-0.026399999999999993,0.033600000000000005,0.0936]","-5.551115123125783e-11","0"
"lathe-ideal-posture-plane-positive","lathe","bored","ideal","known bulk fixture via evaluate","{""X"":0,""Y"":0,""Z"":0,""A"":0,""C"":0}","[-0.0936,-0.033600000000000005,0.026399999999999993,-0.026399999999999993,0.033600000000000005,0.0936]","-2.2898349882893854e-10","0"
"lathe-ideal-plane-positive-X-100","lathe","face","ideal","bulk support fixture; real axis slider","{""X"":-100,""Y"":0,""Z"":0,""A"":0,""C"":0}","[-0.0936,-0.033600000000000005,0.026399999999999993,-0.026399999999999993,0.033600000000000005,0.0936]","3.469446951953614e-12","0"
"lathe-ideal-plane-positive-X-100","lathe","flat","ideal","bulk support fixture; real axis slider","{""X"":-100,""Y"":0,""Z"":0,""A"":0,""C"":0}","[-0.0936,-0.033600000000000005,0.026399999999999993,-0.026399999999999993,0.033600000000000005,0.0936]","0","0"
"lathe-ideal-plane-positive-X-100","lathe","dx","ideal","bulk support fixture; real axis slider","{""X"":-100,""Y"":0,""Z"":0,""A"":0,""C"":0}","[-0.0936,-0.033600000000000005,0.026399999999999993,-0.026399999999999993,0.033600000000000005,0.0936]","-2.83125485594612e-11","0"
"lathe-ideal-plane-positive-X-100","lathe","dy","ideal","bulk support fixture; real axis slider","{""X"":-100,""Y"":0,""Z"":0,""A"":0,""C"":0}","[-0.0936,-0.033600000000000005,0.026399999999999993,-0.026399999999999993,0.033600000000000005,0.0936]","-2.0239569650240336e-10","0"
"lathe-ideal-plane-positive-X-100","lathe","barSide","ideal","bulk support fixture; real axis slider","{""X"":-100,""Y"":0,""Z"":0,""A"":0,""C"":0}","[-0.0936,-0.033600000000000005,0.026399999999999993,-0.026399999999999993,0.033600000000000005,0.0936]","0","0"
"lathe-ideal-plane-positive-X-100","lathe","barTop","ideal","bulk support fixture; real axis slider","{""X"":-100,""Y"":0,""Z"":0,""A"":0,""C"":0}","[-0.0936,-0.033600000000000005,0.026399999999999993,-0.026399999999999993,0.033600000000000005,0.0936]","1.734723475976807e-11","0"
"lathe-ideal-plane-positive-X-100","lathe","runoutRoot","ideal","bulk support fixture; real axis slider","{""X"":-100,""Y"":0,""Z"":0,""A"":0,""C"":0}","[-0.0936,-0.033600000000000005,0.026399999999999993,-0.026399999999999993,0.033600000000000005,0.0936]","0","0"
"lathe-ideal-plane-positive-X-100","lathe","runoutTip","ideal","bulk support fixture; real axis slider","{""X"":-100,""Y"":0,""Z"":0,""A"":0,""C"":0}","[-0.0936,-0.033600000000000005,0.026399999999999993,-0.026399999999999993,0.033600000000000005,0.0936]","0","0"
"lathe-ideal-plane-positive-X-100","lathe","borea","ideal","bulk support fixture; real axis slider","{""X"":-100,""Y"":0,""Z"":0,""A"":0,""C"":0}","[-0.0936,-0.033600000000000005,0.026399999999999993,-0.026399999999999993,0.033600000000000005,0.0936]","0","0"
"lathe-ideal-plane-positive-X-100","lathe","boreb","ideal","bulk support fixture; real axis slider","{""X"":-100,""Y"":0,""Z"":0,""A"":0,""C"":0}","[-0.0936,-0.033600000000000005,0.026399999999999993,-0.026399999999999993,0.033600000000000005,0.0936]","1.734723475976807e-10","0"
"lathe-ideal-plane-positive-X-100","lathe","borec","ideal","bulk support fixture; real axis slider","{""X"":-100,""Y"":0,""Z"":0,""A"":0,""C"":0}","[-0.0936,-0.033600000000000005,0.026399999999999993,-0.026399999999999993,0.033600000000000005,0.0936]","-5.551115123125783e-11","0"
"lathe-ideal-plane-positive-X-100","lathe","bored","ideal","bulk support fixture; real axis slider","{""X"":-100,""Y"":0,""Z"":0,""A"":0,""C"":0}","[-0.0936,-0.033600000000000005,0.026399999999999993,-0.026399999999999993,0.033600000000000005,0.0936]","-2.2898349882893854e-10","0"
"lathe-ideal-plane-positive-X100","lathe","face","ideal","bulk support fixture; real axis slider","{""X"":100,""Y"":0,""Z"":0,""A"":0,""C"":0}","[-0.0936,-0.033600000000000005,0.026399999999999993,-0.026399999999999993,0.033600000000000005,0.0936]","3.469446951953614e-12","0"
"lathe-ideal-plane-positive-X100","lathe","flat","ideal","bulk support fixture; real axis slider","{""X"":100,""Y"":0,""Z"":0,""A"":0,""C"":0}","[-0.0936,-0.033600000000000005,0.026399999999999993,-0.026399999999999993,0.033600000000000005,0.0936]","0","0"
"lathe-ideal-plane-positive-X100","lathe","dx","ideal","bulk support fixture; real axis slider","{""X"":100,""Y"":0,""Z"":0,""A"":0,""C"":0}","[-0.0936,-0.033600000000000005,0.026399999999999993,-0.026399999999999993,0.033600000000000005,0.0936]","-2.83125485594612e-11","0"
"lathe-ideal-plane-positive-X100","lathe","dy","ideal","bulk support fixture; real axis slider","{""X"":100,""Y"":0,""Z"":0,""A"":0,""C"":0}","[-0.0936,-0.033600000000000005,0.026399999999999993,-0.026399999999999993,0.033600000000000005,0.0936]","-2.0239569650240336e-10","0"
"lathe-ideal-plane-positive-X100","lathe","barSide","ideal","bulk support fixture; real axis slider","{""X"":100,""Y"":0,""Z"":0,""A"":0,""C"":0}","[-0.0936,-0.033600000000000005,0.026399999999999993,-0.026399999999999993,0.033600000000000005,0.0936]","0","0"
"lathe-ideal-plane-positive-X100","lathe","barTop","ideal","bulk support fixture; real axis slider","{""X"":100,""Y"":0,""Z"":0,""A"":0,""C"":0}","[-0.0936,-0.033600000000000005,0.026399999999999993,-0.026399999999999993,0.033600000000000005,0.0936]","1.734723475976807e-11","0"
"lathe-ideal-plane-positive-X100","lathe","runoutRoot","ideal","bulk support fixture; real axis slider","{""X"":100,""Y"":0,""Z"":0,""A"":0,""C"":0}","[-0.0936,-0.033600000000000005,0.026399999999999993,-0.026399999999999993,0.033600000000000005,0.0936]","0","0"
"lathe-ideal-plane-positive-X100","lathe","runoutTip","ideal","bulk support fixture; real axis slider","{""X"":100,""Y"":0,""Z"":0,""A"":0,""C"":0}","[-0.0936,-0.033600000000000005,0.026399999999999993,-0.026399999999999993,0.033600000000000005,0.0936]","0","0"
"lathe-ideal-plane-positive-X100","lathe","borea","ideal","bulk support fixture; real axis slider","{""X"":100,""Y"":0,""Z"":0,""A"":0,""C"":0}","[-0.0936,-0.033600000000000005,0.026399999999999993,-0.026399999999999993,0.033600000000000005,0.0936]","0","0"
"lathe-ideal-plane-positive-X100","lathe","boreb","ideal","bulk support fixture; real axis slider","{""X"":100,""Y"":0,""Z"":0,""A"":0,""C"":0}","[-0.0936,-0.033600000000000005,0.026399999999999993,-0.026399999999999993,0.033600000000000005,0.0936]","1.734723475976807e-10","0"
"lathe-ideal-plane-positive-X100","lathe","borec","ideal","bulk support fixture; real axis slider","{""X"":100,""Y"":0,""Z"":0,""A"":0,""C"":0}","[-0.0936,-0.033600000000000005,0.026399999999999993,-0.026399999999999993,0.033600000000000005,0.0936]","-5.551115123125783e-11","0"
"lathe-ideal-plane-positive-X100","lathe","bored","ideal","bulk support fixture; real axis slider","{""X"":100,""Y"":0,""Z"":0,""A"":0,""C"":0}","[-0.0936,-0.033600000000000005,0.026399999999999993,-0.026399999999999993,0.033600000000000005,0.0936]","-2.2898349882893854e-10","0"
"lathe-ideal-plane-positive-Z-100","lathe","face","ideal","bulk support fixture; real axis slider","{""X"":0,""Y"":0,""Z"":-100,""A"":0,""C"":0}","[-0.0936,-0.033600000000000005,0.026399999999999993,-0.026399999999999993,0.033600000000000005,0.0936]","-7.979727989493313e-11","0"
"lathe-ideal-plane-positive-Z-100","lathe","flat","ideal","bulk support fixture; real axis slider","{""X"":0,""Y"":0,""Z"":-100,""A"":0,""C"":0}","[-0.0936,-0.033600000000000005,0.026399999999999993,-0.026399999999999993,0.033600000000000005,0.0936]","0","0"
"lathe-ideal-plane-positive-Z-100","lathe","dx","ideal","bulk support fixture; real axis slider","{""X"":0,""Y"":0,""Z"":-100,""A"":0,""C"":0}","[-0.0936,-0.033600000000000005,0.026399999999999993,-0.026399999999999993,0.033600000000000005,0.0936]","-2.831058240284395e-11","0"
"lathe-ideal-plane-positive-Z-100","lathe","dy","ideal","bulk support fixture; real axis slider","{""X"":0,""Y"":0,""Z"":-100,""A"":0,""C"":0}","[-0.0936,-0.033600000000000005,0.026399999999999993,-0.026399999999999993,0.033600000000000005,0.0936]","-1.5323559830965828e-10","0"
"lathe-ideal-plane-positive-Z-100","lathe","barSide","ideal","bulk support fixture; real axis slider","{""X"":0,""Y"":0,""Z"":-100,""A"":0,""C"":0}","[-0.0936,-0.033600000000000005,0.026399999999999993,-0.026399999999999993,0.033600000000000005,0.0936]","0","0"
"lathe-ideal-plane-positive-Z-100","lathe","barTop","ideal","bulk support fixture; real axis slider","{""X"":0,""Y"":0,""Z"":-100,""A"":0,""C"":0}","[-0.0936,-0.033600000000000005,0.026399999999999993,-0.026399999999999993,0.033600000000000005,0.0936]","2.0816681711721685e-11","0"
"lathe-ideal-plane-positive-Z-100","lathe","runoutRoot","ideal","bulk support fixture; real axis slider","{""X"":0,""Y"":0,""Z"":-100,""A"":0,""C"":0}","[-0.0936,-0.033600000000000005,0.026399999999999993,-0.026399999999999993,0.033600000000000005,0.0936]","0","0"
"lathe-ideal-plane-positive-Z-100","lathe","runoutTip","ideal","bulk support fixture; real axis slider","{""X"":0,""Y"":0,""Z"":-100,""A"":0,""C"":0}","[-0.0936,-0.033600000000000005,0.026399999999999993,-0.026399999999999993,0.033600000000000005,0.0936]","0","0"
"lathe-ideal-plane-positive-Z-100","lathe","borea","ideal","bulk support fixture; real axis slider","{""X"":0,""Y"":0,""Z"":-100,""A"":0,""C"":0}","[-0.0936,-0.033600000000000005,0.026399999999999993,-0.026399999999999993,0.033600000000000005,0.0936]","0","0"
"lathe-ideal-plane-positive-Z-100","lathe","boreb","ideal","bulk support fixture; real axis slider","{""X"":0,""Y"":0,""Z"":-100,""A"":0,""C"":0}","[-0.0936,-0.033600000000000005,0.026399999999999993,-0.026399999999999993,0.033600000000000005,0.0936]","1.249000902703301e-10","0"
"lathe-ideal-plane-positive-Z-100","lathe","borec","ideal","bulk support fixture; real axis slider","{""X"":0,""Y"":0,""Z"":-100,""A"":0,""C"":0}","[-0.0936,-0.033600000000000005,0.026399999999999993,-0.026399999999999993,0.033600000000000005,0.0936]","-5.551115123125783e-11","0"
"lathe-ideal-plane-positive-Z-100","lathe","bored","ideal","bulk support fixture; real axis slider","{""X"":0,""Y"":0,""Z"":-100,""A"":0,""C"":0}","[-0.0936,-0.033600000000000005,0.026399999999999993,-0.026399999999999993,0.033600000000000005,0.0936]","-1.8041124150158794e-10","0"
"lathe-ideal-plane-positive-Z100","lathe","face","ideal","bulk support fixture; real axis slider","{""X"":0,""Y"":0,""Z"":100,""A"":0,""C"":0}","[-0.0936,-0.033600000000000005,0.026399999999999993,-0.026399999999999993,0.033600000000000005,0.0936]","-7.979727989493313e-11","0"
"lathe-ideal-plane-positive-Z100","lathe","flat","ideal","bulk support fixture; real axis slider","{""X"":0,""Y"":0,""Z"":100,""A"":0,""C"":0}","[-0.0936,-0.033600000000000005,0.026399999999999993,-0.026399999999999993,0.033600000000000005,0.0936]","0","0"
"lathe-ideal-plane-positive-Z100","lathe","dx","ideal","bulk support fixture; real axis slider","{""X"":0,""Y"":0,""Z"":100,""A"":0,""C"":0}","[-0.0936,-0.033600000000000005,0.026399999999999993,-0.026399999999999993,0.033600000000000005,0.0936]","-2.831451476777724e-11","0"
"lathe-ideal-plane-positive-Z100","lathe","dy","ideal","bulk support fixture; real axis slider","{""X"":0,""Y"":0,""Z"":100,""A"":0,""C"":0}","[-0.0936,-0.033600000000000005,0.026399999999999993,-0.026399999999999993,0.033600000000000005,0.0936]","-2.5154732436567593e-10","0"
"lathe-ideal-plane-positive-Z100","lathe","barSide","ideal","bulk support fixture; real axis slider","{""X"":0,""Y"":0,""Z"":100,""A"":0,""C"":0}","[-0.0936,-0.033600000000000005,0.026399999999999993,-0.026399999999999993,0.033600000000000005,0.0936]","0","0"
"lathe-ideal-plane-positive-Z100","lathe","barTop","ideal","bulk support fixture; real axis slider","{""X"":0,""Y"":0,""Z"":100,""A"":0,""C"":0}","[-0.0936,-0.033600000000000005,0.026399999999999993,-0.026399999999999993,0.033600000000000005,0.0936]","1.734723475976807e-11","0"
"lathe-ideal-plane-positive-Z100","lathe","runoutRoot","ideal","bulk support fixture; real axis slider","{""X"":0,""Y"":0,""Z"":100,""A"":0,""C"":0}","[-0.0936,-0.033600000000000005,0.026399999999999993,-0.026399999999999993,0.033600000000000005,0.0936]","0","0"
"lathe-ideal-plane-positive-Z100","lathe","runoutTip","ideal","bulk support fixture; real axis slider","{""X"":0,""Y"":0,""Z"":100,""A"":0,""C"":0}","[-0.0936,-0.033600000000000005,0.026399999999999993,-0.026399999999999993,0.033600000000000005,0.0936]","0","0"
"lathe-ideal-plane-positive-Z100","lathe","borea","ideal","bulk support fixture; real axis slider","{""X"":0,""Y"":0,""Z"":100,""A"":0,""C"":0}","[-0.0936,-0.033600000000000005,0.026399999999999993,-0.026399999999999993,0.033600000000000005,0.0936]","0","0"
"lathe-ideal-plane-positive-Z100","lathe","boreb","ideal","bulk support fixture; real axis slider","{""X"":0,""Y"":0,""Z"":100,""A"":0,""C"":0}","[-0.0936,-0.033600000000000005,0.026399999999999993,-0.026399999999999993,0.033600000000000005,0.0936]","2.2551405187698492e-10","0"
"lathe-ideal-plane-positive-Z100","lathe","borec","ideal","bulk support fixture; real axis slider","{""X"":0,""Y"":0,""Z"":100,""A"":0,""C"":0}","[-0.0936,-0.033600000000000005,0.026399999999999993,-0.026399999999999993,0.033600000000000005,0.0936]","-5.551115123125783e-11","0"
"lathe-ideal-plane-positive-Z100","lathe","bored","ideal","bulk support fixture; real axis slider","{""X"":0,""Y"":0,""Z"":100,""A"":0,""C"":0}","[-0.0936,-0.033600000000000005,0.026399999999999993,-0.026399999999999993,0.033600000000000005,0.0936]","-2.8102520310824275e-10","0"
"lathe-ideal-posture-plane-negative","lathe","face","ideal","known bulk fixture via evaluate","{""X"":0,""Y"":0,""Z"":0,""A"":0,""C"":0}","[0.0936,0.033600000000000005,-0.026399999999999993,0.026399999999999993,-0.033600000000000005,-0.0936]","3.469446951953614e-12","0"
"lathe-ideal-posture-plane-negative","lathe","flat","ideal","known bulk fixture via evaluate","{""X"":0,""Y"":0,""Z"":0,""A"":0,""C"":0}","[0.0936,0.033600000000000005,-0.026399999999999993,0.026399999999999993,-0.033600000000000005,-0.0936]","0","0"
"lathe-ideal-posture-plane-negative","lathe","dx","ideal","known bulk fixture via evaluate","{""X"":0,""Y"":0,""Z"":0,""A"":0,""C"":0}","[0.0936,0.033600000000000005,-0.026399999999999993,0.026399999999999993,-0.033600000000000005,-0.0936]","-2.7214793860697832e-11","0"
"lathe-ideal-posture-plane-negative","lathe","dy","ideal","known bulk fixture via evaluate","{""X"":0,""Y"":0,""Z"":0,""A"":0,""C"":0}","[0.0936,0.033600000000000005,-0.026399999999999993,0.026399999999999993,-0.033600000000000005,-0.0936]","2.023957404125913e-10","0"
"lathe-ideal-posture-plane-negative","lathe","barSide","ideal","known bulk fixture via evaluate","{""X"":0,""Y"":0,""Z"":0,""A"":0,""C"":0}","[0.0936,0.033600000000000005,-0.026399999999999993,0.026399999999999993,-0.033600000000000005,-0.0936]","0","0"
"lathe-ideal-posture-plane-negative","lathe","barTop","ideal","known bulk fixture via evaluate","{""X"":0,""Y"":0,""Z"":0,""A"":0,""C"":0}","[0.0936,0.033600000000000005,-0.026399999999999993,0.026399999999999993,-0.033600000000000005,-0.0936]","-2.0816681711721685e-11","0"
"lathe-ideal-posture-plane-negative","lathe","runoutRoot","ideal","known bulk fixture via evaluate","{""X"":0,""Y"":0,""Z"":0,""A"":0,""C"":0}","[0.0936,0.033600000000000005,-0.026399999999999993,0.026399999999999993,-0.033600000000000005,-0.0936]","0","0"
"lathe-ideal-posture-plane-negative","lathe","runoutTip","ideal","known bulk fixture via evaluate","{""X"":0,""Y"":0,""Z"":0,""A"":0,""C"":0}","[0.0936,0.033600000000000005,-0.026399999999999993,0.026399999999999993,-0.033600000000000005,-0.0936]","0","0"
"lathe-ideal-posture-plane-negative","lathe","borea","ideal","known bulk fixture via evaluate","{""X"":0,""Y"":0,""Z"":0,""A"":0,""C"":0}","[0.0936,0.033600000000000005,-0.026399999999999993,0.026399999999999993,-0.033600000000000005,-0.0936]","0","0"
"lathe-ideal-posture-plane-negative","lathe","boreb","ideal","known bulk fixture via evaluate","{""X"":0,""Y"":0,""Z"":0,""A"":0,""C"":0}","[0.0936,0.033600000000000005,-0.026399999999999993,0.026399999999999993,-0.033600000000000005,-0.0936]","-2.2898349882893854e-10","0"
"lathe-ideal-posture-plane-negative","lathe","borec","ideal","known bulk fixture via evaluate","{""X"":0,""Y"":0,""Z"":0,""A"":0,""C"":0}","[0.0936,0.033600000000000005,-0.026399999999999993,0.026399999999999993,-0.033600000000000005,-0.0936]","-5.551115123125783e-11","0"
"lathe-ideal-posture-plane-negative","lathe","bored","ideal","known bulk fixture via evaluate","{""X"":0,""Y"":0,""Z"":0,""A"":0,""C"":0}","[0.0936,0.033600000000000005,-0.026399999999999993,0.026399999999999993,-0.033600000000000005,-0.0936]","1.734723475976807e-10","0"
"lathe-ideal-plane-negative-X-100","lathe","face","ideal","bulk support fixture; real axis slider","{""X"":-100,""Y"":0,""Z"":0,""A"":0,""C"":0}","[0.0936,0.033600000000000005,-0.026399999999999993,0.026399999999999993,-0.033600000000000005,-0.0936]","3.469446951953614e-12","0"
"lathe-ideal-plane-negative-X-100","lathe","flat","ideal","bulk support fixture; real axis slider","{""X"":-100,""Y"":0,""Z"":0,""A"":0,""C"":0}","[0.0936,0.033600000000000005,-0.026399999999999993,0.026399999999999993,-0.033600000000000005,-0.0936]","0","0"
"lathe-ideal-plane-negative-X-100","lathe","dx","ideal","bulk support fixture; real axis slider","{""X"":-100,""Y"":0,""Z"":0,""A"":0,""C"":0}","[0.0936,0.033600000000000005,-0.026399999999999993,0.026399999999999993,-0.033600000000000005,-0.0936]","-2.7214793860697832e-11","0"
"lathe-ideal-plane-negative-X-100","lathe","dy","ideal","bulk support fixture; real axis slider","{""X"":-100,""Y"":0,""Z"":0,""A"":0,""C"":0}","[0.0936,0.033600000000000005,-0.026399999999999993,0.026399999999999993,-0.033600000000000005,-0.0936]","2.023957404125913e-10","0"
"lathe-ideal-plane-negative-X-100","lathe","barSide","ideal","bulk support fixture; real axis slider","{""X"":-100,""Y"":0,""Z"":0,""A"":0,""C"":0}","[0.0936,0.033600000000000005,-0.026399999999999993,0.026399999999999993,-0.033600000000000005,-0.0936]","0","0"
"lathe-ideal-plane-negative-X-100","lathe","barTop","ideal","bulk support fixture; real axis slider","{""X"":-100,""Y"":0,""Z"":0,""A"":0,""C"":0}","[0.0936,0.033600000000000005,-0.026399999999999993,0.026399999999999993,-0.033600000000000005,-0.0936]","-2.0816681711721685e-11","0"
"lathe-ideal-plane-negative-X-100","lathe","runoutRoot","ideal","bulk support fixture; real axis slider","{""X"":-100,""Y"":0,""Z"":0,""A"":0,""C"":0}","[0.0936,0.033600000000000005,-0.026399999999999993,0.026399999999999993,-0.033600000000000005,-0.0936]","0","0"
"lathe-ideal-plane-negative-X-100","lathe","runoutTip","ideal","bulk support fixture; real axis slider","{""X"":-100,""Y"":0,""Z"":0,""A"":0,""C"":0}","[0.0936,0.033600000000000005,-0.026399999999999993,0.026399999999999993,-0.033600000000000005,-0.0936]","0","0"
"lathe-ideal-plane-negative-X-100","lathe","borea","ideal","bulk support fixture; real axis slider","{""X"":-100,""Y"":0,""Z"":0,""A"":0,""C"":0}","[0.0936,0.033600000000000005,-0.026399999999999993,0.026399999999999993,-0.033600000000000005,-0.0936]","0","0"
"lathe-ideal-plane-negative-X-100","lathe","boreb","ideal","bulk support fixture; real axis slider","{""X"":-100,""Y"":0,""Z"":0,""A"":0,""C"":0}","[0.0936,0.033600000000000005,-0.026399999999999993,0.026399999999999993,-0.033600000000000005,-0.0936]","-2.2898349882893854e-10","0"
"lathe-ideal-plane-negative-X-100","lathe","borec","ideal","bulk support fixture; real axis slider","{""X"":-100,""Y"":0,""Z"":0,""A"":0,""C"":0}","[0.0936,0.033600000000000005,-0.026399999999999993,0.026399999999999993,-0.033600000000000005,-0.0936]","-5.551115123125783e-11","0"
"lathe-ideal-plane-negative-X-100","lathe","bored","ideal","bulk support fixture; real axis slider","{""X"":-100,""Y"":0,""Z"":0,""A"":0,""C"":0}","[0.0936,0.033600000000000005,-0.026399999999999993,0.026399999999999993,-0.033600000000000005,-0.0936]","1.734723475976807e-10","0"
"lathe-ideal-plane-negative-X100","lathe","face","ideal","bulk support fixture; real axis slider","{""X"":100,""Y"":0,""Z"":0,""A"":0,""C"":0}","[0.0936,0.033600000000000005,-0.026399999999999993,0.026399999999999993,-0.033600000000000005,-0.0936]","3.469446951953614e-12","0"
"lathe-ideal-plane-negative-X100","lathe","flat","ideal","bulk support fixture; real axis slider","{""X"":100,""Y"":0,""Z"":0,""A"":0,""C"":0}","[0.0936,0.033600000000000005,-0.026399999999999993,0.026399999999999993,-0.033600000000000005,-0.0936]","0","0"
"lathe-ideal-plane-negative-X100","lathe","dx","ideal","bulk support fixture; real axis slider","{""X"":100,""Y"":0,""Z"":0,""A"":0,""C"":0}","[0.0936,0.033600000000000005,-0.026399999999999993,0.026399999999999993,-0.033600000000000005,-0.0936]","-2.7214793860697832e-11","0"
"lathe-ideal-plane-negative-X100","lathe","dy","ideal","bulk support fixture; real axis slider","{""X"":100,""Y"":0,""Z"":0,""A"":0,""C"":0}","[0.0936,0.033600000000000005,-0.026399999999999993,0.026399999999999993,-0.033600000000000005,-0.0936]","2.023957404125913e-10","0"
"lathe-ideal-plane-negative-X100","lathe","barSide","ideal","bulk support fixture; real axis slider","{""X"":100,""Y"":0,""Z"":0,""A"":0,""C"":0}","[0.0936,0.033600000000000005,-0.026399999999999993,0.026399999999999993,-0.033600000000000005,-0.0936]","0","0"
"lathe-ideal-plane-negative-X100","lathe","barTop","ideal","bulk support fixture; real axis slider","{""X"":100,""Y"":0,""Z"":0,""A"":0,""C"":0}","[0.0936,0.033600000000000005,-0.026399999999999993,0.026399999999999993,-0.033600000000000005,-0.0936]","-2.0816681711721685e-11","0"
"lathe-ideal-plane-negative-X100","lathe","runoutRoot","ideal","bulk support fixture; real axis slider","{""X"":100,""Y"":0,""Z"":0,""A"":0,""C"":0}","[0.0936,0.033600000000000005,-0.026399999999999993,0.026399999999999993,-0.033600000000000005,-0.0936]","0","0"
"lathe-ideal-plane-negative-X100","lathe","runoutTip","ideal","bulk support fixture; real axis slider","{""X"":100,""Y"":0,""Z"":0,""A"":0,""C"":0}","[0.0936,0.033600000000000005,-0.026399999999999993,0.026399999999999993,-0.033600000000000005,-0.0936]","0","0"
"lathe-ideal-plane-negative-X100","lathe","borea","ideal","bulk support fixture; real axis slider","{""X"":100,""Y"":0,""Z"":0,""A"":0,""C"":0}","[0.0936,0.033600000000000005,-0.026399999999999993,0.026399999999999993,-0.033600000000000005,-0.0936]","0","0"
"lathe-ideal-plane-negative-X100","lathe","boreb","ideal","bulk support fixture; real axis slider","{""X"":100,""Y"":0,""Z"":0,""A"":0,""C"":0}","[0.0936,0.033600000000000005,-0.026399999999999993,0.026399999999999993,-0.033600000000000005,-0.0936]","-2.2898349882893854e-10","0"
"lathe-ideal-plane-negative-X100","lathe","borec","ideal","bulk support fixture; real axis slider","{""X"":100,""Y"":0,""Z"":0,""A"":0,""C"":0}","[0.0936,0.033600000000000005,-0.026399999999999993,0.026399999999999993,-0.033600000000000005,-0.0936]","-5.551115123125783e-11","0"
"lathe-ideal-plane-negative-X100","lathe","bored","ideal","bulk support fixture; real axis slider","{""X"":100,""Y"":0,""Z"":0,""A"":0,""C"":0}","[0.0936,0.033600000000000005,-0.026399999999999993,0.026399999999999993,-0.033600000000000005,-0.0936]","1.734723475976807e-10","0"
"lathe-ideal-plane-negative-Z-100","lathe","face","ideal","bulk support fixture; real axis slider","{""X"":0,""Y"":0,""Z"":-100,""A"":0,""C"":0}","[0.0936,0.033600000000000005,-0.026399999999999993,0.026399999999999993,-0.033600000000000005,-0.0936]","3.122502256758253e-11","0"
"lathe-ideal-plane-negative-Z-100","lathe","flat","ideal","bulk support fixture; real axis slider","{""X"":0,""Y"":0,""Z"":-100,""A"":0,""C"":0}","[0.0936,0.033600000000000005,-0.026399999999999993,0.026399999999999993,-0.033600000000000005,-0.0936]","0","0"
"lathe-ideal-plane-negative-Z-100","lathe","dx","ideal","bulk support fixture; real axis slider","{""X"":0,""Y"":0,""Z"":-100,""A"":0,""C"":0}","[0.0936,0.033600000000000005,-0.026399999999999993,0.026399999999999993,-0.033600000000000005,-0.0936]","-2.7212827704080582e-11","0"
"lathe-ideal-plane-negative-Z-100","lathe","dy","ideal","bulk support fixture; real axis slider","{""X"":0,""Y"":0,""Z"":-100,""A"":0,""C"":0}","[0.0936,0.033600000000000005,-0.026399999999999993,0.026399999999999993,-0.033600000000000005,-0.0936]","1.532356422198462e-10","0"
"lathe-ideal-plane-negative-Z-100","lathe","barSide","ideal","bulk support fixture; real axis slider","{""X"":0,""Y"":0,""Z"":-100,""A"":0,""C"":0}","[0.0936,0.033600000000000005,-0.026399999999999993,0.026399999999999993,-0.033600000000000005,-0.0936]","0","0"
"lathe-ideal-plane-negative-Z-100","lathe","barTop","ideal","bulk support fixture; real axis slider","{""X"":0,""Y"":0,""Z"":-100,""A"":0,""C"":0}","[0.0936,0.033600000000000005,-0.026399999999999993,0.026399999999999993,-0.033600000000000005,-0.0936]","-2.42861286636753e-11","0"
"lathe-ideal-plane-negative-Z-100","lathe","runoutRoot","ideal","bulk support fixture; real axis slider","{""X"":0,""Y"":0,""Z"":-100,""A"":0,""C"":0}","[0.0936,0.033600000000000005,-0.026399999999999993,0.026399999999999993,-0.033600000000000005,-0.0936]","0","0"
"lathe-ideal-plane-negative-Z-100","lathe","runoutTip","ideal","bulk support fixture; real axis slider","{""X"":0,""Y"":0,""Z"":-100,""A"":0,""C"":0}","[0.0936,0.033600000000000005,-0.026399999999999993,0.026399999999999993,-0.033600000000000005,-0.0936]","0","0"
"lathe-ideal-plane-negative-Z-100","lathe","borea","ideal","bulk support fixture; real axis slider","{""X"":0,""Y"":0,""Z"":-100,""A"":0,""C"":0}","[0.0936,0.033600000000000005,-0.026399999999999993,0.026399999999999993,-0.033600000000000005,-0.0936]","0","0"
"lathe-ideal-plane-negative-Z-100","lathe","boreb","ideal","bulk support fixture; real axis slider","{""X"":0,""Y"":0,""Z"":-100,""A"":0,""C"":0}","[0.0936,0.033600000000000005,-0.026399999999999993,0.026399999999999993,-0.033600000000000005,-0.0936]","-1.8041124150158794e-10","0"
"lathe-ideal-plane-negative-Z-100","lathe","borec","ideal","bulk support fixture; real axis slider","{""X"":0,""Y"":0,""Z"":-100,""A"":0,""C"":0}","[0.0936,0.033600000000000005,-0.026399999999999993,0.026399999999999993,-0.033600000000000005,-0.0936]","-5.551115123125783e-11","0"
"lathe-ideal-plane-negative-Z-100","lathe","bored","ideal","bulk support fixture; real axis slider","{""X"":0,""Y"":0,""Z"":-100,""A"":0,""C"":0}","[0.0936,0.033600000000000005,-0.026399999999999993,0.026399999999999993,-0.033600000000000005,-0.0936]","1.249000902703301e-10","0"
"lathe-ideal-plane-negative-Z100","lathe","face","ideal","bulk support fixture; real axis slider","{""X"":0,""Y"":0,""Z"":100,""A"":0,""C"":0}","[0.0936,0.033600000000000005,-0.026399999999999993,0.026399999999999993,-0.033600000000000005,-0.0936]","3.122502256758253e-11","0"
"lathe-ideal-plane-negative-Z100","lathe","flat","ideal","bulk support fixture; real axis slider","{""X"":0,""Y"":0,""Z"":100,""A"":0,""C"":0}","[0.0936,0.033600000000000005,-0.026399999999999993,0.026399999999999993,-0.033600000000000005,-0.0936]","0","0"
"lathe-ideal-plane-negative-Z100","lathe","dx","ideal","bulk support fixture; real axis slider","{""X"":0,""Y"":0,""Z"":100,""A"":0,""C"":0}","[0.0936,0.033600000000000005,-0.026399999999999993,0.026399999999999993,-0.033600000000000005,-0.0936]","-2.721676006901387e-11","0"
"lathe-ideal-plane-negative-Z100","lathe","dy","ideal","bulk support fixture; real axis slider","{""X"":0,""Y"":0,""Z"":100,""A"":0,""C"":0}","[0.0936,0.033600000000000005,-0.026399999999999993,0.026399999999999993,-0.033600000000000005,-0.0936]","2.515473682758638e-10","0"
"lathe-ideal-plane-negative-Z100","lathe","barSide","ideal","bulk support fixture; real axis slider","{""X"":0,""Y"":0,""Z"":100,""A"":0,""C"":0}","[0.0936,0.033600000000000005,-0.026399999999999993,0.026399999999999993,-0.033600000000000005,-0.0936]","0","0"
"lathe-ideal-plane-negative-Z100","lathe","barTop","ideal","bulk support fixture; real axis slider","{""X"":0,""Y"":0,""Z"":100,""A"":0,""C"":0}","[0.0936,0.033600000000000005,-0.026399999999999993,0.026399999999999993,-0.033600000000000005,-0.0936]","-2.0816681711721685e-11","0"
"lathe-ideal-plane-negative-Z100","lathe","runoutRoot","ideal","bulk support fixture; real axis slider","{""X"":0,""Y"":0,""Z"":100,""A"":0,""C"":0}","[0.0936,0.033600000000000005,-0.026399999999999993,0.026399999999999993,-0.033600000000000005,-0.0936]","0","0"
"lathe-ideal-plane-negative-Z100","lathe","runoutTip","ideal","bulk support fixture; real axis slider","{""X"":0,""Y"":0,""Z"":100,""A"":0,""C"":0}","[0.0936,0.033600000000000005,-0.026399999999999993,0.026399999999999993,-0.033600000000000005,-0.0936]","0","0"
"lathe-ideal-plane-negative-Z100","lathe","borea","ideal","bulk support fixture; real axis slider","{""X"":0,""Y"":0,""Z"":100,""A"":0,""C"":0}","[0.0936,0.033600000000000005,-0.026399999999999993,0.026399999999999993,-0.033600000000000005,-0.0936]","0","0"
"lathe-ideal-plane-negative-Z100","lathe","boreb","ideal","bulk support fixture; real axis slider","{""X"":0,""Y"":0,""Z"":100,""A"":0,""C"":0}","[0.0936,0.033600000000000005,-0.026399999999999993,0.026399999999999993,-0.033600000000000005,-0.0936]","-2.8102520310824275e-10","0"
"lathe-ideal-plane-negative-Z100","lathe","borec","ideal","bulk support fixture; real axis slider","{""X"":0,""Y"":0,""Z"":100,""A"":0,""C"":0}","[0.0936,0.033600000000000005,-0.026399999999999993,0.026399999999999993,-0.033600000000000005,-0.0936]","-5.551115123125783e-11","0"
"lathe-ideal-plane-negative-Z100","lathe","bored","ideal","bulk support fixture; real axis slider","{""X"":0,""Y"":0,""Z"":100,""A"":0,""C"":0}","[0.0936,0.033600000000000005,-0.026399999999999993,0.026399999999999993,-0.033600000000000005,-0.0936]","2.2551405187698492e-10","0"
"lathe-ideal-posture-.01","lathe","face","ideal","known bulk fixture via evaluate","{""X"":0,""Y"":0,""Z"":0,""A"":0,""C"":0}","[0.016800000000000002,0,-0.016800000000000002,-0.016800000000000002,0,0.016800000000000002]","1.734723475976807e-11","0"
"lathe-ideal-posture-.01","lathe","flat","ideal","known bulk fixture via evaluate","{""X"":0,""Y"":0,""Z"":0,""A"":0,""C"":0}","[0.016800000000000002,0,-0.016800000000000002,-0.016800000000000002,0,0.016800000000000002]","-2.5199942398444057","-3"
"lathe-ideal-posture-.01","lathe","dx","ideal","known bulk fixture via evaluate","{""X"":0,""Y"":0,""Z"":0,""A"":0,""C"":0}","[0.016800000000000002,0,-0.016800000000000002,-0.016800000000000002,0,0.016800000000000002]","-15.371995487198156","-15"
"lathe-ideal-posture-.01","lathe","dy","ideal","known bulk fixture via evaluate","{""X"":0,""Y"":0,""Z"":0,""A"":0,""C"":0}","[0.016800000000000002,0,-0.016800000000000002,-0.016800000000000002,0,0.016800000000000002]","-0.2551415987719031","0"
"lathe-ideal-posture-.01","lathe","barSide","ideal","known bulk fixture via evaluate","{""X"":0,""Y"":0,""Z"":0,""A"":0,""C"":0}","[0.016800000000000002,0,-0.016800000000000002,-0.016800000000000002,0,0.016800000000000002]","2.519998964937986","3"
"lathe-ideal-posture-.01","lathe","barTop","ideal","known bulk fixture via evaluate","{""X"":0,""Y"":0,""Z"":0,""A"":0,""C"":0}","[0.016800000000000002,0,-0.016800000000000002,-0.016800000000000002,0,0.016800000000000002]","-0.00013078809389666102","0"
"lathe-ideal-posture-.01","lathe","runoutRoot","ideal","known bulk fixture via evaluate","{""X"":0,""Y"":0,""Z"":0,""A"":0,""C"":0}","[0.016800000000000002,0,-0.016800000000000002,-0.016800000000000002,0,0.016800000000000002]","0","0"
"lathe-ideal-posture-.01","lathe","runoutTip","ideal","known bulk fixture via evaluate","{""X"":0,""Y"":0,""Z"":0,""A"":0,""C"":0}","[0.016800000000000002,0,-0.016800000000000002,-0.016800000000000002,0,0.016800000000000002]","0","0"
"lathe-ideal-posture-.01","lathe","borea","ideal","known bulk fixture via evaluate","{""X"":0,""Y"":0,""Z"":0,""A"":0,""C"":0}","[0.016800000000000002,0,-0.016800000000000002,-0.016800000000000002,0,0.016800000000000002]","0","0"
"lathe-ideal-posture-.01","lathe","boreb","ideal","known bulk fixture via evaluate","{""X"":0,""Y"":0,""Z"":0,""A"":0,""C"":0}","[0.016800000000000002,0,-0.016800000000000002,-0.016800000000000002,0,0.016800000000000002]","-15.112129225020727","-15"
"lathe-ideal-posture-.01","lathe","borec","ideal","known bulk fixture via evaluate","{""X"":0,""Y"":0,""Z"":0,""A"":0,""C"":0}","[0.016800000000000002,0,-0.016800000000000002,-0.016800000000000002,0,0.016800000000000002]","-30.743990974399505","-31"
"lathe-ideal-posture-.01","lathe","bored","ideal","known bulk fixture via evaluate","{""X"":0,""Y"":0,""Z"":0,""A"":0,""C"":0}","[0.016800000000000002,0,-0.016800000000000002,-0.016800000000000002,0,0.016800000000000002]","-15.622412422564707","-16"
"lathe-ideal-.01-X-100","lathe","face","ideal","bulk support fixture; real axis slider","{""X"":-100,""Y"":0,""Z"":0,""A"":0,""C"":0}","[0.016800000000000002,0,-0.016800000000000002,-0.016800000000000002,0,0.016800000000000002]","1.734723475976807e-11","0"
"lathe-ideal-.01-X-100","lathe","flat","ideal","bulk support fixture; real axis slider","{""X"":-100,""Y"":0,""Z"":0,""A"":0,""C"":0}","[0.016800000000000002,0,-0.016800000000000002,-0.016800000000000002,0,0.016800000000000002]","-2.5199958151086306","-3"
"lathe-ideal-.01-X-100","lathe","dx","ideal","bulk support fixture; real axis slider","{""X"":-100,""Y"":0,""Z"":0,""A"":0,""C"":0}","[0.016800000000000002,0,-0.016800000000000002,-0.016800000000000002,0,0.016800000000000002]","-15.371995487198156","-15"
"lathe-ideal-.01-X-100","lathe","dy","ideal","bulk support fixture; real axis slider","{""X"":-100,""Y"":0,""Z"":0,""A"":0,""C"":0}","[0.016800000000000002,0,-0.016800000000000002,-0.016800000000000002,0,0.016800000000000002]","-0.2551415987719031","0"
"lathe-ideal-.01-X-100","lathe","barSide","ideal","bulk support fixture; real axis slider","{""X"":-100,""Y"":0,""Z"":0,""A"":0,""C"":0}","[0.016800000000000002,0,-0.016800000000000002,-0.016800000000000002,0,0.016800000000000002]","2.5199989649934973","3"
"lathe-ideal-.01-X-100","lathe","barTop","ideal","bulk support fixture; real axis slider","{""X"":-100,""Y"":0,""Z"":0,""A"":0,""C"":0}","[0.016800000000000002,0,-0.016800000000000002,-0.016800000000000002,0,0.016800000000000002]","-0.00013078787532150304","0"
"lathe-ideal-.01-X-100","lathe","runoutRoot","ideal","bulk support fixture; real axis slider","{""X"":-100,""Y"":0,""Z"":0,""A"":0,""C"":0}","[0.016800000000000002,0,-0.016800000000000002,-0.016800000000000002,0,0.016800000000000002]","0","0"
"lathe-ideal-.01-X-100","lathe","runoutTip","ideal","bulk support fixture; real axis slider","{""X"":-100,""Y"":0,""Z"":0,""A"":0,""C"":0}","[0.016800000000000002,0,-0.016800000000000002,-0.016800000000000002,0,0.016800000000000002]","0","0"
"lathe-ideal-.01-X-100","lathe","borea","ideal","bulk support fixture; real axis slider","{""X"":-100,""Y"":0,""Z"":0,""A"":0,""C"":0}","[0.016800000000000002,0,-0.016800000000000002,-0.016800000000000002,0,0.016800000000000002]","0","0"
"lathe-ideal-.01-X-100","lathe","boreb","ideal","bulk support fixture; real axis slider","{""X"":-100,""Y"":0,""Z"":0,""A"":0,""C"":0}","[0.016800000000000002,0,-0.016800000000000002,-0.016800000000000002,0,0.016800000000000002]","-15.112129225020727","-15"
"lathe-ideal-.01-X-100","lathe","borec","ideal","bulk support fixture; real axis slider","{""X"":-100,""Y"":0,""Z"":0,""A"":0,""C"":0}","[0.016800000000000002,0,-0.016800000000000002,-0.016800000000000002,0,0.016800000000000002]","-30.743990974399505","-31"
"lathe-ideal-.01-X-100","lathe","bored","ideal","bulk support fixture; real axis slider","{""X"":-100,""Y"":0,""Z"":0,""A"":0,""C"":0}","[0.016800000000000002,0,-0.016800000000000002,-0.016800000000000002,0,0.016800000000000002]","-15.622412422564707","-16"
"lathe-ideal-.01-X100","lathe","face","ideal","bulk support fixture; real axis slider","{""X"":100,""Y"":0,""Z"":0,""A"":0,""C"":0}","[0.016800000000000002,0,-0.016800000000000002,-0.016800000000000002,0,0.016800000000000002]","-1.0408340855860843e-11","0"
"lathe-ideal-.01-X100","lathe","flat","ideal","bulk support fixture; real axis slider","{""X"":100,""Y"":0,""Z"":0,""A"":0,""C"":0}","[0.016800000000000002,0,-0.016800000000000002,-0.016800000000000002,0,0.016800000000000002]","-2.5199926648004913","-3"
"lathe-ideal-.01-X100","lathe","dx","ideal","bulk support fixture; real axis slider","{""X"":100,""Y"":0,""Z"":0,""A"":0,""C"":0}","[0.016800000000000002,0,-0.016800000000000002,-0.016800000000000002,0,0.016800000000000002]","-15.371995487198156","-15"
"lathe-ideal-.01-X100","lathe","dy","ideal","bulk support fixture; real axis slider","{""X"":100,""Y"":0,""Z"":0,""A"":0,""C"":0}","[0.016800000000000002,0,-0.016800000000000002,-0.016800000000000002,0,0.016800000000000002]","-0.2551415987719031","0"
"lathe-ideal-.01-X100","lathe","barSide","ideal","bulk support fixture; real axis slider","{""X"":100,""Y"":0,""Z"":0,""A"":0,""C"":0}","[0.016800000000000002,0,-0.016800000000000002,-0.016800000000000002,0,0.016800000000000002]","2.519998965052478","3"
"lathe-ideal-.01-X100","lathe","barTop","ideal","bulk support fixture; real axis slider","{""X"":100,""Y"":0,""Z"":0,""A"":0,""C"":0}","[0.016800000000000002,0,-0.016800000000000002,-0.016800000000000002,0,0.016800000000000002]","-0.00013078787532150304","0"
"lathe-ideal-.01-X100","lathe","runoutRoot","ideal","bulk support fixture; real axis slider","{""X"":100,""Y"":0,""Z"":0,""A"":0,""C"":0}","[0.016800000000000002,0,-0.016800000000000002,-0.016800000000000002,0,0.016800000000000002]","0","0"
"lathe-ideal-.01-X100","lathe","runoutTip","ideal","bulk support fixture; real axis slider","{""X"":100,""Y"":0,""Z"":0,""A"":0,""C"":0}","[0.016800000000000002,0,-0.016800000000000002,-0.016800000000000002,0,0.016800000000000002]","0","0"
"lathe-ideal-.01-X100","lathe","borea","ideal","bulk support fixture; real axis slider","{""X"":100,""Y"":0,""Z"":0,""A"":0,""C"":0}","[0.016800000000000002,0,-0.016800000000000002,-0.016800000000000002,0,0.016800000000000002]","0","0"
"lathe-ideal-.01-X100","lathe","boreb","ideal","bulk support fixture; real axis slider","{""X"":100,""Y"":0,""Z"":0,""A"":0,""C"":0}","[0.016800000000000002,0,-0.016800000000000002,-0.016800000000000002,0,0.016800000000000002]","-15.112129225020727","-15"
"lathe-ideal-.01-X100","lathe","borec","ideal","bulk support fixture; real axis slider","{""X"":100,""Y"":0,""Z"":0,""A"":0,""C"":0}","[0.016800000000000002,0,-0.016800000000000002,-0.016800000000000002,0,0.016800000000000002]","-30.743990974399505","-31"
"lathe-ideal-.01-X100","lathe","bored","ideal","bulk support fixture; real axis slider","{""X"":100,""Y"":0,""Z"":0,""A"":0,""C"":0}","[0.016800000000000002,0,-0.016800000000000002,-0.016800000000000002,0,0.016800000000000002]","-15.622412422564707","-16"
"lathe-ideal-.01-Z-100","lathe","face","ideal","bulk support fixture; real axis slider","{""X"":0,""Y"":0,""Z"":-100,""A"":0,""C"":0}","[0.016800000000000002,0,-0.016800000000000002,-0.016800000000000002,0,0.016800000000000002]","8.673617379884035e-12","0"
"lathe-ideal-.01-Z-100","lathe","flat","ideal","bulk support fixture; real axis slider","{""X"":0,""Y"":0,""Z"":-100,""A"":0,""C"":0}","[0.016800000000000002,0,-0.016800000000000002,-0.016800000000000002,0,0.016800000000000002]","-2.5199942402538005","-3"
"lathe-ideal-.01-Z-100","lathe","dx","ideal","bulk support fixture; real axis slider","{""X"":0,""Y"":0,""Z"":-100,""A"":0,""C"":0}","[0.016800000000000002,0,-0.016800000000000002,-0.016800000000000002,0,0.016800000000000002]","-9.49199265290807","-9"
"lathe-ideal-.01-Z-100","lathe","dy","ideal","bulk support fixture; real axis slider","{""X"":0,""Y"":0,""Z"":-100,""A"":0,""C"":0}","[0.016800000000000002,0,-0.016800000000000002,-0.016800000000000002,0,0.016800000000000002]","-0.255054574689513","0"
"lathe-ideal-.01-Z-100","lathe","barSide","ideal","bulk support fixture; real axis slider","{""X"":0,""Y"":0,""Z"":-100,""A"":0,""C"":0}","[0.016800000000000002,0,-0.016800000000000002,-0.016800000000000002,0,0.016800000000000002]","2.520002114916528","3"
"lathe-ideal-.01-Z-100","lathe","barTop","ideal","bulk support fixture; real axis slider","{""X"":0,""Y"":0,""Z"":-100,""A"":0,""C"":0}","[0.016800000000000002,0,-0.016800000000000002,-0.016800000000000002,0,0.016800000000000002]","-0.00013078814420364182","0"
"lathe-ideal-.01-Z-100","lathe","runoutRoot","ideal","bulk support fixture; real axis slider","{""X"":0,""Y"":0,""Z"":-100,""A"":0,""C"":0}","[0.016800000000000002,0,-0.016800000000000002,-0.016800000000000002,0,0.016800000000000002]","0","0"
"lathe-ideal-.01-Z-100","lathe","runoutTip","ideal","bulk support fixture; real axis slider","{""X"":0,""Y"":0,""Z"":-100,""A"":0,""C"":0}","[0.016800000000000002,0,-0.016800000000000002,-0.016800000000000002,0,0.016800000000000002]","0","0"
"lathe-ideal-.01-Z-100","lathe","borea","ideal","bulk support fixture; real axis slider","{""X"":0,""Y"":0,""Z"":-100,""A"":0,""C"":0}","[0.016800000000000002,0,-0.016800000000000002,-0.016800000000000002,0,0.016800000000000002]","0","0"
"lathe-ideal-.01-Z-100","lathe","boreb","ideal","bulk support fixture; real axis slider","{""X"":0,""Y"":0,""Z"":-100,""A"":0,""C"":0}","[0.016800000000000002,0,-0.016800000000000002,-0.016800000000000002,0,0.016800000000000002]","-9.235137420720434","-9"
"lathe-ideal-.01-Z-100","lathe","borec","ideal","bulk support fixture; real axis slider","{""X"":0,""Y"":0,""Z"":-100,""A"":0,""C"":0}","[0.016800000000000002,0,-0.016800000000000002,-0.016800000000000002,0,0.016800000000000002]","-18.983985305816297","-19"
"lathe-ideal-.01-Z-100","lathe","bored","ideal","bulk support fixture; real axis slider","{""X"":0,""Y"":0,""Z"":-100,""A"":0,""C"":0}","[0.016800000000000002,0,-0.016800000000000002,-0.016800000000000002,0,0.016800000000000002]","-9.745246570099647","-10"
"lathe-ideal-.01-Z100","lathe","face","ideal","bulk support fixture; real axis slider","{""X"":0,""Y"":0,""Z"":100,""A"":0,""C"":0}","[0.016800000000000002,0,-0.016800000000000002,-0.016800000000000002,0,0.016800000000000002]","-3.122502256758253e-11","0"
"lathe-ideal-.01-Z100","lathe","flat","ideal","bulk support fixture; real axis slider","{""X"":0,""Y"":0,""Z"":100,""A"":0,""C"":0}","[0.016800000000000002,0,-0.016800000000000002,-0.016800000000000002,0,0.016800000000000002]","-2.5199942400456337","-3"
"lathe-ideal-.01-Z100","lathe","dx","ideal","bulk support fixture; real axis slider","{""X"":0,""Y"":0,""Z"":100,""A"":0,""C"":0}","[0.016800000000000002,0,-0.016800000000000002,-0.016800000000000002,0,0.016800000000000002]","-21.25199097061968","-21"
"lathe-ideal-.01-Z100","lathe","dy","ideal","bulk support fixture; real axis slider","{""X"":0,""Y"":0,""Z"":100,""A"":0,""C"":0}","[0.016800000000000002,0,-0.016800000000000002,-0.016800000000000002,0,0.016800000000000002]","-0.25526978268998507","0"
"lathe-ideal-.01-Z100","lathe","barSide","ideal","bulk support fixture; real axis slider","{""X"":0,""Y"":0,""Z"":100,""A"":0,""C"":0}","[0.016800000000000002,0,-0.016800000000000002,-0.016800000000000002,0,0.016800000000000002]","2.5199971648796198","3"
"lathe-ideal-.01-Z100","lathe","barTop","ideal","bulk support fixture; real axis slider","{""X"":0,""Y"":0,""Z"":100,""A"":0,""C"":0}","[0.016800000000000002,0,-0.016800000000000002,-0.016800000000000002,0,0.016800000000000002]","-0.00013078771399221978","0"
"lathe-ideal-.01-Z100","lathe","runoutRoot","ideal","bulk support fixture; real axis slider","{""X"":0,""Y"":0,""Z"":100,""A"":0,""C"":0}","[0.016800000000000002,0,-0.016800000000000002,-0.016800000000000002,0,0.016800000000000002]","0","0"
"lathe-ideal-.01-Z100","lathe","runoutTip","ideal","bulk support fixture; real axis slider","{""X"":0,""Y"":0,""Z"":100,""A"":0,""C"":0}","[0.016800000000000002,0,-0.016800000000000002,-0.016800000000000002,0,0.016800000000000002]","0","0"
"lathe-ideal-.01-Z100","lathe","borea","ideal","bulk support fixture; real axis slider","{""X"":0,""Y"":0,""Z"":100,""A"":0,""C"":0}","[0.016800000000000002,0,-0.016800000000000002,-0.016800000000000002,0,0.016800000000000002]","0","0"
"lathe-ideal-.01-Z100","lathe","boreb","ideal","bulk support fixture; real axis slider","{""X"":0,""Y"":0,""Z"":100,""A"":0,""C"":0}","[0.016800000000000002,0,-0.016800000000000002,-0.016800000000000002,0,0.016800000000000002]","-20.987689547145166","-21"
"lathe-ideal-.01-Z100","lathe","borec","ideal","bulk support fixture; real axis slider","{""X"":0,""Y"":0,""Z"":100,""A"":0,""C"":0}","[0.016800000000000002,0,-0.016800000000000002,-0.016800000000000002,0,0.016800000000000002]","-42.50398194123595","-43"
"lathe-ideal-.01-Z100","lathe","bored","ideal","bulk support fixture; real axis slider","{""X"":0,""Y"":0,""Z"":100,""A"":0,""C"":0}","[0.016800000000000002,0,-0.016800000000000002,-0.016800000000000002,0,0.016800000000000002]","-21.49822911252583","-21"
"lathe-ideal-posture--.01","lathe","face","ideal","known bulk fixture via evaluate","{""X"":0,""Y"":0,""Z"":0,""A"":0,""C"":0}","[-0.016800000000000002,0,0.016800000000000002,0.016800000000000002,0,-0.016800000000000002]","1.734723475976807e-11","0"
"lathe-ideal-posture--.01","lathe","flat","ideal","known bulk fixture via evaluate","{""X"":0,""Y"":0,""Z"":0,""A"":0,""C"":0}","[-0.016800000000000002,0,0.016800000000000002,0.016800000000000002,0,-0.016800000000000002]","2.5200057597544316","3"
"lathe-ideal-posture--.01","lathe","dx","ideal","known bulk fixture via evaluate","{""X"":0,""Y"":0,""Z"":0,""A"":0,""C"":0}","[-0.016800000000000002,0,0.016800000000000002,0.016800000000000002,0,-0.016800000000000002]","15.372004508065915","15"
"lathe-ideal-posture--.01","lathe","dy","ideal","known bulk fixture via evaluate","{""X"":0,""Y"":0,""Z"":0,""A"":0,""C"":0}","[-0.016800000000000002,0,0.016800000000000002,0.016800000000000002,0,-0.016800000000000002]","0.25485840115743985","0"
"lathe-ideal-posture--.01","lathe","barSide","ideal","known bulk fixture via evaluate","{""X"":0,""Y"":0,""Z"":0,""A"":0,""C"":0}","[-0.016800000000000002,0,0.016800000000000002,0.016800000000000002,0,-0.016800000000000002]","-2.5200010349557544","-3"
"lathe-ideal-posture--.01","lathe","barTop","ideal","known bulk fixture via evaluate","{""X"":0,""Y"":0,""Z"":0,""A"":0,""C"":0}","[-0.016800000000000002,0,0.016800000000000002,0.016800000000000002,0,-0.016800000000000002]","-0.00013078782674924572","0"
"lathe-ideal-posture--.01","lathe","runoutRoot","ideal","known bulk fixture via evaluate","{""X"":0,""Y"":0,""Z"":0,""A"":0,""C"":0}","[-0.016800000000000002,0,0.016800000000000002,0.016800000000000002,0,-0.016800000000000002]","0","0"
"lathe-ideal-posture--.01","lathe","runoutTip","ideal","known bulk fixture via evaluate","{""X"":0,""Y"":0,""Z"":0,""A"":0,""C"":0}","[-0.016800000000000002,0,0.016800000000000002,0.016800000000000002,0,-0.016800000000000002]","0","0"
"lathe-ideal-posture--.01","lathe","borea","ideal","known bulk fixture via evaluate","{""X"":0,""Y"":0,""Z"":0,""A"":0,""C"":0}","[-0.016800000000000002,0,0.016800000000000002,0.016800000000000002,0,-0.016800000000000002]","0","0"
"lathe-ideal-posture--.01","lathe","boreb","ideal","known bulk fixture via evaluate","{""X"":0,""Y"":0,""Z"":0,""A"":0,""C"":0}","[-0.016800000000000002,0,0.016800000000000002,0.016800000000000002,0,-0.016800000000000002]","15.121870778754543","15"
"lathe-ideal-posture--.01","lathe","borec","ideal","known bulk fixture via evaluate","{""X"":0,""Y"":0,""Z"":0,""A"":0,""C"":0}","[-0.016800000000000002,0,0.016800000000000002,0.016800000000000002,0,-0.016800000000000002]","30.744009016134278","31"
"lathe-ideal-posture--.01","lathe","bored","ideal","known bulk fixture via evaluate","{""X"":0,""Y"":0,""Z"":0,""A"":0,""C"":0}","[-0.016800000000000002,0,0.016800000000000002,0.016800000000000002,0,-0.016800000000000002]","15.631587581069194","16"
"lathe-ideal--.01-X-100","lathe","face","ideal","bulk support fixture; real axis slider","{""X"":-100,""Y"":0,""Z"":0,""A"":0,""C"":0}","[-0.016800000000000002,0,0.016800000000000002,0.016800000000000002,0,-0.016800000000000002]","1.734723475976807e-11","0"
"lathe-ideal--.01-X-100","lathe","flat","ideal","bulk support fixture; real axis slider","{""X"":-100,""Y"":0,""Z"":0,""A"":0,""C"":0}","[-0.016800000000000002,0,0.016800000000000002,0.016800000000000002,0,-0.016800000000000002]","2.520004184932562","3"
"lathe-ideal--.01-X-100","lathe","dx","ideal","bulk support fixture; real axis slider","{""X"":-100,""Y"":0,""Z"":0,""A"":0,""C"":0}","[-0.016800000000000002,0,0.016800000000000002,0.016800000000000002,0,-0.016800000000000002]","15.372004508065915","15"
"lathe-ideal--.01-X-100","lathe","dy","ideal","bulk support fixture; real axis slider","{""X"":-100,""Y"":0,""Z"":0,""A"":0,""C"":0}","[-0.016800000000000002,0,0.016800000000000002,0.016800000000000002,0,-0.016800000000000002]","0.25485840115743985","0"
"lathe-ideal--.01-X-100","lathe","barSide","ideal","bulk support fixture; real axis slider","{""X"":-100,""Y"":0,""Z"":0,""A"":0,""C"":0}","[-0.016800000000000002,0,0.016800000000000002,0.016800000000000002,0,-0.016800000000000002]","-2.520001035009531","-3"
"lathe-ideal--.01-X-100","lathe","barTop","ideal","bulk support fixture; real axis slider","{""X"":-100,""Y"":0,""Z"":0,""A"":0,""C"":0}","[-0.016800000000000002,0,0.016800000000000002,0.016800000000000002,0,-0.016800000000000002]","-0.00013078805052857412","0"
"lathe-ideal--.01-X-100","lathe","runoutRoot","ideal","bulk support fixture; real axis slider","{""X"":-100,""Y"":0,""Z"":0,""A"":0,""C"":0}","[-0.016800000000000002,0,0.016800000000000002,0.016800000000000002,0,-0.016800000000000002]","0","0"
"lathe-ideal--.01-X-100","lathe","runoutTip","ideal","bulk support fixture; real axis slider","{""X"":-100,""Y"":0,""Z"":0,""A"":0,""C"":0}","[-0.016800000000000002,0,0.016800000000000002,0.016800000000000002,0,-0.016800000000000002]","0","0"
"lathe-ideal--.01-X-100","lathe","borea","ideal","bulk support fixture; real axis slider","{""X"":-100,""Y"":0,""Z"":0,""A"":0,""C"":0}","[-0.016800000000000002,0,0.016800000000000002,0.016800000000000002,0,-0.016800000000000002]","0","0"
"lathe-ideal--.01-X-100","lathe","boreb","ideal","bulk support fixture; real axis slider","{""X"":-100,""Y"":0,""Z"":0,""A"":0,""C"":0}","[-0.016800000000000002,0,0.016800000000000002,0.016800000000000002,0,-0.016800000000000002]","15.121870778754543","15"
"lathe-ideal--.01-X-100","lathe","borec","ideal","bulk support fixture; real axis slider","{""X"":-100,""Y"":0,""Z"":0,""A"":0,""C"":0}","[-0.016800000000000002,0,0.016800000000000002,0.016800000000000002,0,-0.016800000000000002]","30.744009016134278","31"
"lathe-ideal--.01-X-100","lathe","bored","ideal","bulk support fixture; real axis slider","{""X"":-100,""Y"":0,""Z"":0,""A"":0,""C"":0}","[-0.016800000000000002,0,0.016800000000000002,0.016800000000000002,0,-0.016800000000000002]","15.631587581069194","16"
"lathe-ideal--.01-X100","lathe","face","ideal","bulk support fixture; real axis slider","{""X"":100,""Y"":0,""Z"":0,""A"":0,""C"":0}","[-0.016800000000000002,0,0.016800000000000002,0.016800000000000002,0,-0.016800000000000002]","-1.0408340855860843e-11","0"
"lathe-ideal--.01-X100","lathe","flat","ideal","bulk support fixture; real axis slider","{""X"":100,""Y"":0,""Z"":0,""A"":0,""C"":0}","[-0.016800000000000002,0,0.016800000000000002,0.016800000000000002,0,-0.016800000000000002]","2.520007334796612","3"
"lathe-ideal--.01-X100","lathe","dx","ideal","bulk support fixture; real axis slider","{""X"":100,""Y"":0,""Z"":0,""A"":0,""C"":0}","[-0.016800000000000002,0,0.016800000000000002,0.016800000000000002,0,-0.016800000000000002]","15.372004508065915","15"
"lathe-ideal--.01-X100","lathe","dy","ideal","bulk support fixture; real axis slider","{""X"":100,""Y"":0,""Z"":0,""A"":0,""C"":0}","[-0.016800000000000002,0,0.016800000000000002,0.016800000000000002,0,-0.016800000000000002]","0.25485840115743985","0"
"lathe-ideal--.01-X100","lathe","barSide","ideal","bulk support fixture; real axis slider","{""X"":100,""Y"":0,""Z"":0,""A"":0,""C"":0}","[-0.016800000000000002,0,0.016800000000000002,0.016800000000000002,0,-0.016800000000000002]","-2.5200010350442255","-3"
"lathe-ideal--.01-X100","lathe","barTop","ideal","bulk support fixture; real axis slider","{""X"":100,""Y"":0,""Z"":0,""A"":0,""C"":0}","[-0.016800000000000002,0,0.016800000000000002,0.016800000000000002,0,-0.016800000000000002]","-0.00013078805052857412","0"
"lathe-ideal--.01-X100","lathe","runoutRoot","ideal","bulk support fixture; real axis slider","{""X"":100,""Y"":0,""Z"":0,""A"":0,""C"":0}","[-0.016800000000000002,0,0.016800000000000002,0.016800000000000002,0,-0.016800000000000002]","0","0"
"lathe-ideal--.01-X100","lathe","runoutTip","ideal","bulk support fixture; real axis slider","{""X"":100,""Y"":0,""Z"":0,""A"":0,""C"":0}","[-0.016800000000000002,0,0.016800000000000002,0.016800000000000002,0,-0.016800000000000002]","0","0"
"lathe-ideal--.01-X100","lathe","borea","ideal","bulk support fixture; real axis slider","{""X"":100,""Y"":0,""Z"":0,""A"":0,""C"":0}","[-0.016800000000000002,0,0.016800000000000002,0.016800000000000002,0,-0.016800000000000002]","0","0"
"lathe-ideal--.01-X100","lathe","boreb","ideal","bulk support fixture; real axis slider","{""X"":100,""Y"":0,""Z"":0,""A"":0,""C"":0}","[-0.016800000000000002,0,0.016800000000000002,0.016800000000000002,0,-0.016800000000000002]","15.121870778754543","15"
"lathe-ideal--.01-X100","lathe","borec","ideal","bulk support fixture; real axis slider","{""X"":100,""Y"":0,""Z"":0,""A"":0,""C"":0}","[-0.016800000000000002,0,0.016800000000000002,0.016800000000000002,0,-0.016800000000000002]","30.744009016134278","31"
"lathe-ideal--.01-X100","lathe","bored","ideal","bulk support fixture; real axis slider","{""X"":100,""Y"":0,""Z"":0,""A"":0,""C"":0}","[-0.016800000000000002,0,0.016800000000000002,0.016800000000000002,0,-0.016800000000000002]","15.631587581069194","16"
"lathe-ideal--.01-Z-100","lathe","face","ideal","bulk support fixture; real axis slider","{""X"":0,""Y"":0,""Z"":-100,""A"":0,""C"":0}","[-0.016800000000000002,0,0.016800000000000002,0.016800000000000002,0,-0.016800000000000002]","8.673617379884035e-12","0"
"lathe-ideal--.01-Z-100","lathe","flat","ideal","bulk support fixture; real axis slider","{""X"":0,""Y"":0,""Z"":-100,""A"":0,""C"":0}","[-0.016800000000000002,0,0.016800000000000002,0.016800000000000002,0,-0.016800000000000002]","2.520005759829025","3"
"lathe-ideal--.01-Z-100","lathe","dx","ideal","bulk support fixture; real axis slider","{""X"":0,""Y"":0,""Z"":-100,""A"":0,""C"":0}","[-0.016800000000000002,0,0.016800000000000002,0.016800000000000002,0,-0.016800000000000002]","9.492007343795837","9"
"lathe-ideal--.01-Z-100","lathe","dy","ideal","bulk support fixture; real axis slider","{""X"":0,""Y"":0,""Z"":-100,""A"":0,""C"":0}","[-0.016800000000000002,0,0.016800000000000002,0.016800000000000002,0,-0.016800000000000002]","0.25494542514060464","0"
"lathe-ideal--.01-Z-100","lathe","barSide","ideal","bulk support fixture; real axis slider","{""X"":0,""Y"":0,""Z"":-100,""A"":0,""C"":0}","[-0.016800000000000002,0,0.016800000000000002,0.016800000000000002,0,-0.016800000000000002]","-2.5199978849529265","-3"
"lathe-ideal--.01-Z-100","lathe","barTop","ideal","bulk support fixture; real axis slider","{""X"":0,""Y"":0,""Z"":-100,""A"":0,""C"":0}","[-0.016800000000000002,0,0.016800000000000002,0.016800000000000002,0,-0.016800000000000002]","-0.00013078755786710694","0"
"lathe-ideal--.01-Z-100","lathe","runoutRoot","ideal","bulk support fixture; real axis slider","{""X"":0,""Y"":0,""Z"":-100,""A"":0,""C"":0}","[-0.016800000000000002,0,0.016800000000000002,0.016800000000000002,0,-0.016800000000000002]","0","0"
"lathe-ideal--.01-Z-100","lathe","runoutTip","ideal","bulk support fixture; real axis slider","{""X"":0,""Y"":0,""Z"":-100,""A"":0,""C"":0}","[-0.016800000000000002,0,0.016800000000000002,0.016800000000000002,0,-0.016800000000000002]","0","0"
"lathe-ideal--.01-Z-100","lathe","borea","ideal","bulk support fixture; real axis slider","{""X"":0,""Y"":0,""Z"":-100,""A"":0,""C"":0}","[-0.016800000000000002,0,0.016800000000000002,0.016800000000000002,0,-0.016800000000000002]","0","0"
"lathe-ideal--.01-Z-100","lathe","boreb","ideal","bulk support fixture; real axis slider","{""X"":0,""Y"":0,""Z"":-100,""A"":0,""C"":0}","[-0.016800000000000002,0,0.016800000000000002,0.016800000000000002,0,-0.016800000000000002]","9.23886258284712","9"
"lathe-ideal--.01-Z-100","lathe","borec","ideal","bulk support fixture; real axis slider","{""X"":0,""Y"":0,""Z"":-100,""A"":0,""C"":0}","[-0.016800000000000002,0,0.016800000000000002,0.016800000000000002,0,-0.016800000000000002]","18.98401468759109","19"
"lathe-ideal--.01-Z-100","lathe","bored","ideal","bulk support fixture; real axis slider","{""X"":0,""Y"":0,""Z"":-100,""A"":0,""C"":0}","[-0.016800000000000002,0,0.016800000000000002,0.016800000000000002,0,-0.016800000000000002]","9.748753433125312","10"
"lathe-ideal--.01-Z100","lathe","face","ideal","bulk support fixture; real axis slider","{""X"":0,""Y"":0,""Z"":100,""A"":0,""C"":0}","[-0.016800000000000002,0,0.016800000000000002,0.016800000000000002,0,-0.016800000000000002]","-3.122502256758253e-11","0"
"lathe-ideal--.01-Z100","lathe","flat","ideal","bulk support fixture; real axis slider","{""X"":0,""Y"":0,""Z"":100,""A"":0,""C"":0}","[-0.016800000000000002,0,0.016800000000000002,0.016800000000000002,0,-0.016800000000000002]","2.5200057600840293","3"
"lathe-ideal--.01-Z100","lathe","dx","ideal","bulk support fixture; real axis slider","{""X"":0,""Y"":0,""Z"":100,""A"":0,""C"":0}","[-0.016800000000000002,0,0.016800000000000002,0.016800000000000002,0,-0.016800000000000002]","21.252009021541923","21"
"lathe-ideal--.01-Z100","lathe","dy","ideal","bulk support fixture; real axis slider","{""X"":0,""Y"":0,""Z"":100,""A"":0,""C"":0}","[-0.016800000000000002,0,0.016800000000000002,0.016800000000000002,0,-0.016800000000000002]","0.2547302170813319","0"
"lathe-ideal--.01-Z100","lathe","barSide","ideal","bulk support fixture; real axis slider","{""X"":0,""Y"":0,""Z"":100,""A"":0,""C"":0}","[-0.016800000000000002,0,0.016800000000000002,0.016800000000000002,0,-0.016800000000000002]","-2.520002834878812","-3"
"lathe-ideal--.01-Z100","lathe","barTop","ideal","bulk support fixture; real axis slider","{""X"":0,""Y"":0,""Z"":100,""A"":0,""C"":0}","[-0.016800000000000002,0,0.016800000000000002,0.016800000000000002,0,-0.016800000000000002]","-0.00013078820665368696","0"
"lathe-ideal--.01-Z100","lathe","runoutRoot","ideal","bulk support fixture; real axis slider","{""X"":0,""Y"":0,""Z"":100,""A"":0,""C"":0}","[-0.016800000000000002,0,0.016800000000000002,0.016800000000000002,0,-0.016800000000000002]","0","0"
"lathe-ideal--.01-Z100","lathe","runoutTip","ideal","bulk support fixture; real axis slider","{""X"":0,""Y"":0,""Z"":100,""A"":0,""C"":0}","[-0.016800000000000002,0,0.016800000000000002,0.016800000000000002,0,-0.016800000000000002]","0","0"
"lathe-ideal--.01-Z100","lathe","borea","ideal","bulk support fixture; real axis slider","{""X"":0,""Y"":0,""Z"":100,""A"":0,""C"":0}","[-0.016800000000000002,0,0.016800000000000002,0.016800000000000002,0,-0.016800000000000002]","0","0"
"lathe-ideal--.01-Z100","lathe","boreb","ideal","bulk support fixture; real axis slider","{""X"":0,""Y"":0,""Z"":100,""A"":0,""C"":0}","[-0.016800000000000002,0,0.016800000000000002,0.016800000000000002,0,-0.016800000000000002]","21.006310466094302","21"
"lathe-ideal--.01-Z100","lathe","borec","ideal","bulk support fixture; real axis slider","{""X"":0,""Y"":0,""Z"":100,""A"":0,""C"":0}","[-0.016800000000000002,0,0.016800000000000002,0.016800000000000002,0,-0.016800000000000002]","42.504018043086624","43"
"lathe-ideal--.01-Z100","lathe","bored","ideal","bulk support fixture; real axis slider","{""X"":0,""Y"":0,""Z"":100,""A"":0,""C"":0}","[-0.016800000000000002,0,0.016800000000000002,0.016800000000000002,0,-0.016800000000000002]","21.515770900260023","22"
"lathe-ideal-posture-.05","lathe","face","ideal","known bulk fixture via evaluate","{""X"":0,""Y"":0,""Z"":0,""A"":0,""C"":0}","[0.08400000000000002,0,-0.08400000000000002,-0.08400000000000002,0,0.08400000000000002]","-5.204170427930421e-12","0"
"lathe-ideal-posture-.05","lathe","flat","ideal","known bulk fixture via evaluate","{""X"":0,""Y"":0,""Z"":0,""A"":0,""C"":0}","[0.08400000000000002,0,-0.08400000000000002,-0.08400000000000002,0,0.08400000000000002]","-12.599855998862362","-13"
"lathe-ideal-posture-.05","lathe","dx","ideal","known bulk fixture via evaluate","{""X"":0,""Y"":0,""Z"":0,""A"":0,""C"":0}","[0.08400000000000002,0,-0.08400000000000002,-0.08400000000000002,0,0.08400000000000002]","-76.85988694055558","-77"
"lathe-ideal-posture-.05","lathe","dy","ideal","known bulk fixture via evaluate","{""X"":0,""Y"":0,""Z"":0,""A"":0,""C"":0}","[0.08400000000000002,0,-0.08400000000000002,-0.08400000000000002,0,0.08400000000000002]","-1.2785399647369753","-1"
"lathe-ideal-posture-.05","lathe","barSide","ideal","known bulk fixture via evaluate","{""X"":0,""Y"":0,""Z"":0,""A"":0,""C"":0}","[0.08400000000000002,0,-0.08400000000000002,-0.08400000000000002,0,0.08400000000000002]","12.599974122628337","13"
"lathe-ideal-posture-.05","lathe","barTop","ideal","known bulk fixture via evaluate","{""X"":0,""Y"":0,""Z"":0,""A"":0,""C"":0}","[0.08400000000000002,0,-0.08400000000000002,-0.08400000000000002,0,0.08400000000000002]","-0.00326968979322273","0"
"lathe-ideal-posture-.05","lathe","runoutRoot","ideal","known bulk fixture via evaluate","{""X"":0,""Y"":0,""Z"":0,""A"":0,""C"":0}","[0.08400000000000002,0,-0.08400000000000002,-0.08400000000000002,0,0.08400000000000002]","0","0"
"lathe-ideal-posture-.05","lathe","runoutTip","ideal","known bulk fixture via evaluate","{""X"":0,""Y"":0,""Z"":0,""A"":0,""C"":0}","[0.08400000000000002,0,-0.08400000000000002,-0.08400000000000002,0,0.08400000000000002]","0","0"
"lathe-ideal-posture-.05","lathe","borea","ideal","known bulk fixture via evaluate","{""X"":0,""Y"":0,""Z"":0,""A"":0,""C"":0}","[0.08400000000000002,0,-0.08400000000000002,-0.08400000000000002,0,0.08400000000000002]","0","0"
"lathe-ideal-posture-.05","lathe","boreb","ideal","known bulk fixture via evaluate","{""X"":0,""Y"":0,""Z"":0,""A"":0,""C"":0}","[0.08400000000000002,0,-0.08400000000000002,-0.08400000000000002,0,0.08400000000000002]","-75.46323054551107","-75"
"lathe-ideal-posture-.05","lathe","borec","ideal","known bulk fixture via evaluate","{""X"":0,""Y"":0,""Z"":0,""A"":0,""C"":0}","[0.08400000000000002,0,-0.08400000000000002,-0.08400000000000002,0,0.08400000000000002]","-153.71977388110858","-154"
"lathe-ideal-posture-.05","lathe","bored","ideal","known bulk fixture via evaluate","{""X"":0,""Y"":0,""Z"":0,""A"":0,""C"":0}","[0.08400000000000002,0,-0.08400000000000002,-0.08400000000000002,0,0.08400000000000002]","-78.02031047498409","-78"
"lathe-ideal-.05-X-100","lathe","face","ideal","bulk support fixture; real axis slider","{""X"":-100,""Y"":0,""Z"":0,""A"":0,""C"":0}","[0.08400000000000002,0,-0.08400000000000002,-0.08400000000000002,0,0.08400000000000002]","-5.204170427930421e-12","0"
"lathe-ideal-.05-X-100","lathe","flat","ideal","bulk support fixture; real axis slider","{""X"":-100,""Y"":0,""Z"":0,""A"":0,""C"":0}","[0.08400000000000002,0,-0.08400000000000002,-0.08400000000000002,0,0.08400000000000002]","-12.59989537360194","-13"
"lathe-ideal-.05-X-100","lathe","dx","ideal","bulk support fixture; real axis slider","{""X"":-100,""Y"":0,""Z"":0,""A"":0,""C"":0}","[0.08400000000000002,0,-0.08400000000000002,-0.08400000000000002,0,0.08400000000000002]","-76.85988694055558","-77"
"lathe-ideal-.05-X-100","lathe","dy","ideal","bulk support fixture; real axis slider","{""X"":-100,""Y"":0,""Z"":0,""A"":0,""C"":0}","[0.08400000000000002,0,-0.08400000000000002,-0.08400000000000002,0,0.08400000000000002]","-1.2785399647369753","-1"
"lathe-ideal-.05-X-100","lathe","barSide","ideal","bulk support fixture; real axis slider","{""X"":-100,""Y"":0,""Z"":0,""A"":0,""C"":0}","[0.08400000000000002,0,-0.08400000000000002,-0.08400000000000002,0,0.08400000000000002]","12.599974122598848","13"
"lathe-ideal-.05-X-100","lathe","barTop","ideal","bulk support fixture; real axis slider","{""X"":-100,""Y"":0,""Z"":0,""A"":0,""C"":0}","[0.08400000000000002,0,-0.08400000000000002,-0.08400000000000002,0,0.08400000000000002]","-0.00326968979322273","0"
"lathe-ideal-.05-X-100","lathe","runoutRoot","ideal","bulk support fixture; real axis slider","{""X"":-100,""Y"":0,""Z"":0,""A"":0,""C"":0}","[0.08400000000000002,0,-0.08400000000000002,-0.08400000000000002,0,0.08400000000000002]","0","0"
"lathe-ideal-.05-X-100","lathe","runoutTip","ideal","bulk support fixture; real axis slider","{""X"":-100,""Y"":0,""Z"":0,""A"":0,""C"":0}","[0.08400000000000002,0,-0.08400000000000002,-0.08400000000000002,0,0.08400000000000002]","0","0"
"lathe-ideal-.05-X-100","lathe","borea","ideal","bulk support fixture; real axis slider","{""X"":-100,""Y"":0,""Z"":0,""A"":0,""C"":0}","[0.08400000000000002,0,-0.08400000000000002,-0.08400000000000002,0,0.08400000000000002]","0","0"
"lathe-ideal-.05-X-100","lathe","boreb","ideal","bulk support fixture; real axis slider","{""X"":-100,""Y"":0,""Z"":0,""A"":0,""C"":0}","[0.08400000000000002,0,-0.08400000000000002,-0.08400000000000002,0,0.08400000000000002]","-75.46323054551107","-75"
"lathe-ideal-.05-X-100","lathe","borec","ideal","bulk support fixture; real axis slider","{""X"":-100,""Y"":0,""Z"":0,""A"":0,""C"":0}","[0.08400000000000002,0,-0.08400000000000002,-0.08400000000000002,0,0.08400000000000002]","-153.71977388110858","-154"
"lathe-ideal-.05-X-100","lathe","bored","ideal","bulk support fixture; real axis slider","{""X"":-100,""Y"":0,""Z"":0,""A"":0,""C"":0}","[0.08400000000000002,0,-0.08400000000000002,-0.08400000000000002,0,0.08400000000000002]","-78.02031047498409","-78"
"lathe-ideal-.05-X100","lathe","face","ideal","bulk support fixture; real axis slider","{""X"":100,""Y"":0,""Z"":0,""A"":0,""C"":0}","[0.08400000000000002,0,-0.08400000000000002,-0.08400000000000002,0,0.08400000000000002]","-5.204170427930421e-12","0"
"lathe-ideal-.05-X100","lathe","flat","ideal","bulk support fixture; real axis slider","{""X"":100,""Y"":0,""Z"":0,""A"":0,""C"":0}","[0.08400000000000002,0,-0.08400000000000002,-0.08400000000000002,0,0.08400000000000002]","-12.599816623900736","-13"
"lathe-ideal-.05-X100","lathe","dx","ideal","bulk support fixture; real axis slider","{""X"":100,""Y"":0,""Z"":0,""A"":0,""C"":0}","[0.08400000000000002,0,-0.08400000000000002,-0.08400000000000002,0,0.08400000000000002]","-76.85988694055558","-77"
"lathe-ideal-.05-X100","lathe","dy","ideal","bulk support fixture; real axis slider","{""X"":100,""Y"":0,""Z"":0,""A"":0,""C"":0}","[0.08400000000000002,0,-0.08400000000000002,-0.08400000000000002,0,0.08400000000000002]","-1.2785399647369753","-1"
"lathe-ideal-.05-X100","lathe","barSide","ideal","bulk support fixture; real axis slider","{""X"":100,""Y"":0,""Z"":0,""A"":0,""C"":0}","[0.08400000000000002,0,-0.08400000000000002,-0.08400000000000002,0,0.08400000000000002]","12.599974122761912","13"
"lathe-ideal-.05-X100","lathe","barTop","ideal","bulk support fixture; real axis slider","{""X"":100,""Y"":0,""Z"":0,""A"":0,""C"":0}","[0.08400000000000002,0,-0.08400000000000002,-0.08400000000000002,0,0.08400000000000002]","-0.00326968979322273","0"
"lathe-ideal-.05-X100","lathe","runoutRoot","ideal","bulk support fixture; real axis slider","{""X"":100,""Y"":0,""Z"":0,""A"":0,""C"":0}","[0.08400000000000002,0,-0.08400000000000002,-0.08400000000000002,0,0.08400000000000002]","0","0"
"lathe-ideal-.05-X100","lathe","runoutTip","ideal","bulk support fixture; real axis slider","{""X"":100,""Y"":0,""Z"":0,""A"":0,""C"":0}","[0.08400000000000002,0,-0.08400000000000002,-0.08400000000000002,0,0.08400000000000002]","0","0"
"lathe-ideal-.05-X100","lathe","borea","ideal","bulk support fixture; real axis slider","{""X"":100,""Y"":0,""Z"":0,""A"":0,""C"":0}","[0.08400000000000002,0,-0.08400000000000002,-0.08400000000000002,0,0.08400000000000002]","0","0"
"lathe-ideal-.05-X100","lathe","boreb","ideal","bulk support fixture; real axis slider","{""X"":100,""Y"":0,""Z"":0,""A"":0,""C"":0}","[0.08400000000000002,0,-0.08400000000000002,-0.08400000000000002,0,0.08400000000000002]","-75.46323054551107","-75"
"lathe-ideal-.05-X100","lathe","borec","ideal","bulk support fixture; real axis slider","{""X"":100,""Y"":0,""Z"":0,""A"":0,""C"":0}","[0.08400000000000002,0,-0.08400000000000002,-0.08400000000000002,0,0.08400000000000002]","-153.71977388110858","-154"
"lathe-ideal-.05-X100","lathe","bored","ideal","bulk support fixture; real axis slider","{""X"":100,""Y"":0,""Z"":0,""A"":0,""C"":0}","[0.08400000000000002,0,-0.08400000000000002,-0.08400000000000002,0,0.08400000000000002]","-78.02031047498409","-78"
"lathe-ideal-.05-Z-100","lathe","face","ideal","bulk support fixture; real axis slider","{""X"":0,""Y"":0,""Z"":-100,""A"":0,""C"":0}","[0.08400000000000002,0,-0.08400000000000002,-0.08400000000000002,0,0.08400000000000002]","1.5612511283791264e-11","0"
"lathe-ideal-.05-Z-100","lathe","flat","ideal","bulk support fixture; real axis slider","{""X"":0,""Y"":0,""Z"":-100,""A"":0,""C"":0}","[0.08400000000000002,0,-0.08400000000000002,-0.08400000000000002,0,0.08400000000000002]","-12.59985599350033","-13"
"lathe-ideal-.05-Z-100","lathe","dx","ideal","bulk support fixture; real axis slider","{""X"":0,""Y"":0,""Z"":-100,""A"":0,""C"":0}","[0.08400000000000002,0,-0.08400000000000002,-0.08400000000000002,0,0.08400000000000002]","-47.459816156738874","-47"
"lathe-ideal-.05-Z-100","lathe","dy","ideal","bulk support fixture; real axis slider","{""X"":0,""Y"":0,""Z"":-100,""A"":0,""C"":0}","[0.08400000000000002,0,-0.08400000000000002,-0.08400000000000002,0,0.08400000000000002]","-1.276364361055768","-1"
"lathe-ideal-.05-Z-100","lathe","barSide","ideal","bulk support fixture; real axis slider","{""X"":0,""Y"":0,""Z"":-100,""A"":0,""C"":0}","[0.08400000000000002,0,-0.08400000000000002,-0.08400000000000002,0,0.08400000000000002]","12.600052867330069","13"
"lathe-ideal-.05-Z-100","lathe","barTop","ideal","bulk support fixture; real axis slider","{""X"":0,""Y"":0,""Z"":-100,""A"":0,""C"":0}","[0.08400000000000002,0,-0.08400000000000002,-0.08400000000000002,0,0.08400000000000002]","-0.003269724217075387","0"
"lathe-ideal-.05-Z-100","lathe","runoutRoot","ideal","bulk support fixture; real axis slider","{""X"":0,""Y"":0,""Z"":-100,""A"":0,""C"":0}","[0.08400000000000002,0,-0.08400000000000002,-0.08400000000000002,0,0.08400000000000002]","0","0"
"lathe-ideal-.05-Z-100","lathe","runoutTip","ideal","bulk support fixture; real axis slider","{""X"":0,""Y"":0,""Z"":-100,""A"":0,""C"":0}","[0.08400000000000002,0,-0.08400000000000002,-0.08400000000000002,0,0.08400000000000002]","0","0"
"lathe-ideal-.05-Z-100","lathe","borea","ideal","bulk support fixture; real axis slider","{""X"":0,""Y"":0,""Z"":-100,""A"":0,""C"":0}","[0.08400000000000002,0,-0.08400000000000002,-0.08400000000000002,0,0.08400000000000002]","0","0"
"lathe-ideal-.05-Z-100","lathe","boreb","ideal","bulk support fixture; real axis slider","{""X"":0,""Y"":0,""Z"":-100,""A"":0,""C"":0}","[0.08400000000000002,0,-0.08400000000000002,-0.08400000000000002,0,0.08400000000000002]","-46.13843565422216","-46"
"lathe-ideal-.05-Z-100","lathe","borec","ideal","bulk support fixture; real axis slider","{""X"":0,""Y"":0,""Z"":-100,""A"":0,""C"":0}","[0.08400000000000002,0,-0.08400000000000002,-0.08400000000000002,0,0.08400000000000002]","-94.91963231347822","-95"
"lathe-ideal-.05-Z-100","lathe","bored","ideal","bulk support fixture; real axis slider","{""X"":0,""Y"":0,""Z"":-100,""A"":0,""C"":0}","[0.08400000000000002,0,-0.08400000000000002,-0.08400000000000002,0,0.08400000000000002]","-48.69116437633547","-49"
"lathe-ideal-.05-Z100","lathe","face","ideal","bulk support fixture; real axis slider","{""X"":0,""Y"":0,""Z"":100,""A"":0,""C"":0}","[0.08400000000000002,0,-0.08400000000000002,-0.08400000000000002,0,0.08400000000000002]","2.949029909160572e-11","0"
"lathe-ideal-.05-Z100","lathe","flat","ideal","bulk support fixture; real axis slider","{""X"":0,""Y"":0,""Z"":100,""A"":0,""C"":0}","[0.08400000000000002,0,-0.08400000000000002,-0.08400000000000002,0,0.08400000000000002]","-12.5998559880134","-13"
"lathe-ideal-.05-Z100","lathe","dx","ideal","bulk support fixture; real axis slider","{""X"":0,""Y"":0,""Z"":100,""A"":0,""C"":0}","[0.08400000000000002,0,-0.08400000000000002,-0.08400000000000002,0,0.08400000000000002]","-106.25977387196923","-106"
"lathe-ideal-.05-Z100","lathe","dy","ideal","bulk support fixture; real axis slider","{""X"":0,""Y"":0,""Z"":100,""A"":0,""C"":0}","[0.08400000000000002,0,-0.08400000000000002,-0.08400000000000002,0,0.08400000000000002]","-1.2817445501109122","-1"
"lathe-ideal-.05-Z100","lathe","barSide","ideal","bulk support fixture; real axis slider","{""X"":0,""Y"":0,""Z"":100,""A"":0,""C"":0}","[0.08400000000000002,0,-0.08400000000000002,-0.08400000000000002,0,0.08400000000000002]","12.59992911177045","13"
"lathe-ideal-.05-Z100","lathe","barTop","ideal","bulk support fixture; real axis slider","{""X"":0,""Y"":0,""Z"":100,""A"":0,""C"":0}","[0.08400000000000002,0,-0.08400000000000002,-0.08400000000000002,0,0.08400000000000002]","-0.0032696721493502556","0"
"lathe-ideal-.05-Z100","lathe","runoutRoot","ideal","bulk support fixture; real axis slider","{""X"":0,""Y"":0,""Z"":100,""A"":0,""C"":0}","[0.08400000000000002,0,-0.08400000000000002,-0.08400000000000002,0,0.08400000000000002]","0","0"
"lathe-ideal-.05-Z100","lathe","runoutTip","ideal","bulk support fixture; real axis slider","{""X"":0,""Y"":0,""Z"":100,""A"":0,""C"":0}","[0.08400000000000002,0,-0.08400000000000002,-0.08400000000000002,0,0.08400000000000002]","0","0"
"lathe-ideal-.05-Z100","lathe","borea","ideal","bulk support fixture; real axis slider","{""X"":0,""Y"":0,""Z"":100,""A"":0,""C"":0}","[0.08400000000000002,0,-0.08400000000000002,-0.08400000000000002,0,0.08400000000000002]","0","0"
"lathe-ideal-.05-Z100","lathe","boreb","ideal","bulk support fixture; real axis slider","{""X"":0,""Y"":0,""Z"":100,""A"":0,""C"":0}","[0.08400000000000002,0,-0.08400000000000002,-0.08400000000000002,0,0.08400000000000002]","-104.75223836844613","-105"
"lathe-ideal-.05-Z100","lathe","borec","ideal","bulk support fixture; real axis slider","{""X"":0,""Y"":0,""Z"":100,""A"":0,""C"":0}","[0.08400000000000002,0,-0.08400000000000002,-0.08400000000000002,0,0.08400000000000002]","-212.51954774394179","-213"
"lathe-ideal-.05-Z100","lathe","bored","ideal","bulk support fixture; real axis slider","{""X"":0,""Y"":0,""Z"":100,""A"":0,""C"":0}","[0.08400000000000002,0,-0.08400000000000002,-0.08400000000000002,0,0.08400000000000002]","-107.31572746866883","-107"
"lathe-ideal-posture--.05","lathe","face","ideal","known bulk fixture via evaluate","{""X"":0,""Y"":0,""Z"":0,""A"":0,""C"":0}","[-0.08400000000000002,0,0.08400000000000002,0.08400000000000002,0,-0.08400000000000002]","-5.204170427930421e-12","0"
"lathe-ideal-posture--.05","lathe","flat","ideal","known bulk fixture via evaluate","{""X"":0,""Y"":0,""Z"":0,""A"":0,""C"":0}","[-0.08400000000000002,0,0.08400000000000002,0.08400000000000002,0,-0.08400000000000002]","12.600143998771005","13"
"lathe-ideal-posture--.05","lathe","dx","ideal","known bulk fixture via evaluate","{""X"":0,""Y"":0,""Z"":0,""A"":0,""C"":0}","[-0.08400000000000002,0,0.08400000000000002,0.08400000000000002,0,-0.08400000000000002]","76.86011246541277","77"
"lathe-ideal-posture--.05","lathe","dy","ideal","known bulk fixture via evaluate","{""X"":0,""Y"":0,""Z"":0,""A"":0,""C"":0}","[-0.08400000000000002,0,0.08400000000000002,0.08400000000000002,0,-0.08400000000000002]","1.271460024892801","1"
"lathe-ideal-posture--.05","lathe","barSide","ideal","known bulk fixture via evaluate","{""X"":0,""Y"":0,""Z"":0,""A"":0,""C"":0}","[-0.08400000000000002,0,0.08400000000000002,0.08400000000000002,0,-0.08400000000000002]","-12.600025872628457","-13"
"lathe-ideal-posture--.05","lathe","barTop","ideal","known bulk fixture via evaluate","{""X"":0,""Y"":0,""Z"":0,""A"":0,""C"":0}","[-0.08400000000000002,0,0.08400000000000002,0.08400000000000002,0,-0.08400000000000002]","-0.003269711012360288","0"
"lathe-ideal-posture--.05","lathe","runoutRoot","ideal","known bulk fixture via evaluate","{""X"":0,""Y"":0,""Z"":0,""A"":0,""C"":0}","[-0.08400000000000002,0,0.08400000000000002,0.08400000000000002,0,-0.08400000000000002]","0","0"
"lathe-ideal-posture--.05","lathe","runoutTip","ideal","known bulk fixture via evaluate","{""X"":0,""Y"":0,""Z"":0,""A"":0,""C"":0}","[-0.08400000000000002,0,0.08400000000000002,0.08400000000000002,0,-0.08400000000000002]","0","0"
"lathe-ideal-posture--.05","lathe","borea","ideal","known bulk fixture via evaluate","{""X"":0,""Y"":0,""Z"":0,""A"":0,""C"":0}","[-0.08400000000000002,0,0.08400000000000002,0.08400000000000002,0,-0.08400000000000002]","0","0"
"lathe-ideal-posture--.05","lathe","boreb","ideal","known bulk fixture via evaluate","{""X"":0,""Y"":0,""Z"":0,""A"":0,""C"":0}","[-0.08400000000000002,0,0.08400000000000002,0.08400000000000002,0,-0.08400000000000002]","75.70676992526073","76"
"lathe-ideal-posture--.05","lathe","borec","ideal","known bulk fixture via evaluate","{""X"":0,""Y"":0,""Z"":0,""A"":0,""C"":0}","[-0.08400000000000002,0,0.08400000000000002,0.08400000000000002,0,-0.08400000000000002]","153.720224930827","154"
"lathe-ideal-posture--.05","lathe","bored","ideal","known bulk fixture via evaluate","{""X"":0,""Y"":0,""Z"":0,""A"":0,""C"":0}","[-0.08400000000000002,0,0.08400000000000002,0.08400000000000002,0,-0.08400000000000002]","78.2496899750483","78"
"lathe-ideal--.05-X-100","lathe","face","ideal","bulk support fixture; real axis slider","{""X"":-100,""Y"":0,""Z"":0,""A"":0,""C"":0}","[-0.08400000000000002,0,0.08400000000000002,0.08400000000000002,0,-0.08400000000000002]","-5.204170427930421e-12","0"
"lathe-ideal--.05-X-100","lathe","flat","ideal","bulk support fixture; real axis slider","{""X"":-100,""Y"":0,""Z"":0,""A"":0,""C"":0}","[-0.08400000000000002,0,0.08400000000000002,0.08400000000000002,0,-0.08400000000000002]","12.60010462380938","13"
"lathe-ideal--.05-X-100","lathe","dx","ideal","bulk support fixture; real axis slider","{""X"":-100,""Y"":0,""Z"":0,""A"":0,""C"":0}","[-0.08400000000000002,0,0.08400000000000002,0.08400000000000002,0,-0.08400000000000002]","76.86011246541277","77"
"lathe-ideal--.05-X-100","lathe","dy","ideal","bulk support fixture; real axis slider","{""X"":-100,""Y"":0,""Z"":0,""A"":0,""C"":0}","[-0.08400000000000002,0,0.08400000000000002,0.08400000000000002,0,-0.08400000000000002]","1.271460024892801","1"
"lathe-ideal--.05-X-100","lathe","barSide","ideal","bulk support fixture; real axis slider","{""X"":-100,""Y"":0,""Z"":0,""A"":0,""C"":0}","[-0.08400000000000002,0,0.08400000000000002,0.08400000000000002,0,-0.08400000000000002]","-12.600025872569475","-13"
"lathe-ideal--.05-X-100","lathe","barTop","ideal","bulk support fixture; real axis slider","{""X"":-100,""Y"":0,""Z"":0,""A"":0,""C"":0}","[-0.08400000000000002,0,0.08400000000000002,0.08400000000000002,0,-0.08400000000000002]","-0.003269711012360288","0"
"lathe-ideal--.05-X-100","lathe","runoutRoot","ideal","bulk support fixture; real axis slider","{""X"":-100,""Y"":0,""Z"":0,""A"":0,""C"":0}","[-0.08400000000000002,0,0.08400000000000002,0.08400000000000002,0,-0.08400000000000002]","0","0"
"lathe-ideal--.05-X-100","lathe","runoutTip","ideal","bulk support fixture; real axis slider","{""X"":-100,""Y"":0,""Z"":0,""A"":0,""C"":0}","[-0.08400000000000002,0,0.08400000000000002,0.08400000000000002,0,-0.08400000000000002]","0","0"
"lathe-ideal--.05-X-100","lathe","borea","ideal","bulk support fixture; real axis slider","{""X"":-100,""Y"":0,""Z"":0,""A"":0,""C"":0}","[-0.08400000000000002,0,0.08400000000000002,0.08400000000000002,0,-0.08400000000000002]","0","0"
"lathe-ideal--.05-X-100","lathe","boreb","ideal","bulk support fixture; real axis slider","{""X"":-100,""Y"":0,""Z"":0,""A"":0,""C"":0}","[-0.08400000000000002,0,0.08400000000000002,0.08400000000000002,0,-0.08400000000000002]","75.70676992526073","76"
"lathe-ideal--.05-X-100","lathe","borec","ideal","bulk support fixture; real axis slider","{""X"":-100,""Y"":0,""Z"":0,""A"":0,""C"":0}","[-0.08400000000000002,0,0.08400000000000002,0.08400000000000002,0,-0.08400000000000002]","153.720224930827","154"
"lathe-ideal--.05-X-100","lathe","bored","ideal","bulk support fixture; real axis slider","{""X"":-100,""Y"":0,""Z"":0,""A"":0,""C"":0}","[-0.08400000000000002,0,0.08400000000000002,0.08400000000000002,0,-0.08400000000000002]","78.2496899750483","78"
"lathe-ideal--.05-X100","lathe","face","ideal","bulk support fixture; real axis slider","{""X"":100,""Y"":0,""Z"":0,""A"":0,""C"":0}","[-0.08400000000000002,0,0.08400000000000002,0.08400000000000002,0,-0.08400000000000002]","-5.204170427930421e-12","0"
"lathe-ideal--.05-X100","lathe","flat","ideal","bulk support fixture; real axis slider","{""X"":100,""Y"":0,""Z"":0,""A"":0,""C"":0}","[-0.08400000000000002,0,0.08400000000000002,0.08400000000000002,0,-0.08400000000000002]","12.600183373732628","13"
"lathe-ideal--.05-X100","lathe","dx","ideal","bulk support fixture; real axis slider","{""X"":100,""Y"":0,""Z"":0,""A"":0,""C"":0}","[-0.08400000000000002,0,0.08400000000000002,0.08400000000000002,0,-0.08400000000000002]","76.86011246541277","77"
"lathe-ideal--.05-X100","lathe","dy","ideal","bulk support fixture; real axis slider","{""X"":100,""Y"":0,""Z"":0,""A"":0,""C"":0}","[-0.08400000000000002,0,0.08400000000000002,0.08400000000000002,0,-0.08400000000000002]","1.271460024892801","1"
"lathe-ideal--.05-X100","lathe","barSide","ideal","bulk support fixture; real axis slider","{""X"":100,""Y"":0,""Z"":0,""A"":0,""C"":0}","[-0.08400000000000002,0,0.08400000000000002,0.08400000000000002,0,-0.08400000000000002]","-12.600025872517435","-13"
"lathe-ideal--.05-X100","lathe","barTop","ideal","bulk support fixture; real axis slider","{""X"":100,""Y"":0,""Z"":0,""A"":0,""C"":0}","[-0.08400000000000002,0,0.08400000000000002,0.08400000000000002,0,-0.08400000000000002]","-0.003269711012360288","0"
"lathe-ideal--.05-X100","lathe","runoutRoot","ideal","bulk support fixture; real axis slider","{""X"":100,""Y"":0,""Z"":0,""A"":0,""C"":0}","[-0.08400000000000002,0,0.08400000000000002,0.08400000000000002,0,-0.08400000000000002]","0","0"
"lathe-ideal--.05-X100","lathe","runoutTip","ideal","bulk support fixture; real axis slider","{""X"":100,""Y"":0,""Z"":0,""A"":0,""C"":0}","[-0.08400000000000002,0,0.08400000000000002,0.08400000000000002,0,-0.08400000000000002]","0","0"
"lathe-ideal--.05-X100","lathe","borea","ideal","bulk support fixture; real axis slider","{""X"":100,""Y"":0,""Z"":0,""A"":0,""C"":0}","[-0.08400000000000002,0,0.08400000000000002,0.08400000000000002,0,-0.08400000000000002]","0","0"
"lathe-ideal--.05-X100","lathe","boreb","ideal","bulk support fixture; real axis slider","{""X"":100,""Y"":0,""Z"":0,""A"":0,""C"":0}","[-0.08400000000000002,0,0.08400000000000002,0.08400000000000002,0,-0.08400000000000002]","75.70676992526073","76"
"lathe-ideal--.05-X100","lathe","borec","ideal","bulk support fixture; real axis slider","{""X"":100,""Y"":0,""Z"":0,""A"":0,""C"":0}","[-0.08400000000000002,0,0.08400000000000002,0.08400000000000002,0,-0.08400000000000002]","153.720224930827","154"
"lathe-ideal--.05-X100","lathe","bored","ideal","bulk support fixture; real axis slider","{""X"":100,""Y"":0,""Z"":0,""A"":0,""C"":0}","[-0.08400000000000002,0,0.08400000000000002,0.08400000000000002,0,-0.08400000000000002]","78.2496899750483","78"
"lathe-ideal--.05-Z-100","lathe","face","ideal","bulk support fixture; real axis slider","{""X"":0,""Y"":0,""Z"":-100,""A"":0,""C"":0}","[-0.08400000000000002,0,0.08400000000000002,0.08400000000000002,0,-0.08400000000000002]","1.5612511283791264e-11","0"
"lathe-ideal--.05-Z-100","lathe","flat","ideal","bulk support fixture; real axis slider","{""X"":0,""Y"":0,""Z"":-100,""A"":0,""C"":0}","[-0.08400000000000002,0,0.08400000000000002,0.08400000000000002,0,-0.08400000000000002]","12.60014399343673","13"
"lathe-ideal--.05-Z-100","lathe","dx","ideal","bulk support fixture; real axis slider","{""X"":0,""Y"":0,""Z"":-100,""A"":0,""C"":0}","[-0.08400000000000002,0,0.08400000000000002,0.08400000000000002,0,-0.08400000000000002]","47.46018343159662","47"
"lathe-ideal--.05-Z-100","lathe","dy","ideal","bulk support fixture; real axis slider","{""X"":0,""Y"":0,""Z"":-100,""A"":0,""C"":0}","[-0.08400000000000002,0,0.08400000000000002,0.08400000000000002,0,-0.08400000000000002]","1.2736356214999536","1"
"lathe-ideal--.05-Z-100","lathe","barSide","ideal","bulk support fixture; real axis slider","{""X"":0,""Y"":0,""Z"":-100,""A"":0,""C"":0}","[-0.08400000000000002,0,0.08400000000000002,0.08400000000000002,0,-0.08400000000000002]","-12.599947117317157","-13"
"lathe-ideal--.05-Z-100","lathe","barTop","ideal","bulk support fixture; real axis slider","{""X"":0,""Y"":0,""Z"":-100,""A"":0,""C"":0}","[-0.08400000000000002,0,0.08400000000000002,0.08400000000000002,0,-0.08400000000000002]","-0.003269676140948974","0"
"lathe-ideal--.05-Z-100","lathe","runoutRoot","ideal","bulk support fixture; real axis slider","{""X"":0,""Y"":0,""Z"":-100,""A"":0,""C"":0}","[-0.08400000000000002,0,0.08400000000000002,0.08400000000000002,0,-0.08400000000000002]","0","0"
"lathe-ideal--.05-Z-100","lathe","runoutTip","ideal","bulk support fixture; real axis slider","{""X"":0,""Y"":0,""Z"":-100,""A"":0,""C"":0}","[-0.08400000000000002,0,0.08400000000000002,0.08400000000000002,0,-0.08400000000000002]","0","0"
"lathe-ideal--.05-Z-100","lathe","borea","ideal","bulk support fixture; real axis slider","{""X"":0,""Y"":0,""Z"":-100,""A"":0,""C"":0}","[-0.08400000000000002,0,0.08400000000000002,0.08400000000000002,0,-0.08400000000000002]","0","0"
"lathe-ideal--.05-Z-100","lathe","boreb","ideal","bulk support fixture; real axis slider","{""X"":0,""Y"":0,""Z"":-100,""A"":0,""C"":0}","[-0.08400000000000002,0,0.08400000000000002,0.08400000000000002,0,-0.08400000000000002]","46.23156478795673","46"
"lathe-ideal--.05-Z-100","lathe","borec","ideal","bulk support fixture; real axis slider","{""X"":0,""Y"":0,""Z"":-100,""A"":0,""C"":0}","[-0.08400000000000002,0,0.08400000000000002,0.08400000000000002,0,-0.08400000000000002]","94.92036686319094","95"
"lathe-ideal--.05-Z-100","lathe","bored","ideal","bulk support fixture; real axis slider","{""X"":0,""Y"":0,""Z"":-100,""A"":0,""C"":0}","[-0.08400000000000002,0,0.08400000000000002,0.08400000000000002,0,-0.08400000000000002]","48.77883603095559","49"
"lathe-ideal--.05-Z100","lathe","face","ideal","bulk support fixture; real axis slider","{""X"":0,""Y"":0,""Z"":100,""A"":0,""C"":0}","[-0.08400000000000002,0,0.08400000000000002,0.08400000000000002,0,-0.08400000000000002]","2.949029909160572e-11","0"
"lathe-ideal--.05-Z100","lathe","flat","ideal","bulk support fixture; real axis slider","{""X"":0,""Y"":0,""Z"":100,""A"":0,""C"":0}","[-0.08400000000000002,0,0.08400000000000002,0.08400000000000002,0,-0.08400000000000002]","12.600143987592446","13"
"lathe-ideal--.05-Z100","lathe","dx","ideal","bulk support fixture; real axis slider","{""X"":0,""Y"":0,""Z"":100,""A"":0,""C"":0}","[-0.08400000000000002,0,0.08400000000000002,0.08400000000000002,0,-0.08400000000000002]","106.26022514685454","106"
"lathe-ideal--.05-Z100","lathe","dy","ideal","bulk support fixture; real axis slider","{""X"":0,""Y"":0,""Z"":100,""A"":0,""C"":0}","[-0.08400000000000002,0,0.08400000000000002,0.08400000000000002,0,-0.08400000000000002]","1.268255410439863","1"
"lathe-ideal--.05-Z100","lathe","barSide","ideal","bulk support fixture; real axis slider","{""X"":0,""Y"":0,""Z"":100,""A"":0,""C"":0}","[-0.08400000000000002,0,0.08400000000000002,0.08400000000000002,0,-0.08400000000000002]","-12.60007086175026","-13"
"lathe-ideal--.05-Z100","lathe","barTop","ideal","bulk support fixture; real axis slider","{""X"":0,""Y"":0,""Z"":100,""A"":0,""C"":0}","[-0.08400000000000002,0,0.08400000000000002,0.08400000000000002,0,-0.08400000000000002]","-0.0032697279866295004","0"
"lathe-ideal--.05-Z100","lathe","runoutRoot","ideal","bulk support fixture; real axis slider","{""X"":0,""Y"":0,""Z"":100,""A"":0,""C"":0}","[-0.08400000000000002,0,0.08400000000000002,0.08400000000000002,0,-0.08400000000000002]","0","0"
"lathe-ideal--.05-Z100","lathe","runoutTip","ideal","bulk support fixture; real axis slider","{""X"":0,""Y"":0,""Z"":100,""A"":0,""C"":0}","[-0.08400000000000002,0,0.08400000000000002,0.08400000000000002,0,-0.08400000000000002]","0","0"
"lathe-ideal--.05-Z100","lathe","borea","ideal","bulk support fixture; real axis slider","{""X"":0,""Y"":0,""Z"":100,""A"":0,""C"":0}","[-0.08400000000000002,0,0.08400000000000002,0.08400000000000002,0,-0.08400000000000002]","0","0"
"lathe-ideal--.05-Z100","lathe","boreb","ideal","bulk support fixture; real axis slider","{""X"":0,""Y"":0,""Z"":100,""A"":0,""C"":0}","[-0.08400000000000002,0,0.08400000000000002,0.08400000000000002,0,-0.08400000000000002]","105.21776329588603","105"
"lathe-ideal--.05-Z100","lathe","borec","ideal","bulk support fixture; real axis slider","{""X"":0,""Y"":0,""Z"":100,""A"":0,""C"":0}","[-0.08400000000000002,0,0.08400000000000002,0.08400000000000002,0,-0.08400000000000002]","212.52045029370586","213"
"lathe-ideal--.05-Z100","lathe","bored","ideal","bulk support fixture; real axis slider","{""X"":0,""Y"":0,""Z"":100,""A"":0,""C"":0}","[-0.08400000000000002,0,0.08400000000000002,0.08400000000000002,0,-0.08400000000000002]","107.75427411676905","108"
"lathe-ideal-asymmetric","lathe","face","ideal","bulk support fixture; real sliders","{""X"":37,""Y"":0,""Z"":-62,""A"":0,""C"":0}","[0.08400000000000002,0,-0.08400000000000002,-0.08400000000000002,0,0.08400000000000002]","7.806255641895632e-11","0"
"lathe-ideal-asymmetric","lathe","flat","ideal","bulk support fixture; real sliders","{""X"":37,""Y"":0,""Z"":-62,""A"":0,""C"":0}","[0.08400000000000002,0,-0.08400000000000002,-0.08400000000000002,0,0.08400000000000002]","-12.599841429896536","-13"
"lathe-ideal-asymmetric","lathe","dx","ideal","bulk support fixture; real sliders","{""X"":37,""Y"":0,""Z"":-62,""A"":0,""C"":0}","[0.08400000000000002,0,-0.08400000000000002,-0.08400000000000002,0,0.08400000000000002]","-58.63186470551129","-59"
"lathe-ideal-asymmetric","lathe","dy","ideal","bulk support fixture; real sliders","{""X"":37,""Y"":0,""Z"":-62,""A"":0,""C"":0}","[0.08400000000000002,0,-0.08400000000000002,-0.08400000000000002,0,0.08400000000000002]","-1.2770698751345742","-1"
"lathe-ideal-asymmetric","lathe","barSide","ideal","bulk support fixture; real sliders","{""X"":37,""Y"":0,""Z"":-62,""A"":0,""C"":0}","[0.08400000000000002,0,-0.08400000000000002,-0.08400000000000002,0,0.08400000000000002]","12.600022947990494","13"
"lathe-ideal-asymmetric","lathe","barTop","ideal","bulk support fixture; real sliders","{""X"":37,""Y"":0,""Z"":-62,""A"":0,""C"":0}","[0.08400000000000002,0,-0.08400000000000002,-0.08400000000000002,0,0.08400000000000002]","-0.0032697099801998197","0"
"lathe-ideal-asymmetric","lathe","runoutRoot","ideal","bulk support fixture; real sliders","{""X"":37,""Y"":0,""Z"":-62,""A"":0,""C"":0}","[0.08400000000000002,0,-0.08400000000000002,-0.08400000000000002,0,0.08400000000000002]","0","0"
"lathe-ideal-asymmetric","lathe","runoutTip","ideal","bulk support fixture; real sliders","{""X"":37,""Y"":0,""Z"":-62,""A"":0,""C"":0}","[0.08400000000000002,0,-0.08400000000000002,-0.08400000000000002,0,0.08400000000000002]","0","0"
"lathe-ideal-asymmetric","lathe","borea","ideal","bulk support fixture; real sliders","{""X"":37,""Y"":0,""Z"":-62,""A"":0,""C"":0}","[0.08400000000000002,0,-0.08400000000000002,-0.08400000000000002,0,0.08400000000000002]","0","0"
"lathe-ideal-asymmetric","lathe","boreb","ideal","bulk support fixture; real sliders","{""X"":37,""Y"":0,""Z"":-62,""A"":0,""C"":0}","[0.08400000000000002,0,-0.08400000000000002,-0.08400000000000002,0,0.08400000000000002]","-57.286073442807535","-57"
"lathe-ideal-asymmetric","lathe","borec","ideal","bulk support fixture; real sliders","{""X"":37,""Y"":0,""Z"":-62,""A"":0,""C"":0}","[0.08400000000000002,0,-0.08400000000000002,-0.08400000000000002,0,0.08400000000000002]","-117.26372941102403","-117"
"lathe-ideal-asymmetric","lathe","bored","ideal","bulk support fixture; real sliders","{""X"":37,""Y"":0,""Z"":-62,""A"":0,""C"":0}","[0.08400000000000002,0,-0.08400000000000002,-0.08400000000000002,0,0.08400000000000002]","-59.84021319307628","-60"
"lathe-used-flat","lathe","face","used123456","known bulk fixture via evaluate","{""X"":0,""Y"":0,""Z"":0,""A"":0,""C"":0}","[0,0,0,0,0,0]","-3.7579390983043943","-4"
"lathe-used-flat","lathe","flat","used123456","known bulk fixture via evaluate","{""X"":0,""Y"":0,""Z"":0,""A"":0,""C"":0}","[0,0,0,0,0,0]","7.826992527158391","8"
"lathe-used-flat","lathe","dx","used123456","known bulk fixture via evaluate","{""X"":0,""Y"":0,""Z"":0,""A"":0,""C"":0}","[0,0,0,0,0,0]","123.79637200451012","124"
"lathe-used-flat","lathe","dy","used123456","known bulk fixture via evaluate","{""X"":0,""Y"":0,""Z"":0,""A"":0,""C"":0}","[0,0,0,0,0,0]","-2.65720293390892","-3"
"lathe-used-flat","lathe","barSide","used123456","known bulk fixture via evaluate","{""X"":0,""Y"":0,""Z"":0,""A"":0,""C"":0}","[0,0,0,0,0,0]","-16.958999990972917","-17"
"lathe-used-flat","lathe","barTop","used123456","known bulk fixture via evaluate","{""X"":0,""Y"":0,""Z"":0,""A"":0,""C"":0}","[0,0,0,0,0,0]","-0.00575215427546516","0"
"lathe-used-flat","lathe","runoutRoot","used123456","known bulk fixture via evaluate","{""X"":0,""Y"":0,""Z"":0,""A"":0,""C"":0}","[0,0,0,0,0,0]","11.98505076393485","12"
"lathe-used-flat","lathe","runoutTip","used123456","known bulk fixture via evaluate","{""X"":0,""Y"":0,""Z"":0,""A"":0,""C"":0}","[0,0,0,0,0,0]","14.39028429697391","14"
"lathe-used-flat","lathe","borea","used123456","known bulk fixture via evaluate","{""X"":0,""Y"":0,""Z"":0,""A"":0,""C"":0}","[0,0,0,0,0,0]","0","0"
"lathe-used-flat","lathe","boreb","used123456","known bulk fixture via evaluate","{""X"":0,""Y"":0,""Z"":0,""A"":0,""C"":0}","[0,0,0,0,0,0]","126.75994643730066","127"
"lathe-used-flat","lathe","borec","used123456","known bulk fixture via evaluate","{""X"":0,""Y"":0,""Z"":0,""A"":0,""C"":0}","[0,0,0,0,0,0]","247.59274400901893","248"
"lathe-used-flat","lathe","bored","used123456","known bulk fixture via evaluate","{""X"":0,""Y"":0,""Z"":0,""A"":0,""C"":0}","[0,0,0,0,0,0]","121.44554056948282","121"
"lathe-used-0-0.001-start","lathe","face","used123456","real support map and step buttons","{""X"":0,""Y"":0,""Z"":0,""A"":0,""C"":0}","[0,0,0,0,0,0]","-3.7579390983043943","-4"
"lathe-used-0-0.001-start","lathe","flat","used123456","real support map and step buttons","{""X"":0,""Y"":0,""Z"":0,""A"":0,""C"":0}","[0,0,0,0,0,0]","7.826992527158391","8"
"lathe-used-0-0.001-start","lathe","dx","used123456","real support map and step buttons","{""X"":0,""Y"":0,""Z"":0,""A"":0,""C"":0}","[0,0,0,0,0,0]","123.79637200451012","124"
"lathe-used-0-0.001-start","lathe","dy","used123456","real support map and step buttons","{""X"":0,""Y"":0,""Z"":0,""A"":0,""C"":0}","[0,0,0,0,0,0]","-2.65720293390892","-3"
"lathe-used-0-0.001-start","lathe","barSide","used123456","real support map and step buttons","{""X"":0,""Y"":0,""Z"":0,""A"":0,""C"":0}","[0,0,0,0,0,0]","-16.958999990972917","-17"
"lathe-used-0-0.001-start","lathe","barTop","used123456","real support map and step buttons","{""X"":0,""Y"":0,""Z"":0,""A"":0,""C"":0}","[0,0,0,0,0,0]","-0.00575215427546516","0"
"lathe-used-0-0.001-start","lathe","runoutRoot","used123456","real support map and step buttons","{""X"":0,""Y"":0,""Z"":0,""A"":0,""C"":0}","[0,0,0,0,0,0]","11.98505076393485","12"
"lathe-used-0-0.001-start","lathe","runoutTip","used123456","real support map and step buttons","{""X"":0,""Y"":0,""Z"":0,""A"":0,""C"":0}","[0,0,0,0,0,0]","14.39028429697391","14"
"lathe-used-0-0.001-start","lathe","borea","used123456","real support map and step buttons","{""X"":0,""Y"":0,""Z"":0,""A"":0,""C"":0}","[0,0,0,0,0,0]","0","0"
"lathe-used-0-0.001-start","lathe","boreb","used123456","real support map and step buttons","{""X"":0,""Y"":0,""Z"":0,""A"":0,""C"":0}","[0,0,0,0,0,0]","126.75994643730066","127"
"lathe-used-0-0.001-start","lathe","borec","used123456","real support map and step buttons","{""X"":0,""Y"":0,""Z"":0,""A"":0,""C"":0}","[0,0,0,0,0,0]","247.59274400901893","248"
"lathe-used-0-0.001-start","lathe","bored","used123456","real support map and step buttons","{""X"":0,""Y"":0,""Z"":0,""A"":0,""C"":0}","[0,0,0,0,0,0]","121.44554056948282","121"
"lathe-used-0-0.001-plus","lathe","face","used123456","real raise/lower button","{""X"":0,""Y"":0,""Z"":0,""A"":0,""C"":0}","[0.001,0,0,0,0,0]","-3.757939098306129","-4"
"lathe-used-0-0.001-plus","lathe","flat","used123456","real raise/lower button","{""X"":0,""Y"":0,""Z"":0,""A"":0,""C"":0}","[0.001,0,0,0,0,0]","7.826992527045634","8"
"lathe-used-0-0.001-plus","lathe","dx","used123456","real raise/lower button","{""X"":0,""Y"":0,""Z"":0,""A"":0,""C"":0}","[0.001,0,0,0,0,0]","123.35886152809616","123"
"lathe-used-0-0.001-plus","lathe","dy","used123456","real raise/lower button","{""X"":0,""Y"":0,""Z"":0,""A"":0,""C"":0}","[0.001,0,0,0,0,0]","-2.6796874718182426","-3"
"lathe-used-0-0.001-plus","lathe","barSide","used123456","real raise/lower button","{""X"":0,""Y"":0,""Z"":0,""A"":0,""C"":0}","[0.001,0,0,0,0,0]","-16.959000079291158","-17"
"lathe-used-0-0.001-plus","lathe","barTop","used123456","real raise/lower button","{""X"":0,""Y"":0,""Z"":0,""A"":0,""C"":0}","[0.001,0,0,0,0,0]","-0.0807521542602746","0"
"lathe-used-0-0.001-plus","lathe","runoutRoot","used123456","real raise/lower button","{""X"":0,""Y"":0,""Z"":0,""A"":0,""C"":0}","[0.001,0,0,0,0,0]","11.98505076393485","12"
"lathe-used-0-0.001-plus","lathe","runoutTip","used123456","real raise/lower button","{""X"":0,""Y"":0,""Z"":0,""A"":0,""C"":0}","[0.001,0,0,0,0,0]","14.39028429697391","14"
"lathe-used-0-0.001-plus","lathe","borea","used123456","real raise/lower button","{""X"":0,""Y"":0,""Z"":0,""A"":0,""C"":0}","[0.001,0,0,0,0,0]","0","0"
"lathe-used-0-0.001-plus","lathe","boreb","used123456","real raise/lower button","{""X"":0,""Y"":0,""Z"":0,""A"":0,""C"":0}","[0.001,0,0,0,0,0]","126.34275541234183","126"
"lathe-used-0-0.001-plus","lathe","borec","used123456","real raise/lower button","{""X"":0,""Y"":0,""Z"":0,""A"":0,""C"":0}","[0.001,0,0,0,0,0]","246.71772305619177","247"
"lathe-used-0-0.001-plus","lathe","bored","used123456","real raise/lower button","{""X"":0,""Y"":0,""Z"":0,""A"":0,""C"":0}","[0.001,0,0,0,0,0]","120.98338046870674","121"
"lathe-used-0-0.001-plus-restored","lathe","face","used123456","real inverse support button","{""X"":0,""Y"":0,""Z"":0,""A"":0,""C"":0}","[0,0,0,0,0,0]","-3.7579390983043943","-4"
"lathe-used-0-0.001-plus-restored","lathe","flat","used123456","real inverse support button","{""X"":0,""Y"":0,""Z"":0,""A"":0,""C"":0}","[0,0,0,0,0,0]","7.826992527158391","8"
"lathe-used-0-0.001-plus-restored","lathe","dx","used123456","real inverse support button","{""X"":0,""Y"":0,""Z"":0,""A"":0,""C"":0}","[0,0,0,0,0,0]","123.79637200451012","124"
"lathe-used-0-0.001-plus-restored","lathe","dy","used123456","real inverse support button","{""X"":0,""Y"":0,""Z"":0,""A"":0,""C"":0}","[0,0,0,0,0,0]","-2.65720293390892","-3"
"lathe-used-0-0.001-plus-restored","lathe","barSide","used123456","real inverse support button","{""X"":0,""Y"":0,""Z"":0,""A"":0,""C"":0}","[0,0,0,0,0,0]","-16.958999990972917","-17"
"lathe-used-0-0.001-plus-restored","lathe","barTop","used123456","real inverse support button","{""X"":0,""Y"":0,""Z"":0,""A"":0,""C"":0}","[0,0,0,0,0,0]","-0.00575215427546516","0"
"lathe-used-0-0.001-plus-restored","lathe","runoutRoot","used123456","real inverse support button","{""X"":0,""Y"":0,""Z"":0,""A"":0,""C"":0}","[0,0,0,0,0,0]","11.98505076393485","12"
"lathe-used-0-0.001-plus-restored","lathe","runoutTip","used123456","real inverse support button","{""X"":0,""Y"":0,""Z"":0,""A"":0,""C"":0}","[0,0,0,0,0,0]","14.39028429697391","14"
"lathe-used-0-0.001-plus-restored","lathe","borea","used123456","real inverse support button","{""X"":0,""Y"":0,""Z"":0,""A"":0,""C"":0}","[0,0,0,0,0,0]","0","0"
"lathe-used-0-0.001-plus-restored","lathe","boreb","used123456","real inverse support button","{""X"":0,""Y"":0,""Z"":0,""A"":0,""C"":0}","[0,0,0,0,0,0]","126.75994643730066","127"
"lathe-used-0-0.001-plus-restored","lathe","borec","used123456","real inverse support button","{""X"":0,""Y"":0,""Z"":0,""A"":0,""C"":0}","[0,0,0,0,0,0]","247.59274400901893","248"
"lathe-used-0-0.001-plus-restored","lathe","bored","used123456","real inverse support button","{""X"":0,""Y"":0,""Z"":0,""A"":0,""C"":0}","[0,0,0,0,0,0]","121.44554056948282","121"
"lathe-used-0-0.001-minus","lathe","face","used123456","real raise/lower button","{""X"":0,""Y"":0,""Z"":0,""A"":0,""C"":0}","[-0.001,0,0,0,0,0]","-3.757939098306129","-4"
"lathe-used-0-0.001-minus","lathe","flat","used123456","real raise/lower button","{""X"":0,""Y"":0,""Z"":0,""A"":0,""C"":0}","[-0.001,0,0,0,0,0]","7.826992527045634","8"
"lathe-used-0-0.001-minus","lathe","dx","used123456","real raise/lower button","{""X"":0,""Y"":0,""Z"":0,""A"":0,""C"":0}","[-0.001,0,0,0,0,0]","124.23388250130314","124"
"lathe-used-0-0.001-minus","lathe","dy","used123456","real raise/lower button","{""X"":0,""Y"":0,""Z"":0,""A"":0,""C"":0}","[-0.001,0,0,0,0,0]","-2.634718676507587","-3"
"lathe-used-0-0.001-minus","lathe","barSide","used123456","real raise/lower button","{""X"":0,""Y"":0,""Z"":0,""A"":0,""C"":0}","[-0.001,0,0,0,0,0]","-16.959000079291158","-17"
"lathe-used-0-0.001-minus","lathe","barTop","used123456","real raise/lower button","{""X"":0,""Y"":0,""Z"":0,""A"":0,""C"":0}","[-0.001,0,0,0,0,0]","0.0692478457475082","0"
"lathe-used-0-0.001-minus","lathe","runoutRoot","used123456","real raise/lower button","{""X"":0,""Y"":0,""Z"":0,""A"":0,""C"":0}","[-0.001,0,0,0,0,0]","11.98505076393485","12"
"lathe-used-0-0.001-minus","lathe","runoutTip","used123456","real raise/lower button","{""X"":0,""Y"":0,""Z"":0,""A"":0,""C"":0}","[-0.001,0,0,0,0,0]","14.39028429697391","14"
"lathe-used-0-0.001-minus","lathe","borea","used123456","real raise/lower button","{""X"":0,""Y"":0,""Z"":0,""A"":0,""C"":0}","[-0.001,0,0,0,0,0]","0","0"
"lathe-used-0-0.001-minus","lathe","boreb","used123456","real raise/lower button","{""X"":0,""Y"":0,""Z"":0,""A"":0,""C"":0}","[-0.001,0,0,0,0,0]","127.17714539989267","127"
"lathe-used-0-0.001-minus","lathe","borec","used123456","real raise/lower button","{""X"":0,""Y"":0,""Z"":0,""A"":0,""C"":0}","[-0.001,0,0,0,0,0]","248.46776500260515","248"
"lathe-used-0-0.001-minus","lathe","bored","used123456","real raise/lower button","{""X"":0,""Y"":0,""Z"":0,""A"":0,""C"":0}","[-0.001,0,0,0,0,0]","121.90770804687557","122"
"lathe-used-0-0.001-minus-restored","lathe","face","used123456","real inverse support button","{""X"":0,""Y"":0,""Z"":0,""A"":0,""C"":0}","[0,0,0,0,0,0]","-3.7579390983043943","-4"
"lathe-used-0-0.001-minus-restored","lathe","flat","used123456","real inverse support button","{""X"":0,""Y"":0,""Z"":0,""A"":0,""C"":0}","[0,0,0,0,0,0]","7.826992527158391","8"
"lathe-used-0-0.001-minus-restored","lathe","dx","used123456","real inverse support button","{""X"":0,""Y"":0,""Z"":0,""A"":0,""C"":0}","[0,0,0,0,0,0]","123.79637200451012","124"
"lathe-used-0-0.001-minus-restored","lathe","dy","used123456","real inverse support button","{""X"":0,""Y"":0,""Z"":0,""A"":0,""C"":0}","[0,0,0,0,0,0]","-2.65720293390892","-3"
"lathe-used-0-0.001-minus-restored","lathe","barSide","used123456","real inverse support button","{""X"":0,""Y"":0,""Z"":0,""A"":0,""C"":0}","[0,0,0,0,0,0]","-16.958999990972917","-17"
"lathe-used-0-0.001-minus-restored","lathe","barTop","used123456","real inverse support button","{""X"":0,""Y"":0,""Z"":0,""A"":0,""C"":0}","[0,0,0,0,0,0]","-0.00575215427546516","0"
"lathe-used-0-0.001-minus-restored","lathe","runoutRoot","used123456","real inverse support button","{""X"":0,""Y"":0,""Z"":0,""A"":0,""C"":0}","[0,0,0,0,0,0]","11.98505076393485","12"
"lathe-used-0-0.001-minus-restored","lathe","runoutTip","used123456","real inverse support button","{""X"":0,""Y"":0,""Z"":0,""A"":0,""C"":0}","[0,0,0,0,0,0]","14.39028429697391","14"
"lathe-used-0-0.001-minus-restored","lathe","borea","used123456","real inverse support button","{""X"":0,""Y"":0,""Z"":0,""A"":0,""C"":0}","[0,0,0,0,0,0]","0","0"
"lathe-used-0-0.001-minus-restored","lathe","boreb","used123456","real inverse support button","{""X"":0,""Y"":0,""Z"":0,""A"":0,""C"":0}","[0,0,0,0,0,0]","126.75994643730066","127"
"lathe-used-0-0.001-minus-restored","lathe","borec","used123456","real inverse support button","{""X"":0,""Y"":0,""Z"":0,""A"":0,""C"":0}","[0,0,0,0,0,0]","247.59274400901893","248"
"lathe-used-0-0.001-minus-restored","lathe","bored","used123456","real inverse support button","{""X"":0,""Y"":0,""Z"":0,""A"":0,""C"":0}","[0,0,0,0,0,0]","121.44554056948282","121"
"lathe-used-0-0.01-start","lathe","face","used123456","real support map and step buttons","{""X"":0,""Y"":0,""Z"":0,""A"":0,""C"":0}","[0,0,0,0,0,0]","-3.7579390983043943","-4"
"lathe-used-0-0.01-start","lathe","flat","used123456","real support map and step buttons","{""X"":0,""Y"":0,""Z"":0,""A"":0,""C"":0}","[0,0,0,0,0,0]","7.826992527158391","8"
"lathe-used-0-0.01-start","lathe","dx","used123456","real support map and step buttons","{""X"":0,""Y"":0,""Z"":0,""A"":0,""C"":0}","[0,0,0,0,0,0]","123.79637200451012","124"
"lathe-used-0-0.01-start","lathe","dy","used123456","real support map and step buttons","{""X"":0,""Y"":0,""Z"":0,""A"":0,""C"":0}","[0,0,0,0,0,0]","-2.65720293390892","-3"
"lathe-used-0-0.01-start","lathe","barSide","used123456","real support map and step buttons","{""X"":0,""Y"":0,""Z"":0,""A"":0,""C"":0}","[0,0,0,0,0,0]","-16.958999990972917","-17"
"lathe-used-0-0.01-start","lathe","barTop","used123456","real support map and step buttons","{""X"":0,""Y"":0,""Z"":0,""A"":0,""C"":0}","[0,0,0,0,0,0]","-0.00575215427546516","0"
"lathe-used-0-0.01-start","lathe","runoutRoot","used123456","real support map and step buttons","{""X"":0,""Y"":0,""Z"":0,""A"":0,""C"":0}","[0,0,0,0,0,0]","11.98505076393485","12"
"lathe-used-0-0.01-start","lathe","runoutTip","used123456","real support map and step buttons","{""X"":0,""Y"":0,""Z"":0,""A"":0,""C"":0}","[0,0,0,0,0,0]","14.39028429697391","14"
"lathe-used-0-0.01-start","lathe","borea","used123456","real support map and step buttons","{""X"":0,""Y"":0,""Z"":0,""A"":0,""C"":0}","[0,0,0,0,0,0]","0","0"
"lathe-used-0-0.01-start","lathe","boreb","used123456","real support map and step buttons","{""X"":0,""Y"":0,""Z"":0,""A"":0,""C"":0}","[0,0,0,0,0,0]","126.75994643730066","127"
"lathe-used-0-0.01-start","lathe","borec","used123456","real support map and step buttons","{""X"":0,""Y"":0,""Z"":0,""A"":0,""C"":0}","[0,0,0,0,0,0]","247.59274400901893","248"
"lathe-used-0-0.01-start","lathe","bored","used123456","real support map and step buttons","{""X"":0,""Y"":0,""Z"":0,""A"":0,""C"":0}","[0,0,0,0,0,0]","121.44554056948282","121"
"lathe-used-0-0.01-plus","lathe","face","used123456","real raise/lower button","{""X"":0,""Y"":0,""Z"":0,""A"":0,""C"":0}","[0.01,0,0,0,0,0]","-3.757939098280108","-4"
"lathe-used-0-0.01-plus","lathe","flat","used123456","real raise/lower button","{""X"":0,""Y"":0,""Z"":0,""A"":0,""C"":0}","[0.01,0,0,0,0,0]","7.826992527189616","8"
"lathe-used-0-0.01-plus","lathe","dx","used123456","real raise/lower button","{""X"":0,""Y"":0,""Z"":0,""A"":0,""C"":0}","[0.01,0,0,0,0,0]","119.42126815891294","119"
"lathe-used-0-0.01-plus","lathe","dy","used123456","real raise/lower button","{""X"":0,""Y"":0,""Z"":0,""A"":0,""C"":0}","[0.01,0,0,0,0,0]","-2.8820609283116085","-3"
"lathe-used-0-0.01-plus","lathe","barSide","used123456","real raise/lower button","{""X"":0,""Y"":0,""Z"":0,""A"":0,""C"":0}","[0.01,0,0,0,0,0]","-16.959008822741566","-17"
"lathe-used-0-0.01-plus","lathe","barTop","used123456","real raise/lower button","{""X"":0,""Y"":0,""Z"":0,""A"":0,""C"":0}","[0.01,0,0,0,0,0]","-0.7557521526316974","-1"
"lathe-used-0-0.01-plus","lathe","runoutRoot","used123456","real raise/lower button","{""X"":0,""Y"":0,""Z"":0,""A"":0,""C"":0}","[0.01,0,0,0,0,0]","11.98505076393485","12"
"lathe-used-0-0.01-plus","lathe","runoutTip","used123456","real raise/lower button","{""X"":0,""Y"":0,""Z"":0,""A"":0,""C"":0}","[0.01,0,0,0,0,0]","14.39028429697391","14"
"lathe-used-0-0.01-plus","lathe","borea","used123456","real raise/lower button","{""X"":0,""Y"":0,""Z"":0,""A"":0,""C"":0}","[0.01,0,0,0,0,0]","0","0"
"lathe-used-0-0.01-plus","lathe","boreb","used123456","real raise/lower button","{""X"":0,""Y"":0,""Z"":0,""A"":0,""C"":0}","[0.01,0,0,0,0,0]","122.58839337462094","123"
"lathe-used-0-0.01-plus","lathe","borec","used123456","real raise/lower button","{""X"":0,""Y"":0,""Z"":0,""A"":0,""C"":0}","[0.01,0,0,0,0,0]","238.84253631782647","239"
"lathe-used-0-0.01-plus","lathe","bored","used123456","real raise/lower button","{""X"":0,""Y"":0,""Z"":0,""A"":0,""C"":0}","[0.01,0,0,0,0,0]","116.82427151800054","117"
"lathe-used-0-0.01-plus-restored","lathe","face","used123456","real inverse support button","{""X"":0,""Y"":0,""Z"":0,""A"":0,""C"":0}","[0,0,0,0,0,0]","-3.7579390983043943","-4"
"lathe-used-0-0.01-plus-restored","lathe","flat","used123456","real inverse support button","{""X"":0,""Y"":0,""Z"":0,""A"":0,""C"":0}","[0,0,0,0,0,0]","7.826992527158391","8"
"lathe-used-0-0.01-plus-restored","lathe","dx","used123456","real inverse support button","{""X"":0,""Y"":0,""Z"":0,""A"":0,""C"":0}","[0,0,0,0,0,0]","123.79637200451012","124"
"lathe-used-0-0.01-plus-restored","lathe","dy","used123456","real inverse support button","{""X"":0,""Y"":0,""Z"":0,""A"":0,""C"":0}","[0,0,0,0,0,0]","-2.65720293390892","-3"
"lathe-used-0-0.01-plus-restored","lathe","barSide","used123456","real inverse support button","{""X"":0,""Y"":0,""Z"":0,""A"":0,""C"":0}","[0,0,0,0,0,0]","-16.958999990972917","-17"
"lathe-used-0-0.01-plus-restored","lathe","barTop","used123456","real inverse support button","{""X"":0,""Y"":0,""Z"":0,""A"":0,""C"":0}","[0,0,0,0,0,0]","-0.00575215427546516","0"
"lathe-used-0-0.01-plus-restored","lathe","runoutRoot","used123456","real inverse support button","{""X"":0,""Y"":0,""Z"":0,""A"":0,""C"":0}","[0,0,0,0,0,0]","11.98505076393485","12"
"lathe-used-0-0.01-plus-restored","lathe","runoutTip","used123456","real inverse support button","{""X"":0,""Y"":0,""Z"":0,""A"":0,""C"":0}","[0,0,0,0,0,0]","14.39028429697391","14"
"lathe-used-0-0.01-plus-restored","lathe","borea","used123456","real inverse support button","{""X"":0,""Y"":0,""Z"":0,""A"":0,""C"":0}","[0,0,0,0,0,0]","0","0"
"lathe-used-0-0.01-plus-restored","lathe","boreb","used123456","real inverse support button","{""X"":0,""Y"":0,""Z"":0,""A"":0,""C"":0}","[0,0,0,0,0,0]","126.75994643730066","127"
"lathe-used-0-0.01-plus-restored","lathe","borec","used123456","real inverse support button","{""X"":0,""Y"":0,""Z"":0,""A"":0,""C"":0}","[0,0,0,0,0,0]","247.59274400901893","248"
"lathe-used-0-0.01-plus-restored","lathe","bored","used123456","real inverse support button","{""X"":0,""Y"":0,""Z"":0,""A"":0,""C"":0}","[0,0,0,0,0,0]","121.44554056948282","121"
"lathe-used-0-0.01-minus","lathe","face","used123456","real raise/lower button","{""X"":0,""Y"":0,""Z"":0,""A"":0,""C"":0}","[-0.01,0,0,0,0,0]","-3.7579390983078635","-4"
"lathe-used-0-0.01-minus","lathe","flat","used123456","real raise/lower button","{""X"":0,""Y"":0,""Z"":0,""A"":0,""C"":0}","[-0.01,0,0,0,0,0]","7.826992527189616","8"
"lathe-used-0-0.01-minus","lathe","dx","used123456","real raise/lower button","{""X"":0,""Y"":0,""Z"":0,""A"":0,""C"":0}","[-0.01,0,0,0,0,0]","128.17147789089455","128"
"lathe-used-0-0.01-minus","lathe","dy","used123456","real raise/lower button","{""X"":0,""Y"":0,""Z"":0,""A"":0,""C"":0}","[-0.01,0,0,0,0,0]","-2.432372975872169","-2"
"lathe-used-0-0.01-minus","lathe","barSide","used123456","real raise/lower button","{""X"":0,""Y"":0,""Z"":0,""A"":0,""C"":0}","[-0.01,0,0,0,0,0]","-16.959008822767586","-17"
"lathe-used-0-0.01-minus","lathe","barTop","used123456","real raise/lower button","{""X"":0,""Y"":0,""Z"":0,""A"":0,""C"":0}","[-0.01,0,0,0,0,0]","0.7442478473576597","1"
"lathe-used-0-0.01-minus","lathe","runoutRoot","used123456","real raise/lower button","{""X"":0,""Y"":0,""Z"":0,""A"":0,""C"":0}","[-0.01,0,0,0,0,0]","11.98505076393485","12"
"lathe-used-0-0.01-minus","lathe","runoutTip","used123456","real raise/lower button","{""X"":0,""Y"":0,""Z"":0,""A"":0,""C"":0}","[-0.01,0,0,0,0,0]","14.39028429697391","14"
"lathe-used-0-0.01-minus","lathe","borea","used123456","real raise/lower button","{""X"":0,""Y"":0,""Z"":0,""A"":0,""C"":0}","[-0.01,0,0,0,0,0]","0","0"
"lathe-used-0-0.01-minus","lathe","boreb","used123456","real raise/lower button","{""X"":0,""Y"":0,""Z"":0,""A"":0,""C"":0}","[-0.01,0,0,0,0,0]","130.93229325193343","131"
"lathe-used-0-0.01-minus","lathe","borec","used123456","real raise/lower button","{""X"":0,""Y"":0,""Z"":0,""A"":0,""C"":0}","[-0.01,0,0,0,0,0]","256.3429557817867","256"
"lathe-used-0-0.01-minus","lathe","bored","used123456","real raise/lower button","{""X"":0,""Y"":0,""Z"":0,""A"":0,""C"":0}","[-0.01,0,0,0,0,0]","126.06754730018835","126"
"lathe-used-0-0.01-minus-restored","lathe","face","used123456","real inverse support button","{""X"":0,""Y"":0,""Z"":0,""A"":0,""C"":0}","[0,0,0,0,0,0]","-3.7579390983043943","-4"
"lathe-used-0-0.01-minus-restored","lathe","flat","used123456","real inverse support button","{""X"":0,""Y"":0,""Z"":0,""A"":0,""C"":0}","[0,0,0,0,0,0]","7.826992527158391","8"
"lathe-used-0-0.01-minus-restored","lathe","dx","used123456","real inverse support button","{""X"":0,""Y"":0,""Z"":0,""A"":0,""C"":0}","[0,0,0,0,0,0]","123.79637200451012","124"
"lathe-used-0-0.01-minus-restored","lathe","dy","used123456","real inverse support button","{""X"":0,""Y"":0,""Z"":0,""A"":0,""C"":0}","[0,0,0,0,0,0]","-2.65720293390892","-3"
"lathe-used-0-0.01-minus-restored","lathe","barSide","used123456","real inverse support button","{""X"":0,""Y"":0,""Z"":0,""A"":0,""C"":0}","[0,0,0,0,0,0]","-16.958999990972917","-17"
"lathe-used-0-0.01-minus-restored","lathe","barTop","used123456","real inverse support button","{""X"":0,""Y"":0,""Z"":0,""A"":0,""C"":0}","[0,0,0,0,0,0]","-0.00575215427546516","0"
"lathe-used-0-0.01-minus-restored","lathe","runoutRoot","used123456","real inverse support button","{""X"":0,""Y"":0,""Z"":0,""A"":0,""C"":0}","[0,0,0,0,0,0]","11.98505076393485","12"
"lathe-used-0-0.01-minus-restored","lathe","runoutTip","used123456","real inverse support button","{""X"":0,""Y"":0,""Z"":0,""A"":0,""C"":0}","[0,0,0,0,0,0]","14.39028429697391","14"
"lathe-used-0-0.01-minus-restored","lathe","borea","used123456","real inverse support button","{""X"":0,""Y"":0,""Z"":0,""A"":0,""C"":0}","[0,0,0,0,0,0]","0","0"
"lathe-used-0-0.01-minus-restored","lathe","boreb","used123456","real inverse support button","{""X"":0,""Y"":0,""Z"":0,""A"":0,""C"":0}","[0,0,0,0,0,0]","126.75994643730066","127"
"lathe-used-0-0.01-minus-restored","lathe","borec","used123456","real inverse support button","{""X"":0,""Y"":0,""Z"":0,""A"":0,""C"":0}","[0,0,0,0,0,0]","247.59274400901893","248"
"lathe-used-0-0.01-minus-restored","lathe","bored","used123456","real inverse support button","{""X"":0,""Y"":0,""Z"":0,""A"":0,""C"":0}","[0,0,0,0,0,0]","121.44554056948282","121"
"lathe-used-1-0.001-start","lathe","face","used123456","real support map and step buttons","{""X"":0,""Y"":0,""Z"":0,""A"":0,""C"":0}","[0,0,0,0,0,0]","-3.7579390983043943","-4"
"lathe-used-1-0.001-start","lathe","flat","used123456","real support map and step buttons","{""X"":0,""Y"":0,""Z"":0,""A"":0,""C"":0}","[0,0,0,0,0,0]","7.826992527158391","8"
"lathe-used-1-0.001-start","lathe","dx","used123456","real support map and step buttons","{""X"":0,""Y"":0,""Z"":0,""A"":0,""C"":0}","[0,0,0,0,0,0]","123.79637200451012","124"
"lathe-used-1-0.001-start","lathe","dy","used123456","real support map and step buttons","{""X"":0,""Y"":0,""Z"":0,""A"":0,""C"":0}","[0,0,0,0,0,0]","-2.65720293390892","-3"
"lathe-used-1-0.001-start","lathe","barSide","used123456","real support map and step buttons","{""X"":0,""Y"":0,""Z"":0,""A"":0,""C"":0}","[0,0,0,0,0,0]","-16.958999990972917","-17"
"lathe-used-1-0.001-start","lathe","barTop","used123456","real support map and step buttons","{""X"":0,""Y"":0,""Z"":0,""A"":0,""C"":0}","[0,0,0,0,0,0]","-0.00575215427546516","0"
"lathe-used-1-0.001-start","lathe","runoutRoot","used123456","real support map and step buttons","{""X"":0,""Y"":0,""Z"":0,""A"":0,""C"":0}","[0,0,0,0,0,0]","11.98505076393485","12"
"lathe-used-1-0.001-start","lathe","runoutTip","used123456","real support map and step buttons","{""X"":0,""Y"":0,""Z"":0,""A"":0,""C"":0}","[0,0,0,0,0,0]","14.39028429697391","14"
"lathe-used-1-0.001-start","lathe","borea","used123456","real support map and step buttons","{""X"":0,""Y"":0,""Z"":0,""A"":0,""C"":0}","[0,0,0,0,0,0]","0","0"
"lathe-used-1-0.001-start","lathe","boreb","used123456","real support map and step buttons","{""X"":0,""Y"":0,""Z"":0,""A"":0,""C"":0}","[0,0,0,0,0,0]","126.75994643730066","127"
"lathe-used-1-0.001-start","lathe","borec","used123456","real support map and step buttons","{""X"":0,""Y"":0,""Z"":0,""A"":0,""C"":0}","[0,0,0,0,0,0]","247.59274400901893","248"
"lathe-used-1-0.001-start","lathe","bored","used123456","real support map and step buttons","{""X"":0,""Y"":0,""Z"":0,""A"":0,""C"":0}","[0,0,0,0,0,0]","121.44554056948282","121"
"lathe-used-1-0.001-plus","lathe","face","used123456","real raise/lower button","{""X"":0,""Y"":0,""Z"":0,""A"":0,""C"":0}","[0,0.001,0,0,0,0]","-3.7579390983043943","-4"
"lathe-used-1-0.001-plus","lathe","flat","used123456","real raise/lower button","{""X"":0,""Y"":0,""Z"":0,""A"":0,""C"":0}","[0,0.001,0,0,0,0]","7.751992532284077","8"
"lathe-used-1-0.001-plus","lathe","dx","used123456","real raise/lower button","{""X"":0,""Y"":0,""Z"":0,""A"":0,""C"":0}","[0,0.001,0,0,0,0]","124.21389232089489","124"
"lathe-used-1-0.001-plus","lathe","dy","used123456","real raise/lower button","{""X"":0,""Y"":0,""Z"":0,""A"":0,""C"":0}","[0,0.001,0,0,0,0]","-2.619807299949064","-3"
"lathe-used-1-0.001-plus","lathe","barSide","used123456","real raise/lower button","{""X"":0,""Y"":0,""Z"":0,""A"":0,""C"":0}","[0,0.001,0,0,0,0]","-16.88400040119123","-17"
"lathe-used-1-0.001-plus","lathe","barTop","used123456","real raise/lower button","{""X"":0,""Y"":0,""Z"":0,""A"":0,""C"":0}","[0,0.001,0,0,0,0]","0.1443093576025678","0"
"lathe-used-1-0.001-plus","lathe","runoutRoot","used123456","real raise/lower button","{""X"":0,""Y"":0,""Z"":0,""A"":0,""C"":0}","[0,0.001,0,0,0,0]","11.98505076393485","12"
"lathe-used-1-0.001-plus","lathe","runoutTip","used123456","real raise/lower button","{""X"":0,""Y"":0,""Z"":0,""A"":0,""C"":0}","[0,0.001,0,0,0,0]","14.39028429697391","14"
"lathe-used-1-0.001-plus","lathe","borea","used123456","real raise/lower button","{""X"":0,""Y"":0,""Z"":0,""A"":0,""C"":0}","[0,0.001,0,0,0,0]","0","0"
"lathe-used-1-0.001-plus","lathe","boreb","used123456","real raise/lower button","{""X"":0,""Y"":0,""Z"":0,""A"":0,""C"":0}","[0,0.001,0,0,0,0]","127.14214607842736","127"
"lathe-used-1-0.001-plus","lathe","borec","used123456","real raise/lower button","{""X"":0,""Y"":0,""Z"":0,""A"":0,""C"":0}","[0,0.001,0,0,0,0]","248.4277846417915","248"
"lathe-used-1-0.001-plus","lathe","bored","used123456","real raise/lower button","{""X"":0,""Y"":0,""Z"":0,""A"":0,""C"":0}","[0,0.001,0,0,0,0]","121.90253147853144","122"
"lathe-used-1-0.001-plus-restored","lathe","face","used123456","real inverse support button","{""X"":0,""Y"":0,""Z"":0,""A"":0,""C"":0}","[0,0,0,0,0,0]","-3.7579390983043943","-4"
"lathe-used-1-0.001-plus-restored","lathe","flat","used123456","real inverse support button","{""X"":0,""Y"":0,""Z"":0,""A"":0,""C"":0}","[0,0,0,0,0,0]","7.826992527158391","8"
"lathe-used-1-0.001-plus-restored","lathe","dx","used123456","real inverse support button","{""X"":0,""Y"":0,""Z"":0,""A"":0,""C"":0}","[0,0,0,0,0,0]","123.79637200451012","124"
"lathe-used-1-0.001-plus-restored","lathe","dy","used123456","real inverse support button","{""X"":0,""Y"":0,""Z"":0,""A"":0,""C"":0}","[0,0,0,0,0,0]","-2.65720293390892","-3"
"lathe-used-1-0.001-plus-restored","lathe","barSide","used123456","real inverse support button","{""X"":0,""Y"":0,""Z"":0,""A"":0,""C"":0}","[0,0,0,0,0,0]","-16.958999990972917","-17"
"lathe-used-1-0.001-plus-restored","lathe","barTop","used123456","real inverse support button","{""X"":0,""Y"":0,""Z"":0,""A"":0,""C"":0}","[0,0,0,0,0,0]","-0.00575215427546516","0"
"lathe-used-1-0.001-plus-restored","lathe","runoutRoot","used123456","real inverse support button","{""X"":0,""Y"":0,""Z"":0,""A"":0,""C"":0}","[0,0,0,0,0,0]","11.98505076393485","12"
"lathe-used-1-0.001-plus-restored","lathe","runoutTip","used123456","real inverse support button","{""X"":0,""Y"":0,""Z"":0,""A"":0,""C"":0}","[0,0,0,0,0,0]","14.39028429697391","14"
"lathe-used-1-0.001-plus-restored","lathe","borea","used123456","real inverse support button","{""X"":0,""Y"":0,""Z"":0,""A"":0,""C"":0}","[0,0,0,0,0,0]","0","0"
"lathe-used-1-0.001-plus-restored","lathe","boreb","used123456","real inverse support button","{""X"":0,""Y"":0,""Z"":0,""A"":0,""C"":0}","[0,0,0,0,0,0]","126.75994643730066","127"
"lathe-used-1-0.001-plus-restored","lathe","borec","used123456","real inverse support button","{""X"":0,""Y"":0,""Z"":0,""A"":0,""C"":0}","[0,0,0,0,0,0]","247.59274400901893","248"
"lathe-used-1-0.001-plus-restored","lathe","bored","used123456","real inverse support button","{""X"":0,""Y"":0,""Z"":0,""A"":0,""C"":0}","[0,0,0,0,0,0]","121.44554056948282","121"
"lathe-used-1-0.001-minus","lathe","face","used123456","real raise/lower button","{""X"":0,""Y"":0,""Z"":0,""A"":0,""C"":0}","[0,-0.001,0,0,0,0]","-3.7579390983043943","-4"
"lathe-used-1-0.001-minus","lathe","flat","used123456","real raise/lower button","{""X"":0,""Y"":0,""Z"":0,""A"":0,""C"":0}","[0,-0.001,0,0,0,0]","7.9019925322085935","8"
"lathe-used-1-0.001-minus","lathe","dx","used123456","real raise/lower button","{""X"":0,""Y"":0,""Z"":0,""A"":0,""C"":0}","[0,-0.001,0,0,0,0]","123.3788517182801","123"
"lathe-used-1-0.001-minus","lathe","dy","used123456","real raise/lower button","{""X"":0,""Y"":0,""Z"":0,""A"":0,""C"":0}","[0,-0.001,0,0,0,0]","-2.694598949899377","-3"
"lathe-used-1-0.001-minus","lathe","barSide","used123456","real raise/lower button","{""X"":0,""Y"":0,""Z"":0,""A"":0,""C"":0}","[0,-0.001,0,0,0,0]","-17.034000400957886","-17"
"lathe-used-1-0.001-minus","lathe","barTop","used123456","real raise/lower button","{""X"":0,""Y"":0,""Z"":0,""A"":0,""C"":0}","[0,-0.001,0,0,0,0]","-0.1558138977928586","0"
"lathe-used-1-0.001-minus","lathe","runoutRoot","used123456","real raise/lower button","{""X"":0,""Y"":0,""Z"":0,""A"":0,""C"":0}","[0,-0.001,0,0,0,0]","11.98505076393485","12"
"lathe-used-1-0.001-minus","lathe","runoutTip","used123456","real raise/lower button","{""X"":0,""Y"":0,""Z"":0,""A"":0,""C"":0}","[0,-0.001,0,0,0,0]","14.39028429697391","14"
"lathe-used-1-0.001-minus","lathe","borea","used123456","real raise/lower button","{""X"":0,""Y"":0,""Z"":0,""A"":0,""C"":0}","[0,-0.001,0,0,0,0]","0","0"
"lathe-used-1-0.001-minus","lathe","boreb","used123456","real raise/lower button","{""X"":0,""Y"":0,""Z"":0,""A"":0,""C"":0}","[0,-0.001,0,0,0,0]","126.37775412571716","126"
"lathe-used-1-0.001-minus","lathe","borec","used123456","real raise/lower button","{""X"":0,""Y"":0,""Z"":0,""A"":0,""C"":0}","[0,-0.001,0,0,0,0]","246.75770343655924","247"
"lathe-used-1-0.001-minus","lathe","bored","used123456","real raise/lower button","{""X"":0,""Y"":0,""Z"":0,""A"":0,""C"":0}","[0,-0.001,0,0,0,0]","120.98855622591498","121"
"lathe-used-1-0.001-minus-restored","lathe","face","used123456","real inverse support button","{""X"":0,""Y"":0,""Z"":0,""A"":0,""C"":0}","[0,0,0,0,0,0]","-3.7579390983043943","-4"
"lathe-used-1-0.001-minus-restored","lathe","flat","used123456","real inverse support button","{""X"":0,""Y"":0,""Z"":0,""A"":0,""C"":0}","[0,0,0,0,0,0]","7.826992527158391","8"
"lathe-used-1-0.001-minus-restored","lathe","dx","used123456","real inverse support button","{""X"":0,""Y"":0,""Z"":0,""A"":0,""C"":0}","[0,0,0,0,0,0]","123.79637200451012","124"
"lathe-used-1-0.001-minus-restored","lathe","dy","used123456","real inverse support button","{""X"":0,""Y"":0,""Z"":0,""A"":0,""C"":0}","[0,0,0,0,0,0]","-2.65720293390892","-3"
"lathe-used-1-0.001-minus-restored","lathe","barSide","used123456","real inverse support button","{""X"":0,""Y"":0,""Z"":0,""A"":0,""C"":0}","[0,0,0,0,0,0]","-16.958999990972917","-17"
"lathe-used-1-0.001-minus-restored","lathe","barTop","used123456","real inverse support button","{""X"":0,""Y"":0,""Z"":0,""A"":0,""C"":0}","[0,0,0,0,0,0]","-0.00575215427546516","0"
"lathe-used-1-0.001-minus-restored","lathe","runoutRoot","used123456","real inverse support button","{""X"":0,""Y"":0,""Z"":0,""A"":0,""C"":0}","[0,0,0,0,0,0]","11.98505076393485","12"
"lathe-used-1-0.001-minus-restored","lathe","runoutTip","used123456","real inverse support button","{""X"":0,""Y"":0,""Z"":0,""A"":0,""C"":0}","[0,0,0,0,0,0]","14.39028429697391","14"
"lathe-used-1-0.001-minus-restored","lathe","borea","used123456","real inverse support button","{""X"":0,""Y"":0,""Z"":0,""A"":0,""C"":0}","[0,0,0,0,0,0]","0","0"
"lathe-used-1-0.001-minus-restored","lathe","boreb","used123456","real inverse support button","{""X"":0,""Y"":0,""Z"":0,""A"":0,""C"":0}","[0,0,0,0,0,0]","126.75994643730066","127"
"lathe-used-1-0.001-minus-restored","lathe","borec","used123456","real inverse support button","{""X"":0,""Y"":0,""Z"":0,""A"":0,""C"":0}","[0,0,0,0,0,0]","247.59274400901893","248"
"lathe-used-1-0.001-minus-restored","lathe","bored","used123456","real inverse support button","{""X"":0,""Y"":0,""Z"":0,""A"":0,""C"":0}","[0,0,0,0,0,0]","121.44554056948282","121"
"lathe-used-1-0.01-start","lathe","face","used123456","real support map and step buttons","{""X"":0,""Y"":0,""Z"":0,""A"":0,""C"":0}","[0,0,0,0,0,0]","-3.7579390983043943","-4"
"lathe-used-1-0.01-start","lathe","flat","used123456","real support map and step buttons","{""X"":0,""Y"":0,""Z"":0,""A"":0,""C"":0}","[0,0,0,0,0,0]","7.826992527158391","8"
"lathe-used-1-0.01-start","lathe","dx","used123456","real support map and step buttons","{""X"":0,""Y"":0,""Z"":0,""A"":0,""C"":0}","[0,0,0,0,0,0]","123.79637200451012","124"
"lathe-used-1-0.01-start","lathe","dy","used123456","real support map and step buttons","{""X"":0,""Y"":0,""Z"":0,""A"":0,""C"":0}","[0,0,0,0,0,0]","-2.65720293390892","-3"
"lathe-used-1-0.01-start","lathe","barSide","used123456","real support map and step buttons","{""X"":0,""Y"":0,""Z"":0,""A"":0,""C"":0}","[0,0,0,0,0,0]","-16.958999990972917","-17"
"lathe-used-1-0.01-start","lathe","barTop","used123456","real support map and step buttons","{""X"":0,""Y"":0,""Z"":0,""A"":0,""C"":0}","[0,0,0,0,0,0]","-0.00575215427546516","0"
"lathe-used-1-0.01-start","lathe","runoutRoot","used123456","real support map and step buttons","{""X"":0,""Y"":0,""Z"":0,""A"":0,""C"":0}","[0,0,0,0,0,0]","11.98505076393485","12"
"lathe-used-1-0.01-start","lathe","runoutTip","used123456","real support map and step buttons","{""X"":0,""Y"":0,""Z"":0,""A"":0,""C"":0}","[0,0,0,0,0,0]","14.39028429697391","14"
"lathe-used-1-0.01-start","lathe","borea","used123456","real support map and step buttons","{""X"":0,""Y"":0,""Z"":0,""A"":0,""C"":0}","[0,0,0,0,0,0]","0","0"
"lathe-used-1-0.01-start","lathe","boreb","used123456","real support map and step buttons","{""X"":0,""Y"":0,""Z"":0,""A"":0,""C"":0}","[0,0,0,0,0,0]","126.75994643730066","127"
"lathe-used-1-0.01-start","lathe","borec","used123456","real support map and step buttons","{""X"":0,""Y"":0,""Z"":0,""A"":0,""C"":0}","[0,0,0,0,0,0]","247.59274400901893","248"
"lathe-used-1-0.01-start","lathe","bored","used123456","real support map and step buttons","{""X"":0,""Y"":0,""Z"":0,""A"":0,""C"":0}","[0,0,0,0,0,0]","121.44554056948282","121"
"lathe-used-1-0.01-plus","lathe","face","used123456","real raise/lower button","{""X"":0,""Y"":0,""Z"":0,""A"":0,""C"":0}","[0,0.01,0,0,0,0]","-3.75793909829919","-4"
"lathe-used-1-0.01-plus","lathe","flat","used123456","real raise/lower button","{""X"":0,""Y"":0,""Z"":0,""A"":0,""C"":0}","[0,0.01,0,0,0,0]","7.076993037639923","7"
"lathe-used-1-0.01-plus","lathe","dx","used123456","real raise/lower button","{""X"":0,""Y"":0,""Z"":0,""A"":0,""C"":0}","[0,0.01,0,0,0,0]","127.97157652496327","128"
"lathe-used-1-0.01-plus","lathe","dy","used123456","real raise/lower button","{""X"":0,""Y"":0,""Z"":0,""A"":0,""C"":0}","[0,0.01,0,0,0,0]","-2.2832637663736306","-2"
"lathe-used-1-0.01-plus","lathe","barSide","used123456","real raise/lower button","{""X"":0,""Y"":0,""Z"":0,""A"":0,""C"":0}","[0,0.01,0,0,0,0]","-16.20904100203477","-16"
"lathe-used-1-0.01-plus","lathe","barTop","used123456","real raise/lower button","{""X"":0,""Y"":0,""Z"":0,""A"":0,""C"":0}","[0,0.01,0,0,0,0]","1.4948525411465075","1"
"lathe-used-1-0.01-plus","lathe","runoutRoot","used123456","real raise/lower button","{""X"":0,""Y"":0,""Z"":0,""A"":0,""C"":0}","[0,0.01,0,0,0,0]","11.98505076393485","12"
"lathe-used-1-0.01-plus","lathe","runoutTip","used123456","real raise/lower button","{""X"":0,""Y"":0,""Z"":0,""A"":0,""C"":0}","[0,0.01,0,0,0,0]","14.39028429697391","14"
"lathe-used-1-0.01-plus","lathe","borea","used123456","real raise/lower button","{""X"":0,""Y"":0,""Z"":0,""A"":0,""C"":0}","[0,0.01,0,0,0,0]","0","0"
"lathe-used-1-0.01-plus","lathe","boreb","used123456","real raise/lower button","{""X"":0,""Y"":0,""Z"":0,""A"":0,""C"":0}","[0,0.01,0,0,0,0]","130.58227265903832","131"
"lathe-used-1-0.01-plus","lathe","borec","used123456","real raise/lower button","{""X"":0,""Y"":0,""Z"":0,""A"":0,""C"":0}","[0,0.01,0,0,0,0]","255.94315304992844","256"
"lathe-used-1-0.01-plus","lathe","bored","used123456","real raise/lower button","{""X"":0,""Y"":0,""Z"":0,""A"":0,""C"":0}","[0,0.01,0,0,0,0]","126.01574512629415","126"
"lathe-used-1-0.01-plus-restored","lathe","face","used123456","real inverse support button","{""X"":0,""Y"":0,""Z"":0,""A"":0,""C"":0}","[0,0,0,0,0,0]","-3.7579390983043943","-4"
"lathe-used-1-0.01-plus-restored","lathe","flat","used123456","real inverse support button","{""X"":0,""Y"":0,""Z"":0,""A"":0,""C"":0}","[0,0,0,0,0,0]","7.826992527158391","8"
"lathe-used-1-0.01-plus-restored","lathe","dx","used123456","real inverse support button","{""X"":0,""Y"":0,""Z"":0,""A"":0,""C"":0}","[0,0,0,0,0,0]","123.79637200451012","124"
"lathe-used-1-0.01-plus-restored","lathe","dy","used123456","real inverse support button","{""X"":0,""Y"":0,""Z"":0,""A"":0,""C"":0}","[0,0,0,0,0,0]","-2.65720293390892","-3"
"lathe-used-1-0.01-plus-restored","lathe","barSide","used123456","real inverse support button","{""X"":0,""Y"":0,""Z"":0,""A"":0,""C"":0}","[0,0,0,0,0,0]","-16.958999990972917","-17"
"lathe-used-1-0.01-plus-restored","lathe","barTop","used123456","real inverse support button","{""X"":0,""Y"":0,""Z"":0,""A"":0,""C"":0}","[0,0,0,0,0,0]","-0.00575215427546516","0"
"lathe-used-1-0.01-plus-restored","lathe","runoutRoot","used123456","real inverse support button","{""X"":0,""Y"":0,""Z"":0,""A"":0,""C"":0}","[0,0,0,0,0,0]","11.98505076393485","12"
"lathe-used-1-0.01-plus-restored","lathe","runoutTip","used123456","real inverse support button","{""X"":0,""Y"":0,""Z"":0,""A"":0,""C"":0}","[0,0,0,0,0,0]","14.39028429697391","14"
"lathe-used-1-0.01-plus-restored","lathe","borea","used123456","real inverse support button","{""X"":0,""Y"":0,""Z"":0,""A"":0,""C"":0}","[0,0,0,0,0,0]","0","0"
"lathe-used-1-0.01-plus-restored","lathe","boreb","used123456","real inverse support button","{""X"":0,""Y"":0,""Z"":0,""A"":0,""C"":0}","[0,0,0,0,0,0]","126.75994643730066","127"
"lathe-used-1-0.01-plus-restored","lathe","borec","used123456","real inverse support button","{""X"":0,""Y"":0,""Z"":0,""A"":0,""C"":0}","[0,0,0,0,0,0]","247.59274400901893","248"
"lathe-used-1-0.01-plus-restored","lathe","bored","used123456","real inverse support button","{""X"":0,""Y"":0,""Z"":0,""A"":0,""C"":0}","[0,0,0,0,0,0]","121.44554056948282","121"
"lathe-used-1-0.01-minus","lathe","face","used123456","real raise/lower button","{""X"":0,""Y"":0,""Z"":0,""A"":0,""C"":0}","[0,-0.01,0,0,0,0]","-3.75793909829919","-4"
"lathe-used-1-0.01-minus","lathe","flat","used123456","real raise/lower button","{""X"":0,""Y"":0,""Z"":0,""A"":0,""C"":0}","[0,-0.01,0,0,0,0]","8.576993036918044","9"
"lathe-used-1-0.01-minus","lathe","dx","used123456","real raise/lower button","{""X"":0,""Y"":0,""Z"":0,""A"":0,""C"":0}","[0,-0.01,0,0,0,0]","119.62117049914818","120"
"lathe-used-1-0.01-minus","lathe","dy","used123456","real raise/lower button","{""X"":0,""Y"":0,""Z"":0,""A"":0,""C"":0}","[0,-0.01,0,0,0,0]","-3.0311802696433214","-3"
"lathe-used-1-0.01-minus","lathe","barSide","used123456","real raise/lower button","{""X"":0,""Y"":0,""Z"":0,""A"":0,""C"":0}","[0,-0.01,0,0,0,0]","-17.70904099972215","-18"
"lathe-used-1-0.01-minus","lathe","barTop","used123456","real raise/lower button","{""X"":0,""Y"":0,""Z"":0,""A"":0,""C"":0}","[0,-0.01,0,0,0,0]","-1.5063800138607335","-2"
"lathe-used-1-0.01-minus","lathe","runoutRoot","used123456","real raise/lower button","{""X"":0,""Y"":0,""Z"":0,""A"":0,""C"":0}","[0,-0.01,0,0,0,0]","11.98505076393485","12"
"lathe-used-1-0.01-minus","lathe","runoutTip","used123456","real raise/lower button","{""X"":0,""Y"":0,""Z"":0,""A"":0,""C"":0}","[0,-0.01,0,0,0,0]","14.39028429697391","14"
"lathe-used-1-0.01-minus","lathe","borea","used123456","real raise/lower button","{""X"":0,""Y"":0,""Z"":0,""A"":0,""C"":0}","[0,-0.01,0,0,0,0]","0","0"
"lathe-used-1-0.01-minus","lathe","boreb","used123456","real raise/lower button","{""X"":0,""Y"":0,""Z"":0,""A"":0,""C"":0}","[0,-0.01,0,0,0,0]","122.93835313439624","123"
"lathe-used-1-0.01-minus","lathe","borec","used123456","real raise/lower button","{""X"":0,""Y"":0,""Z"":0,""A"":0,""C"":0}","[0,-0.01,0,0,0,0]","239.24234099829965","239"
"lathe-used-1-0.01-minus","lathe","bored","used123456","real raise/lower button","{""X"":0,""Y"":0,""Z"":0,""A"":0,""C"":0}","[0,-0.01,0,0,0,0]","116.8759925951092","117"
"lathe-used-1-0.01-minus-restored","lathe","face","used123456","real inverse support button","{""X"":0,""Y"":0,""Z"":0,""A"":0,""C"":0}","[0,0,0,0,0,0]","-3.7579390983043943","-4"
"lathe-used-1-0.01-minus-restored","lathe","flat","used123456","real inverse support button","{""X"":0,""Y"":0,""Z"":0,""A"":0,""C"":0}","[0,0,0,0,0,0]","7.826992527158391","8"
"lathe-used-1-0.01-minus-restored","lathe","dx","used123456","real inverse support button","{""X"":0,""Y"":0,""Z"":0,""A"":0,""C"":0}","[0,0,0,0,0,0]","123.79637200451012","124"
"lathe-used-1-0.01-minus-restored","lathe","dy","used123456","real inverse support button","{""X"":0,""Y"":0,""Z"":0,""A"":0,""C"":0}","[0,0,0,0,0,0]","-2.65720293390892","-3"
"lathe-used-1-0.01-minus-restored","lathe","barSide","used123456","real inverse support button","{""X"":0,""Y"":0,""Z"":0,""A"":0,""C"":0}","[0,0,0,0,0,0]","-16.958999990972917","-17"
"lathe-used-1-0.01-minus-restored","lathe","barTop","used123456","real inverse support button","{""X"":0,""Y"":0,""Z"":0,""A"":0,""C"":0}","[0,0,0,0,0,0]","-0.00575215427546516","0"
"lathe-used-1-0.01-minus-restored","lathe","runoutRoot","used123456","real inverse support button","{""X"":0,""Y"":0,""Z"":0,""A"":0,""C"":0}","[0,0,0,0,0,0]","11.98505076393485","12"
"lathe-used-1-0.01-minus-restored","lathe","runoutTip","used123456","real inverse support button","{""X"":0,""Y"":0,""Z"":0,""A"":0,""C"":0}","[0,0,0,0,0,0]","14.39028429697391","14"
"lathe-used-1-0.01-minus-restored","lathe","borea","used123456","real inverse support button","{""X"":0,""Y"":0,""Z"":0,""A"":0,""C"":0}","[0,0,0,0,0,0]","0","0"
"lathe-used-1-0.01-minus-restored","lathe","boreb","used123456","real inverse support button","{""X"":0,""Y"":0,""Z"":0,""A"":0,""C"":0}","[0,0,0,0,0,0]","126.75994643730066","127"
"lathe-used-1-0.01-minus-restored","lathe","borec","used123456","real inverse support button","{""X"":0,""Y"":0,""Z"":0,""A"":0,""C"":0}","[0,0,0,0,0,0]","247.59274400901893","248"
"lathe-used-1-0.01-minus-restored","lathe","bored","used123456","real inverse support button","{""X"":0,""Y"":0,""Z"":0,""A"":0,""C"":0}","[0,0,0,0,0,0]","121.44554056948282","121"
"lathe-used-2-0.001-start","lathe","face","used123456","real support map and step buttons","{""X"":0,""Y"":0,""Z"":0,""A"":0,""C"":0}","[0,0,0,0,0,0]","-3.7579390983043943","-4"
"lathe-used-2-0.001-start","lathe","flat","used123456","real support map and step buttons","{""X"":0,""Y"":0,""Z"":0,""A"":0,""C"":0}","[0,0,0,0,0,0]","7.826992527158391","8"
"lathe-used-2-0.001-start","lathe","dx","used123456","real support map and step buttons","{""X"":0,""Y"":0,""Z"":0,""A"":0,""C"":0}","[0,0,0,0,0,0]","123.79637200451012","124"
"lathe-used-2-0.001-start","lathe","dy","used123456","real support map and step buttons","{""X"":0,""Y"":0,""Z"":0,""A"":0,""C"":0}","[0,0,0,0,0,0]","-2.65720293390892","-3"
"lathe-used-2-0.001-start","lathe","barSide","used123456","real support map and step buttons","{""X"":0,""Y"":0,""Z"":0,""A"":0,""C"":0}","[0,0,0,0,0,0]","-16.958999990972917","-17"
"lathe-used-2-0.001-start","lathe","barTop","used123456","real support map and step buttons","{""X"":0,""Y"":0,""Z"":0,""A"":0,""C"":0}","[0,0,0,0,0,0]","-0.00575215427546516","0"
"lathe-used-2-0.001-start","lathe","runoutRoot","used123456","real support map and step buttons","{""X"":0,""Y"":0,""Z"":0,""A"":0,""C"":0}","[0,0,0,0,0,0]","11.98505076393485","12"
"lathe-used-2-0.001-start","lathe","runoutTip","used123456","real support map and step buttons","{""X"":0,""Y"":0,""Z"":0,""A"":0,""C"":0}","[0,0,0,0,0,0]","14.39028429697391","14"
"lathe-used-2-0.001-start","lathe","borea","used123456","real support map and step buttons","{""X"":0,""Y"":0,""Z"":0,""A"":0,""C"":0}","[0,0,0,0,0,0]","0","0"
"lathe-used-2-0.001-start","lathe","boreb","used123456","real support map and step buttons","{""X"":0,""Y"":0,""Z"":0,""A"":0,""C"":0}","[0,0,0,0,0,0]","126.75994643730066","127"
"lathe-used-2-0.001-start","lathe","borec","used123456","real support map and step buttons","{""X"":0,""Y"":0,""Z"":0,""A"":0,""C"":0}","[0,0,0,0,0,0]","247.59274400901893","248"
"lathe-used-2-0.001-start","lathe","bored","used123456","real support map and step buttons","{""X"":0,""Y"":0,""Z"":0,""A"":0,""C"":0}","[0,0,0,0,0,0]","121.44554056948282","121"
"lathe-used-2-0.001-plus","lathe","face","used123456","real raise/lower button","{""X"":0,""Y"":0,""Z"":0,""A"":0,""C"":0}","[0,0,0.001,0,0,0]","-3.757939098318272","-4"
"lathe-used-2-0.001-plus","lathe","flat","used123456","real raise/lower button","{""X"":0,""Y"":0,""Z"":0,""A"":0,""C"":0}","[0,0,0.001,0,0,0]","7.901992532378596","8"
"lathe-used-2-0.001-plus","lathe","dx","used123456","real raise/lower button","{""X"":0,""Y"":0,""Z"":0,""A"":0,""C"":0}","[0,0,0.001,0,0,0]","123.816362189114","124"
"lathe-used-2-0.001-plus","lathe","dy","used123456","real raise/lower button","{""X"":0,""Y"":0,""Z"":0,""A"":0,""C"":0}","[0,0,0.001,0,0,0]","-2.672114379320692","-3"
"lathe-used-2-0.001-plus","lathe","barSide","used123456","real raise/lower button","{""X"":0,""Y"":0,""Z"":0,""A"":0,""C"":0}","[0,0,0.001,0,0,0]","-17.034000108027275","-17"
"lathe-used-2-0.001-plus","lathe","barTop","used123456","real raise/lower button","{""X"":0,""Y"":0,""Z"":0,""A"":0,""C"":0}","[0,0,0.001,0,0,0]","-0.08081389764845459","0"
"lathe-used-2-0.001-plus","lathe","runoutRoot","used123456","real raise/lower button","{""X"":0,""Y"":0,""Z"":0,""A"":0,""C"":0}","[0,0,0.001,0,0,0]","11.98505076393485","12"
"lathe-used-2-0.001-plus","lathe","runoutTip","used123456","real raise/lower button","{""X"":0,""Y"":0,""Z"":0,""A"":0,""C"":0}","[0,0,0.001,0,0,0]","14.39028429697391","14"
"lathe-used-2-0.001-plus","lathe","borea","used123456","real raise/lower button","{""X"":0,""Y"":0,""Z"":0,""A"":0,""C"":0}","[0,0,0.001,0,0,0]","0","0"
"lathe-used-2-0.001-plus","lathe","boreb","used123456","real raise/lower button","{""X"":0,""Y"":0,""Z"":0,""A"":0,""C"":0}","[0,0,0.001,0,0,0]","126.79494547565909","127"
"lathe-used-2-0.001-plus","lathe","borec","used123456","real raise/lower button","{""X"":0,""Y"":0,""Z"":0,""A"":0,""C"":0}","[0,0,0.001,0,0,0]","247.63272437822863","248"
"lathe-used-2-0.001-plus","lathe","bored","used123456","real raise/lower button","{""X"":0,""Y"":0,""Z"":0,""A"":0,""C"":0}","[0,0,0.001,0,0,0]","121.45071671701771","121"
"lathe-used-2-0.001-plus-restored","lathe","face","used123456","real inverse support button","{""X"":0,""Y"":0,""Z"":0,""A"":0,""C"":0}","[0,0,0,0,0,0]","-3.7579390983043943","-4"
"lathe-used-2-0.001-plus-restored","lathe","flat","used123456","real inverse support button","{""X"":0,""Y"":0,""Z"":0,""A"":0,""C"":0}","[0,0,0,0,0,0]","7.826992527158391","8"
"lathe-used-2-0.001-plus-restored","lathe","dx","used123456","real inverse support button","{""X"":0,""Y"":0,""Z"":0,""A"":0,""C"":0}","[0,0,0,0,0,0]","123.79637200451012","124"
"lathe-used-2-0.001-plus-restored","lathe","dy","used123456","real inverse support button","{""X"":0,""Y"":0,""Z"":0,""A"":0,""C"":0}","[0,0,0,0,0,0]","-2.65720293390892","-3"
"lathe-used-2-0.001-plus-restored","lathe","barSide","used123456","real inverse support button","{""X"":0,""Y"":0,""Z"":0,""A"":0,""C"":0}","[0,0,0,0,0,0]","-16.958999990972917","-17"
"lathe-used-2-0.001-plus-restored","lathe","barTop","used123456","real inverse support button","{""X"":0,""Y"":0,""Z"":0,""A"":0,""C"":0}","[0,0,0,0,0,0]","-0.00575215427546516","0"
"lathe-used-2-0.001-plus-restored","lathe","runoutRoot","used123456","real inverse support button","{""X"":0,""Y"":0,""Z"":0,""A"":0,""C"":0}","[0,0,0,0,0,0]","11.98505076393485","12"
"lathe-used-2-0.001-plus-restored","lathe","runoutTip","used123456","real inverse support button","{""X"":0,""Y"":0,""Z"":0,""A"":0,""C"":0}","[0,0,0,0,0,0]","14.39028429697391","14"
"lathe-used-2-0.001-plus-restored","lathe","borea","used123456","real inverse support button","{""X"":0,""Y"":0,""Z"":0,""A"":0,""C"":0}","[0,0,0,0,0,0]","0","0"
"lathe-used-2-0.001-plus-restored","lathe","boreb","used123456","real inverse support button","{""X"":0,""Y"":0,""Z"":0,""A"":0,""C"":0}","[0,0,0,0,0,0]","126.75994643730066","127"
"lathe-used-2-0.001-plus-restored","lathe","borec","used123456","real inverse support button","{""X"":0,""Y"":0,""Z"":0,""A"":0,""C"":0}","[0,0,0,0,0,0]","247.59274400901893","248"
"lathe-used-2-0.001-plus-restored","lathe","bored","used123456","real inverse support button","{""X"":0,""Y"":0,""Z"":0,""A"":0,""C"":0}","[0,0,0,0,0,0]","121.44554056948282","121"
"lathe-used-2-0.001-minus","lathe","face","used123456","real raise/lower button","{""X"":0,""Y"":0,""Z"":0,""A"":0,""C"":0}","[0,0,-0.001,0,0,0]","-3.757939098318272","-4"
"lathe-used-2-0.001-minus","lathe","flat","used123456","real raise/lower button","{""X"":0,""Y"":0,""Z"":0,""A"":0,""C"":0}","[0,0,-0.001,0,0,0]","7.7519925322303","8"
"lathe-used-2-0.001-minus","lathe","dx","used123456","real raise/lower button","{""X"":0,""Y"":0,""Z"":0,""A"":0,""C"":0}","[0,0,-0.001,0,0,0]","123.77638181852076","124"
"lathe-used-2-0.001-minus","lathe","dy","used123456","real raise/lower button","{""X"":0,""Y"":0,""Z"":0,""A"":0,""C"":0}","[0,0,-0.001,0,0,0]","-2.642291524246329","-3"
"lathe-used-2-0.001-minus","lathe","barSide","used123456","real raise/lower button","{""X"":0,""Y"":0,""Z"":0,""A"":0,""C"":0}","[0,0,-0.001,0,0,0]","-16.884000108262352","-17"
"lathe-used-2-0.001-minus","lathe","barTop","used123456","real raise/lower button","{""X"":0,""Y"":0,""Z"":0,""A"":0,""C"":0}","[0,0,-0.001,0,0,0]","0.0693093577461279","0"
"lathe-used-2-0.001-minus","lathe","runoutRoot","used123456","real raise/lower button","{""X"":0,""Y"":0,""Z"":0,""A"":0,""C"":0}","[0,0,-0.001,0,0,0]","11.98505076393485","12"
"lathe-used-2-0.001-minus","lathe","runoutTip","used123456","real raise/lower button","{""X"":0,""Y"":0,""Z"":0,""A"":0,""C"":0}","[0,0,-0.001,0,0,0]","14.39028429697391","14"
"lathe-used-2-0.001-minus","lathe","borea","used123456","real raise/lower button","{""X"":0,""Y"":0,""Z"":0,""A"":0,""C"":0}","[0,0,-0.001,0,0,0]","0","0"
"lathe-used-2-0.001-minus","lathe","boreb","used123456","real raise/lower button","{""X"":0,""Y"":0,""Z"":0,""A"":0,""C"":0}","[0,0,-0.001,0,0,0]","126.72494744038477","127"
"lathe-used-2-0.001-minus","lathe","borec","used123456","real raise/lower button","{""X"":0,""Y"":0,""Z"":0,""A"":0,""C"":0}","[0,0,-0.001,0,0,0]","247.55276363704058","248"
"lathe-used-2-0.001-minus","lathe","bored","used123456","real raise/lower button","{""X"":0,""Y"":0,""Z"":0,""A"":0,""C"":0}","[0,0,-0.001,0,0,0]","121.4403643918921","121"
"lathe-used-2-0.001-minus-restored","lathe","face","used123456","real inverse support button","{""X"":0,""Y"":0,""Z"":0,""A"":0,""C"":0}","[0,0,0,0,0,0]","-3.7579390983043943","-4"
"lathe-used-2-0.001-minus-restored","lathe","flat","used123456","real inverse support button","{""X"":0,""Y"":0,""Z"":0,""A"":0,""C"":0}","[0,0,0,0,0,0]","7.826992527158391","8"
"lathe-used-2-0.001-minus-restored","lathe","dx","used123456","real inverse support button","{""X"":0,""Y"":0,""Z"":0,""A"":0,""C"":0}","[0,0,0,0,0,0]","123.79637200451012","124"
"lathe-used-2-0.001-minus-restored","lathe","dy","used123456","real inverse support button","{""X"":0,""Y"":0,""Z"":0,""A"":0,""C"":0}","[0,0,0,0,0,0]","-2.65720293390892","-3"
"lathe-used-2-0.001-minus-restored","lathe","barSide","used123456","real inverse support button","{""X"":0,""Y"":0,""Z"":0,""A"":0,""C"":0}","[0,0,0,0,0,0]","-16.958999990972917","-17"
"lathe-used-2-0.001-minus-restored","lathe","barTop","used123456","real inverse support button","{""X"":0,""Y"":0,""Z"":0,""A"":0,""C"":0}","[0,0,0,0,0,0]","-0.00575215427546516","0"
"lathe-used-2-0.001-minus-restored","lathe","runoutRoot","used123456","real inverse support button","{""X"":0,""Y"":0,""Z"":0,""A"":0,""C"":0}","[0,0,0,0,0,0]","11.98505076393485","12"
"lathe-used-2-0.001-minus-restored","lathe","runoutTip","used123456","real inverse support button","{""X"":0,""Y"":0,""Z"":0,""A"":0,""C"":0}","[0,0,0,0,0,0]","14.39028429697391","14"
"lathe-used-2-0.001-minus-restored","lathe","borea","used123456","real inverse support button","{""X"":0,""Y"":0,""Z"":0,""A"":0,""C"":0}","[0,0,0,0,0,0]","0","0"
"lathe-used-2-0.001-minus-restored","lathe","boreb","used123456","real inverse support button","{""X"":0,""Y"":0,""Z"":0,""A"":0,""C"":0}","[0,0,0,0,0,0]","126.75994643730066","127"
"lathe-used-2-0.001-minus-restored","lathe","borec","used123456","real inverse support button","{""X"":0,""Y"":0,""Z"":0,""A"":0,""C"":0}","[0,0,0,0,0,0]","247.59274400901893","248"
"lathe-used-2-0.001-minus-restored","lathe","bored","used123456","real inverse support button","{""X"":0,""Y"":0,""Z"":0,""A"":0,""C"":0}","[0,0,0,0,0,0]","121.44554056948282","121"
"lathe-used-2-0.01-start","lathe","face","used123456","real support map and step buttons","{""X"":0,""Y"":0,""Z"":0,""A"":0,""C"":0}","[0,0,0,0,0,0]","-3.7579390983043943","-4"
"lathe-used-2-0.01-start","lathe","flat","used123456","real support map and step buttons","{""X"":0,""Y"":0,""Z"":0,""A"":0,""C"":0}","[0,0,0,0,0,0]","7.826992527158391","8"
"lathe-used-2-0.01-start","lathe","dx","used123456","real support map and step buttons","{""X"":0,""Y"":0,""Z"":0,""A"":0,""C"":0}","[0,0,0,0,0,0]","123.79637200451012","124"
"lathe-used-2-0.01-start","lathe","dy","used123456","real support map and step buttons","{""X"":0,""Y"":0,""Z"":0,""A"":0,""C"":0}","[0,0,0,0,0,0]","-2.65720293390892","-3"
"lathe-used-2-0.01-start","lathe","barSide","used123456","real support map and step buttons","{""X"":0,""Y"":0,""Z"":0,""A"":0,""C"":0}","[0,0,0,0,0,0]","-16.958999990972917","-17"
"lathe-used-2-0.01-start","lathe","barTop","used123456","real support map and step buttons","{""X"":0,""Y"":0,""Z"":0,""A"":0,""C"":0}","[0,0,0,0,0,0]","-0.00575215427546516","0"
"lathe-used-2-0.01-start","lathe","runoutRoot","used123456","real support map and step buttons","{""X"":0,""Y"":0,""Z"":0,""A"":0,""C"":0}","[0,0,0,0,0,0]","11.98505076393485","12"
"lathe-used-2-0.01-start","lathe","runoutTip","used123456","real support map and step buttons","{""X"":0,""Y"":0,""Z"":0,""A"":0,""C"":0}","[0,0,0,0,0,0]","14.39028429697391","14"
"lathe-used-2-0.01-start","lathe","borea","used123456","real support map and step buttons","{""X"":0,""Y"":0,""Z"":0,""A"":0,""C"":0}","[0,0,0,0,0,0]","0","0"
"lathe-used-2-0.01-start","lathe","boreb","used123456","real support map and step buttons","{""X"":0,""Y"":0,""Z"":0,""A"":0,""C"":0}","[0,0,0,0,0,0]","126.75994643730066","127"
"lathe-used-2-0.01-start","lathe","borec","used123456","real support map and step buttons","{""X"":0,""Y"":0,""Z"":0,""A"":0,""C"":0}","[0,0,0,0,0,0]","247.59274400901893","248"
"lathe-used-2-0.01-start","lathe","bored","used123456","real support map and step buttons","{""X"":0,""Y"":0,""Z"":0,""A"":0,""C"":0}","[0,0,0,0,0,0]","121.44554056948282","121"
"lathe-used-2-0.01-plus","lathe","face","used123456","real raise/lower button","{""X"":0,""Y"":0,""Z"":0,""A"":0,""C"":0}","[0,0,0.01,0,0,0]","-3.757939098342558","-4"
"lathe-used-2-0.01-plus","lathe","flat","used123456","real raise/lower button","{""X"":0,""Y"":0,""Z"":0,""A"":0,""C"":0}","[0,0,0.01,0,0,0]","8.576993036793143","9"
"lathe-used-2-0.01-plus","lathe","dx","used123456","real raise/lower button","{""X"":0,""Y"":0,""Z"":0,""A"":0,""C"":0}","[0,0,0.01,0,0,0]","123.99627379045027","124"
"lathe-used-2-0.01-plus","lathe","dy","used123456","real raise/lower button","{""X"":0,""Y"":0,""Z"":0,""A"":0,""C"":0}","[0,0,0.01,0,0,0]","-2.806319004291716","-3"
"lathe-used-2-0.01-plus","lathe","barSide","used123456","real raise/lower button","{""X"":0,""Y"":0,""Z"":0,""A"":0,""C"":0}","[0,0,0.01,0,0,0]","-17.709011708813907","-18"
"lathe-used-2-0.01-plus","lathe","barTop","used123456","real raise/lower button","{""X"":0,""Y"":0,""Z"":0,""A"":0,""C"":0}","[0,0,0.01,0,0,0]","-0.7563800170015678","-1"
"lathe-used-2-0.01-plus","lathe","runoutRoot","used123456","real raise/lower button","{""X"":0,""Y"":0,""Z"":0,""A"":0,""C"":0}","[0,0,0.01,0,0,0]","11.98505076393485","12"
"lathe-used-2-0.01-plus","lathe","runoutTip","used123456","real raise/lower button","{""X"":0,""Y"":0,""Z"":0,""A"":0,""C"":0}","[0,0,0.01,0,0,0]","14.39028429697391","14"
"lathe-used-2-0.01-plus","lathe","borea","used123456","real raise/lower button","{""X"":0,""Y"":0,""Z"":0,""A"":0,""C"":0}","[0,0,0.01,0,0,0]","0","0"
"lathe-used-2-0.01-plus","lathe","boreb","used123456","real raise/lower button","{""X"":0,""Y"":0,""Z"":0,""A"":0,""C"":0}","[0,0,0.01,0,0,0]","127.10993869565965","127"
"lathe-used-2-0.01-plus","lathe","borec","used123456","real raise/lower button","{""X"":0,""Y"":0,""Z"":0,""A"":0,""C"":0}","[0,0,0.01,0,0,0]","247.99254758089972","248"
"lathe-used-2-0.01-plus","lathe","bored","used123456","real raise/lower button","{""X"":0,""Y"":0,""Z"":0,""A"":0,""C"":0}","[0,0,0.01,0,0,0]","121.49730068707412","121"
"lathe-used-2-0.01-plus-restored","lathe","face","used123456","real inverse support button","{""X"":0,""Y"":0,""Z"":0,""A"":0,""C"":0}","[0,0,0,0,0,0]","-3.7579390983043943","-4"
"lathe-used-2-0.01-plus-restored","lathe","flat","used123456","real inverse support button","{""X"":0,""Y"":0,""Z"":0,""A"":0,""C"":0}","[0,0,0,0,0,0]","7.826992527158391","8"
"lathe-used-2-0.01-plus-restored","lathe","dx","used123456","real inverse support button","{""X"":0,""Y"":0,""Z"":0,""A"":0,""C"":0}","[0,0,0,0,0,0]","123.79637200451012","124"
"lathe-used-2-0.01-plus-restored","lathe","dy","used123456","real inverse support button","{""X"":0,""Y"":0,""Z"":0,""A"":0,""C"":0}","[0,0,0,0,0,0]","-2.65720293390892","-3"
"lathe-used-2-0.01-plus-restored","lathe","barSide","used123456","real inverse support button","{""X"":0,""Y"":0,""Z"":0,""A"":0,""C"":0}","[0,0,0,0,0,0]","-16.958999990972917","-17"
"lathe-used-2-0.01-plus-restored","lathe","barTop","used123456","real inverse support button","{""X"":0,""Y"":0,""Z"":0,""A"":0,""C"":0}","[0,0,0,0,0,0]","-0.00575215427546516","0"
"lathe-used-2-0.01-plus-restored","lathe","runoutRoot","used123456","real inverse support button","{""X"":0,""Y"":0,""Z"":0,""A"":0,""C"":0}","[0,0,0,0,0,0]","11.98505076393485","12"
"lathe-used-2-0.01-plus-restored","lathe","runoutTip","used123456","real inverse support button","{""X"":0,""Y"":0,""Z"":0,""A"":0,""C"":0}","[0,0,0,0,0,0]","14.39028429697391","14"
"lathe-used-2-0.01-plus-restored","lathe","borea","used123456","real inverse support button","{""X"":0,""Y"":0,""Z"":0,""A"":0,""C"":0}","[0,0,0,0,0,0]","0","0"
"lathe-used-2-0.01-plus-restored","lathe","boreb","used123456","real inverse support button","{""X"":0,""Y"":0,""Z"":0,""A"":0,""C"":0}","[0,0,0,0,0,0]","126.75994643730066","127"
"lathe-used-2-0.01-plus-restored","lathe","borec","used123456","real inverse support button","{""X"":0,""Y"":0,""Z"":0,""A"":0,""C"":0}","[0,0,0,0,0,0]","247.59274400901893","248"
"lathe-used-2-0.01-plus-restored","lathe","bored","used123456","real inverse support button","{""X"":0,""Y"":0,""Z"":0,""A"":0,""C"":0}","[0,0,0,0,0,0]","121.44554056948282","121"
"lathe-used-2-0.01-minus","lathe","face","used123456","real raise/lower button","{""X"":0,""Y"":0,""Z"":0,""A"":0,""C"":0}","[0,0,-0.01,0,0,0]","-3.7579390983148024","-4"
"lathe-used-2-0.01-minus","lathe","flat","used123456","real raise/lower button","{""X"":0,""Y"":0,""Z"":0,""A"":0,""C"":0}","[0,0,-0.01,0,0,0]","7.076993037757884","7"
"lathe-used-2-0.01-minus","lathe","dx","used123456","real raise/lower button","{""X"":0,""Y"":0,""Z"":0,""A"":0,""C"":0}","[0,0,-0.01,0,0,0]","123.59647008435707","124"
"lathe-used-2-0.01-minus","lathe","dy","used123456","real raise/lower button","{""X"":0,""Y"":0,""Z"":0,""A"":0,""C"":0}","[0,0,-0.01,0,0,0]","-2.5080904533212514","-3"
"lathe-used-2-0.01-minus","lathe","barSide","used123456","real raise/lower button","{""X"":0,""Y"":0,""Z"":0,""A"":0,""C"":0}","[0,0,-0.01,0,0,0]","-16.20901171111612","-16"
"lathe-used-2-0.01-minus","lathe","barTop","used123456","real raise/lower button","{""X"":0,""Y"":0,""Z"":0,""A"":0,""C"":0}","[0,0,-0.01,0,0,0]","0.7448525382834636","1"
"lathe-used-2-0.01-minus","lathe","runoutRoot","used123456","real raise/lower button","{""X"":0,""Y"":0,""Z"":0,""A"":0,""C"":0}","[0,0,-0.01,0,0,0]","11.98505076393485","12"
"lathe-used-2-0.01-minus","lathe","runoutTip","used123456","real raise/lower button","{""X"":0,""Y"":0,""Z"":0,""A"":0,""C"":0}","[0,0,-0.01,0,0,0]","14.39028429697391","14"
"lathe-used-2-0.01-minus","lathe","borea","used123456","real raise/lower button","{""X"":0,""Y"":0,""Z"":0,""A"":0,""C"":0}","[0,0,-0.01,0,0,0]","0","0"
"lathe-used-2-0.01-minus","lathe","boreb","used123456","real raise/lower button","{""X"":0,""Y"":0,""Z"":0,""A"":0,""C"":0}","[0,0,-0.01,0,0,0]","126.40995834256249","126"
"lathe-used-2-0.01-minus","lathe","borec","used123456","real raise/lower button","{""X"":0,""Y"":0,""Z"":0,""A"":0,""C"":0}","[0,0,-0.01,0,0,0]","247.19294016871396","247"
"lathe-used-2-0.01-minus","lathe","bored","used123456","real raise/lower button","{""X"":0,""Y"":0,""Z"":0,""A"":0,""C"":0}","[0,0,-0.01,0,0,0]","121.39377743592209","121"
"lathe-used-2-0.01-minus-restored","lathe","face","used123456","real inverse support button","{""X"":0,""Y"":0,""Z"":0,""A"":0,""C"":0}","[0,0,0,0,0,0]","-3.7579390983043943","-4"
"lathe-used-2-0.01-minus-restored","lathe","flat","used123456","real inverse support button","{""X"":0,""Y"":0,""Z"":0,""A"":0,""C"":0}","[0,0,0,0,0,0]","7.826992527158391","8"
"lathe-used-2-0.01-minus-restored","lathe","dx","used123456","real inverse support button","{""X"":0,""Y"":0,""Z"":0,""A"":0,""C"":0}","[0,0,0,0,0,0]","123.79637200451012","124"
"lathe-used-2-0.01-minus-restored","lathe","dy","used123456","real inverse support button","{""X"":0,""Y"":0,""Z"":0,""A"":0,""C"":0}","[0,0,0,0,0,0]","-2.65720293390892","-3"
"lathe-used-2-0.01-minus-restored","lathe","barSide","used123456","real inverse support button","{""X"":0,""Y"":0,""Z"":0,""A"":0,""C"":0}","[0,0,0,0,0,0]","-16.958999990972917","-17"
"lathe-used-2-0.01-minus-restored","lathe","barTop","used123456","real inverse support button","{""X"":0,""Y"":0,""Z"":0,""A"":0,""C"":0}","[0,0,0,0,0,0]","-0.00575215427546516","0"
"lathe-used-2-0.01-minus-restored","lathe","runoutRoot","used123456","real inverse support button","{""X"":0,""Y"":0,""Z"":0,""A"":0,""C"":0}","[0,0,0,0,0,0]","11.98505076393485","12"
"lathe-used-2-0.01-minus-restored","lathe","runoutTip","used123456","real inverse support button","{""X"":0,""Y"":0,""Z"":0,""A"":0,""C"":0}","[0,0,0,0,0,0]","14.39028429697391","14"
"lathe-used-2-0.01-minus-restored","lathe","borea","used123456","real inverse support button","{""X"":0,""Y"":0,""Z"":0,""A"":0,""C"":0}","[0,0,0,0,0,0]","0","0"
"lathe-used-2-0.01-minus-restored","lathe","boreb","used123456","real inverse support button","{""X"":0,""Y"":0,""Z"":0,""A"":0,""C"":0}","[0,0,0,0,0,0]","126.75994643730066","127"
"lathe-used-2-0.01-minus-restored","lathe","borec","used123456","real inverse support button","{""X"":0,""Y"":0,""Z"":0,""A"":0,""C"":0}","[0,0,0,0,0,0]","247.59274400901893","248"
"lathe-used-2-0.01-minus-restored","lathe","bored","used123456","real inverse support button","{""X"":0,""Y"":0,""Z"":0,""A"":0,""C"":0}","[0,0,0,0,0,0]","121.44554056948282","121"
"lathe-used-3-0.001-start","lathe","face","used123456","real support map and step buttons","{""X"":0,""Y"":0,""Z"":0,""A"":0,""C"":0}","[0,0,0,0,0,0]","-3.7579390983043943","-4"
"lathe-used-3-0.001-start","lathe","flat","used123456","real support map and step buttons","{""X"":0,""Y"":0,""Z"":0,""A"":0,""C"":0}","[0,0,0,0,0,0]","7.826992527158391","8"
"lathe-used-3-0.001-start","lathe","dx","used123456","real support map and step buttons","{""X"":0,""Y"":0,""Z"":0,""A"":0,""C"":0}","[0,0,0,0,0,0]","123.79637200451012","124"
"lathe-used-3-0.001-start","lathe","dy","used123456","real support map and step buttons","{""X"":0,""Y"":0,""Z"":0,""A"":0,""C"":0}","[0,0,0,0,0,0]","-2.65720293390892","-3"
"lathe-used-3-0.001-start","lathe","barSide","used123456","real support map and step buttons","{""X"":0,""Y"":0,""Z"":0,""A"":0,""C"":0}","[0,0,0,0,0,0]","-16.958999990972917","-17"
"lathe-used-3-0.001-start","lathe","barTop","used123456","real support map and step buttons","{""X"":0,""Y"":0,""Z"":0,""A"":0,""C"":0}","[0,0,0,0,0,0]","-0.00575215427546516","0"
"lathe-used-3-0.001-start","lathe","runoutRoot","used123456","real support map and step buttons","{""X"":0,""Y"":0,""Z"":0,""A"":0,""C"":0}","[0,0,0,0,0,0]","11.98505076393485","12"
"lathe-used-3-0.001-start","lathe","runoutTip","used123456","real support map and step buttons","{""X"":0,""Y"":0,""Z"":0,""A"":0,""C"":0}","[0,0,0,0,0,0]","14.39028429697391","14"
"lathe-used-3-0.001-start","lathe","borea","used123456","real support map and step buttons","{""X"":0,""Y"":0,""Z"":0,""A"":0,""C"":0}","[0,0,0,0,0,0]","0","0"
"lathe-used-3-0.001-start","lathe","boreb","used123456","real support map and step buttons","{""X"":0,""Y"":0,""Z"":0,""A"":0,""C"":0}","[0,0,0,0,0,0]","126.75994643730066","127"
"lathe-used-3-0.001-start","lathe","borec","used123456","real support map and step buttons","{""X"":0,""Y"":0,""Z"":0,""A"":0,""C"":0}","[0,0,0,0,0,0]","247.59274400901893","248"
"lathe-used-3-0.001-start","lathe","bored","used123456","real support map and step buttons","{""X"":0,""Y"":0,""Z"":0,""A"":0,""C"":0}","[0,0,0,0,0,0]","121.44554056948282","121"
"lathe-used-3-0.001-plus","lathe","face","used123456","real raise/lower button","{""X"":0,""Y"":0,""Z"":0,""A"":0,""C"":0}","[0,0,0,0.001,0,0]","-3.7579390983026597","-4"
"lathe-used-3-0.001-plus","lathe","flat","used123456","real raise/lower button","{""X"":0,""Y"":0,""Z"":0,""A"":0,""C"":0}","[0,0,0,0.001,0,0]","7.826992527050838","8"
"lathe-used-3-0.001-plus","lathe","dx","used123456","real raise/lower button","{""X"":0,""Y"":0,""Z"":0,""A"":0,""C"":0}","[0,0,0,0.001,0,0]","124.23385874427723","124"
"lathe-used-3-0.001-plus","lathe","dy","used123456","real raise/lower button","{""X"":0,""Y"":0,""Z"":0,""A"":0,""C"":0}","[0,0,0,0.001,0,0]","-2.679718676476444","-3"
"lathe-used-3-0.001-plus","lathe","barSide","used123456","real raise/lower button","{""X"":0,""Y"":0,""Z"":0,""A"":0,""C"":0}","[0,0,0,0.001,0,0]","-16.95900012765178","-17"
"lathe-used-3-0.001-plus","lathe","barTop","used123456","real raise/lower button","{""X"":0,""Y"":0,""Z"":0,""A"":0,""C"":0}","[0,0,0,0.001,0,0]","-0.0807521542967038","0"
"lathe-used-3-0.001-plus","lathe","runoutRoot","used123456","real raise/lower button","{""X"":0,""Y"":0,""Z"":0,""A"":0,""C"":0}","[0,0,0,0.001,0,0]","11.98505076393485","12"
"lathe-used-3-0.001-plus","lathe","runoutTip","used123456","real raise/lower button","{""X"":0,""Y"":0,""Z"":0,""A"":0,""C"":0}","[0,0,0,0.001,0,0]","14.39028429697391","14"
"lathe-used-3-0.001-plus","lathe","borea","used123456","real raise/lower button","{""X"":0,""Y"":0,""Z"":0,""A"":0,""C"":0}","[0,0,0,0.001,0,0]","0","0"
"lathe-used-3-0.001-plus","lathe","boreb","used123456","real raise/lower button","{""X"":0,""Y"":0,""Z"":0,""A"":0,""C"":0}","[0,0,0,0.001,0,0]","127.22211674178266","127"
"lathe-used-3-0.001-plus","lathe","borec","used123456","real raise/lower button","{""X"":0,""Y"":0,""Z"":0,""A"":0,""C"":0}","[0,0,0,0.001,0,0]","248.4677174885569","248"
"lathe-used-3-0.001-plus","lathe","bored","used123456","real raise/lower button","{""X"":0,""Y"":0,""Z"":0,""A"":0,""C"":0}","[0,0,0,0.001,0,0]","121.8626793888268","122"
"lathe-used-3-0.001-plus-restored","lathe","face","used123456","real inverse support button","{""X"":0,""Y"":0,""Z"":0,""A"":0,""C"":0}","[0,0,0,0,0,0]","-3.7579390983043943","-4"
"lathe-used-3-0.001-plus-restored","lathe","flat","used123456","real inverse support button","{""X"":0,""Y"":0,""Z"":0,""A"":0,""C"":0}","[0,0,0,0,0,0]","7.826992527158391","8"
"lathe-used-3-0.001-plus-restored","lathe","dx","used123456","real inverse support button","{""X"":0,""Y"":0,""Z"":0,""A"":0,""C"":0}","[0,0,0,0,0,0]","123.79637200451012","124"
"lathe-used-3-0.001-plus-restored","lathe","dy","used123456","real inverse support button","{""X"":0,""Y"":0,""Z"":0,""A"":0,""C"":0}","[0,0,0,0,0,0]","-2.65720293390892","-3"
"lathe-used-3-0.001-plus-restored","lathe","barSide","used123456","real inverse support button","{""X"":0,""Y"":0,""Z"":0,""A"":0,""C"":0}","[0,0,0,0,0,0]","-16.958999990972917","-17"
"lathe-used-3-0.001-plus-restored","lathe","barTop","used123456","real inverse support button","{""X"":0,""Y"":0,""Z"":0,""A"":0,""C"":0}","[0,0,0,0,0,0]","-0.00575215427546516","0"
"lathe-used-3-0.001-plus-restored","lathe","runoutRoot","used123456","real inverse support button","{""X"":0,""Y"":0,""Z"":0,""A"":0,""C"":0}","[0,0,0,0,0,0]","11.98505076393485","12"
"lathe-used-3-0.001-plus-restored","lathe","runoutTip","used123456","real inverse support button","{""X"":0,""Y"":0,""Z"":0,""A"":0,""C"":0}","[0,0,0,0,0,0]","14.39028429697391","14"
"lathe-used-3-0.001-plus-restored","lathe","borea","used123456","real inverse support button","{""X"":0,""Y"":0,""Z"":0,""A"":0,""C"":0}","[0,0,0,0,0,0]","0","0"
"lathe-used-3-0.001-plus-restored","lathe","boreb","used123456","real inverse support button","{""X"":0,""Y"":0,""Z"":0,""A"":0,""C"":0}","[0,0,0,0,0,0]","126.75994643730066","127"
"lathe-used-3-0.001-plus-restored","lathe","borec","used123456","real inverse support button","{""X"":0,""Y"":0,""Z"":0,""A"":0,""C"":0}","[0,0,0,0,0,0]","247.59274400901893","248"
"lathe-used-3-0.001-plus-restored","lathe","bored","used123456","real inverse support button","{""X"":0,""Y"":0,""Z"":0,""A"":0,""C"":0}","[0,0,0,0,0,0]","121.44554056948282","121"
"lathe-used-3-0.001-minus","lathe","face","used123456","real raise/lower button","{""X"":0,""Y"":0,""Z"":0,""A"":0,""C"":0}","[0,0,0,-0.001,0,0]","-3.7579390983026597","-4"
"lathe-used-3-0.001-minus","lathe","flat","used123456","real raise/lower button","{""X"":0,""Y"":0,""Z"":0,""A"":0,""C"":0}","[0,0,0,-0.001,0,0]","7.826992527050838","8"
"lathe-used-3-0.001-minus","lathe","dx","used123456","real raise/lower button","{""X"":0,""Y"":0,""Z"":0,""A"":0,""C"":0}","[0,0,0,-0.001,0,0]","123.35888525612002","123"
"lathe-used-3-0.001-minus","lathe","dy","used123456","real raise/lower button","{""X"":0,""Y"":0,""Z"":0,""A"":0,""C"":0}","[0,0,0,-0.001,0,0]","-2.634687471849385","-3"
"lathe-used-3-0.001-minus","lathe","barSide","used123456","real raise/lower button","{""X"":0,""Y"":0,""Z"":0,""A"":0,""C"":0}","[0,0,0,-0.001,0,0]","-16.95900012764831","-17"
"lathe-used-3-0.001-minus","lathe","barTop","used123456","real raise/lower button","{""X"":0,""Y"":0,""Z"":0,""A"":0,""C"":0}","[0,0,0,-0.001,0,0]","0.06924784570240539","0"
"lathe-used-3-0.001-minus","lathe","runoutRoot","used123456","real raise/lower button","{""X"":0,""Y"":0,""Z"":0,""A"":0,""C"":0}","[0,0,0,-0.001,0,0]","11.98505076393485","12"
"lathe-used-3-0.001-minus","lathe","runoutTip","used123456","real raise/lower button","{""X"":0,""Y"":0,""Z"":0,""A"":0,""C"":0}","[0,0,0,-0.001,0,0]","14.39028429697391","14"
"lathe-used-3-0.001-minus","lathe","borea","used123456","real raise/lower button","{""X"":0,""Y"":0,""Z"":0,""A"":0,""C"":0}","[0,0,0,-0.001,0,0]","0","0"
"lathe-used-3-0.001-minus","lathe","boreb","used123456","real raise/lower button","{""X"":0,""Y"":0,""Z"":0,""A"":0,""C"":0}","[0,0,0,-0.001,0,0]","126.29778404041683","126"
"lathe-used-3-0.001-minus","lathe","borec","used123456","real raise/lower button","{""X"":0,""Y"":0,""Z"":0,""A"":0,""C"":0}","[0,0,0,-0.001,0,0]","246.71777051223782","247"
"lathe-used-3-0.001-minus","lathe","bored","used123456","real raise/lower button","{""X"":0,""Y"":0,""Z"":0,""A"":0,""C"":0}","[0,0,0,-0.001,0,0]","121.0284090967205","121"
"lathe-used-3-0.001-minus-restored","lathe","face","used123456","real inverse support button","{""X"":0,""Y"":0,""Z"":0,""A"":0,""C"":0}","[0,0,0,0,0,0]","-3.7579390983043943","-4"
"lathe-used-3-0.001-minus-restored","lathe","flat","used123456","real inverse support button","{""X"":0,""Y"":0,""Z"":0,""A"":0,""C"":0}","[0,0,0,0,0,0]","7.826992527158391","8"
"lathe-used-3-0.001-minus-restored","lathe","dx","used123456","real inverse support button","{""X"":0,""Y"":0,""Z"":0,""A"":0,""C"":0}","[0,0,0,0,0,0]","123.79637200451012","124"
"lathe-used-3-0.001-minus-restored","lathe","dy","used123456","real inverse support button","{""X"":0,""Y"":0,""Z"":0,""A"":0,""C"":0}","[0,0,0,0,0,0]","-2.65720293390892","-3"
"lathe-used-3-0.001-minus-restored","lathe","barSide","used123456","real inverse support button","{""X"":0,""Y"":0,""Z"":0,""A"":0,""C"":0}","[0,0,0,0,0,0]","-16.958999990972917","-17"
"lathe-used-3-0.001-minus-restored","lathe","barTop","used123456","real inverse support button","{""X"":0,""Y"":0,""Z"":0,""A"":0,""C"":0}","[0,0,0,0,0,0]","-0.00575215427546516","0"
"lathe-used-3-0.001-minus-restored","lathe","runoutRoot","used123456","real inverse support button","{""X"":0,""Y"":0,""Z"":0,""A"":0,""C"":0}","[0,0,0,0,0,0]","11.98505076393485","12"
"lathe-used-3-0.001-minus-restored","lathe","runoutTip","used123456","real inverse support button","{""X"":0,""Y"":0,""Z"":0,""A"":0,""C"":0}","[0,0,0,0,0,0]","14.39028429697391","14"
"lathe-used-3-0.001-minus-restored","lathe","borea","used123456","real inverse support button","{""X"":0,""Y"":0,""Z"":0,""A"":0,""C"":0}","[0,0,0,0,0,0]","0","0"
"lathe-used-3-0.001-minus-restored","lathe","boreb","used123456","real inverse support button","{""X"":0,""Y"":0,""Z"":0,""A"":0,""C"":0}","[0,0,0,0,0,0]","126.75994643730066","127"
"lathe-used-3-0.001-minus-restored","lathe","borec","used123456","real inverse support button","{""X"":0,""Y"":0,""Z"":0,""A"":0,""C"":0}","[0,0,0,0,0,0]","247.59274400901893","248"
"lathe-used-3-0.001-minus-restored","lathe","bored","used123456","real inverse support button","{""X"":0,""Y"":0,""Z"":0,""A"":0,""C"":0}","[0,0,0,0,0,0]","121.44554056948282","121"
"lathe-used-3-0.01-start","lathe","face","used123456","real support map and step buttons","{""X"":0,""Y"":0,""Z"":0,""A"":0,""C"":0}","[0,0,0,0,0,0]","-3.7579390983043943","-4"
"lathe-used-3-0.01-start","lathe","flat","used123456","real support map and step buttons","{""X"":0,""Y"":0,""Z"":0,""A"":0,""C"":0}","[0,0,0,0,0,0]","7.826992527158391","8"
"lathe-used-3-0.01-start","lathe","dx","used123456","real support map and step buttons","{""X"":0,""Y"":0,""Z"":0,""A"":0,""C"":0}","[0,0,0,0,0,0]","123.79637200451012","124"
"lathe-used-3-0.01-start","lathe","dy","used123456","real support map and step buttons","{""X"":0,""Y"":0,""Z"":0,""A"":0,""C"":0}","[0,0,0,0,0,0]","-2.65720293390892","-3"
"lathe-used-3-0.01-start","lathe","barSide","used123456","real support map and step buttons","{""X"":0,""Y"":0,""Z"":0,""A"":0,""C"":0}","[0,0,0,0,0,0]","-16.958999990972917","-17"
"lathe-used-3-0.01-start","lathe","barTop","used123456","real support map and step buttons","{""X"":0,""Y"":0,""Z"":0,""A"":0,""C"":0}","[0,0,0,0,0,0]","-0.00575215427546516","0"
"lathe-used-3-0.01-start","lathe","runoutRoot","used123456","real support map and step buttons","{""X"":0,""Y"":0,""Z"":0,""A"":0,""C"":0}","[0,0,0,0,0,0]","11.98505076393485","12"
"lathe-used-3-0.01-start","lathe","runoutTip","used123456","real support map and step buttons","{""X"":0,""Y"":0,""Z"":0,""A"":0,""C"":0}","[0,0,0,0,0,0]","14.39028429697391","14"
"lathe-used-3-0.01-start","lathe","borea","used123456","real support map and step buttons","{""X"":0,""Y"":0,""Z"":0,""A"":0,""C"":0}","[0,0,0,0,0,0]","0","0"
"lathe-used-3-0.01-start","lathe","boreb","used123456","real support map and step buttons","{""X"":0,""Y"":0,""Z"":0,""A"":0,""C"":0}","[0,0,0,0,0,0]","126.75994643730066","127"
"lathe-used-3-0.01-start","lathe","borec","used123456","real support map and step buttons","{""X"":0,""Y"":0,""Z"":0,""A"":0,""C"":0}","[0,0,0,0,0,0]","247.59274400901893","248"
"lathe-used-3-0.01-start","lathe","bored","used123456","real support map and step buttons","{""X"":0,""Y"":0,""Z"":0,""A"":0,""C"":0}","[0,0,0,0,0,0]","121.44554056948282","121"
"lathe-used-3-0.01-plus","lathe","face","used123456","real raise/lower button","{""X"":0,""Y"":0,""Z"":0,""A"":0,""C"":0}","[0,0,0,0.01,0,0]","-3.7579390983009247","-4"
"lathe-used-3-0.01-plus","lathe","flat","used123456","real raise/lower button","{""X"":0,""Y"":0,""Z"":0,""A"":0,""C"":0}","[0,0,0,0.01,0,0]","7.826992527363089","8"
"lathe-used-3-0.01-plus","lathe","dx","used123456","real raise/lower button","{""X"":0,""Y"":0,""Z"":0,""A"":0,""C"":0}","[0,0,0,0.01,0,0]","128.17123901471143","128"
"lathe-used-3-0.01-plus","lathe","dy","used123456","real raise/lower button","{""X"":0,""Y"":0,""Z"":0,""A"":0,""C"":0}","[0,0,0,0.01,0,0]","-2.8823729760087313","-3"
"lathe-used-3-0.01-plus","lathe","barSide","used123456","real raise/lower button","{""X"":0,""Y"":0,""Z"":0,""A"":0,""C"":0}","[0,0,0,0.01,0,0]","-16.959013659084697","-17"
"lathe-used-3-0.01-plus","lathe","barTop","used123456","real raise/lower button","{""X"":0,""Y"":0,""Z"":0,""A"":0,""C"":0}","[0,0,0,0.01,0,0]","-0.7557521559224678","-1"
"lathe-used-3-0.01-plus","lathe","runoutRoot","used123456","real raise/lower button","{""X"":0,""Y"":0,""Z"":0,""A"":0,""C"":0}","[0,0,0,0.01,0,0]","11.98505076393485","12"
"lathe-used-3-0.01-plus","lathe","runoutTip","used123456","real raise/lower button","{""X"":0,""Y"":0,""Z"":0,""A"":0,""C"":0}","[0,0,0,0.01,0,0]","14.39028429697391","14"
"lathe-used-3-0.01-plus","lathe","borea","used123456","real raise/lower button","{""X"":0,""Y"":0,""Z"":0,""A"":0,""C"":0}","[0,0,0,0.01,0,0]","0","0"
"lathe-used-3-0.01-plus","lathe","boreb","used123456","real raise/lower button","{""X"":0,""Y"":0,""Z"":0,""A"":0,""C"":0}","[0,0,0,0.01,0,0]","131.3820053184811","131"
"lathe-used-3-0.01-plus","lathe","borec","used123456","real raise/lower button","{""X"":0,""Y"":0,""Z"":0,""A"":0,""C"":0}","[0,0,0,0.01,0,0]","256.3424780294213","256"
"lathe-used-3-0.01-plus","lathe","bored","used123456","real raise/lower button","{""X"":0,""Y"":0,""Z"":0,""A"":0,""C"":0}","[0,0,0,0.01,0,0]","125.61725936646035","126"
"lathe-used-3-0.01-plus-restored","lathe","face","used123456","real inverse support button","{""X"":0,""Y"":0,""Z"":0,""A"":0,""C"":0}","[0,0,0,0,0,0]","-3.7579390983043943","-4"
"lathe-used-3-0.01-plus-restored","lathe","flat","used123456","real inverse support button","{""X"":0,""Y"":0,""Z"":0,""A"":0,""C"":0}","[0,0,0,0,0,0]","7.826992527158391","8"
"lathe-used-3-0.01-plus-restored","lathe","dx","used123456","real inverse support button","{""X"":0,""Y"":0,""Z"":0,""A"":0,""C"":0}","[0,0,0,0,0,0]","123.79637200451012","124"
"lathe-used-3-0.01-plus-restored","lathe","dy","used123456","real inverse support button","{""X"":0,""Y"":0,""Z"":0,""A"":0,""C"":0}","[0,0,0,0,0,0]","-2.65720293390892","-3"
"lathe-used-3-0.01-plus-restored","lathe","barSide","used123456","real inverse support button","{""X"":0,""Y"":0,""Z"":0,""A"":0,""C"":0}","[0,0,0,0,0,0]","-16.958999990972917","-17"
"lathe-used-3-0.01-plus-restored","lathe","barTop","used123456","real inverse support button","{""X"":0,""Y"":0,""Z"":0,""A"":0,""C"":0}","[0,0,0,0,0,0]","-0.00575215427546516","0"
"lathe-used-3-0.01-plus-restored","lathe","runoutRoot","used123456","real inverse support button","{""X"":0,""Y"":0,""Z"":0,""A"":0,""C"":0}","[0,0,0,0,0,0]","11.98505076393485","12"
"lathe-used-3-0.01-plus-restored","lathe","runoutTip","used123456","real inverse support button","{""X"":0,""Y"":0,""Z"":0,""A"":0,""C"":0}","[0,0,0,0,0,0]","14.39028429697391","14"
"lathe-used-3-0.01-plus-restored","lathe","borea","used123456","real inverse support button","{""X"":0,""Y"":0,""Z"":0,""A"":0,""C"":0}","[0,0,0,0,0,0]","0","0"
"lathe-used-3-0.01-plus-restored","lathe","boreb","used123456","real inverse support button","{""X"":0,""Y"":0,""Z"":0,""A"":0,""C"":0}","[0,0,0,0,0,0]","126.75994643730066","127"
"lathe-used-3-0.01-plus-restored","lathe","borec","used123456","real inverse support button","{""X"":0,""Y"":0,""Z"":0,""A"":0,""C"":0}","[0,0,0,0,0,0]","247.59274400901893","248"
"lathe-used-3-0.01-plus-restored","lathe","bored","used123456","real inverse support button","{""X"":0,""Y"":0,""Z"":0,""A"":0,""C"":0}","[0,0,0,0,0,0]","121.44554056948282","121"
"lathe-used-3-0.01-minus","lathe","face","used123456","real raise/lower button","{""X"":0,""Y"":0,""Z"":0,""A"":0,""C"":0}","[0,0,0,-0.01,0,0]","-3.7579390983009247","-4"
"lathe-used-3-0.01-minus","lathe","flat","used123456","real raise/lower button","{""X"":0,""Y"":0,""Z"":0,""A"":0,""C"":0}","[0,0,0,-0.01,0,0]","7.826992527141044","8"
"lathe-used-3-0.01-minus","lathe","dx","used123456","real raise/lower button","{""X"":0,""Y"":0,""Z"":0,""A"":0,""C"":0}","[0,0,0,-0.01,0,0]","119.42150413322743","119"
"lathe-used-3-0.01-minus","lathe","dy","used123456","real raise/lower button","{""X"":0,""Y"":0,""Z"":0,""A"":0,""C"":0}","[0,0,0,-0.01,0,0]","-2.432060928175047","-2"
"lathe-used-3-0.01-minus","lathe","barSide","used123456","real raise/lower button","{""X"":0,""Y"":0,""Z"":0,""A"":0,""C"":0}","[0,0,0,-0.01,0,0]","-16.959013659112454","-17"
"lathe-used-3-0.01-minus","lathe","barTop","used123456","real raise/lower button","{""X"":0,""Y"":0,""Z"":0,""A"":0,""C"":0}","[0,0,0,-0.01,0,0]","0.7442478440842365","1"
"lathe-used-3-0.01-minus","lathe","runoutRoot","used123456","real raise/lower button","{""X"":0,""Y"":0,""Z"":0,""A"":0,""C"":0}","[0,0,0,-0.01,0,0]","11.98505076393485","12"
"lathe-used-3-0.01-minus","lathe","runoutTip","used123456","real raise/lower button","{""X"":0,""Y"":0,""Z"":0,""A"":0,""C"":0}","[0,0,0,-0.01,0,0]","14.39028429697391","14"
"lathe-used-3-0.01-minus","lathe","borea","used123456","real raise/lower button","{""X"":0,""Y"":0,""Z"":0,""A"":0,""C"":0}","[0,0,0,-0.01,0,0]","0","0"
"lathe-used-3-0.01-minus","lathe","boreb","used123456","real raise/lower button","{""X"":0,""Y"":0,""Z"":0,""A"":0,""C"":0}","[0,0,0,-0.01,0,0]","122.13867830312627","122"
"lathe-used-3-0.01-minus","lathe","borec","used123456","real raise/lower button","{""X"":0,""Y"":0,""Z"":0,""A"":0,""C"":0}","[0,0,0,-0.01,0,0]","238.8430082664525","239"
"lathe-used-3-0.01-minus","lathe","bored","used123456","real raise/lower button","{""X"":0,""Y"":0,""Z"":0,""A"":0,""C"":0}","[0,0,0,-0.01,0,0]","117.27455644677462","117"
"lathe-used-3-0.01-minus-restored","lathe","face","used123456","real inverse support button","{""X"":0,""Y"":0,""Z"":0,""A"":0,""C"":0}","[0,0,0,0,0,0]","-3.7579390983043943","-4"
"lathe-used-3-0.01-minus-restored","lathe","flat","used123456","real inverse support button","{""X"":0,""Y"":0,""Z"":0,""A"":0,""C"":0}","[0,0,0,0,0,0]","7.826992527158391","8"
"lathe-used-3-0.01-minus-restored","lathe","dx","used123456","real inverse support button","{""X"":0,""Y"":0,""Z"":0,""A"":0,""C"":0}","[0,0,0,0,0,0]","123.79637200451012","124"
"lathe-used-3-0.01-minus-restored","lathe","dy","used123456","real inverse support button","{""X"":0,""Y"":0,""Z"":0,""A"":0,""C"":0}","[0,0,0,0,0,0]","-2.65720293390892","-3"
"lathe-used-3-0.01-minus-restored","lathe","barSide","used123456","real inverse support button","{""X"":0,""Y"":0,""Z"":0,""A"":0,""C"":0}","[0,0,0,0,0,0]","-16.958999990972917","-17"
"lathe-used-3-0.01-minus-restored","lathe","barTop","used123456","real inverse support button","{""X"":0,""Y"":0,""Z"":0,""A"":0,""C"":0}","[0,0,0,0,0,0]","-0.00575215427546516","0"
"lathe-used-3-0.01-minus-restored","lathe","runoutRoot","used123456","real inverse support button","{""X"":0,""Y"":0,""Z"":0,""A"":0,""C"":0}","[0,0,0,0,0,0]","11.98505076393485","12"
"lathe-used-3-0.01-minus-restored","lathe","runoutTip","used123456","real inverse support button","{""X"":0,""Y"":0,""Z"":0,""A"":0,""C"":0}","[0,0,0,0,0,0]","14.39028429697391","14"
"lathe-used-3-0.01-minus-restored","lathe","borea","used123456","real inverse support button","{""X"":0,""Y"":0,""Z"":0,""A"":0,""C"":0}","[0,0,0,0,0,0]","0","0"
"lathe-used-3-0.01-minus-restored","lathe","boreb","used123456","real inverse support button","{""X"":0,""Y"":0,""Z"":0,""A"":0,""C"":0}","[0,0,0,0,0,0]","126.75994643730066","127"
"lathe-used-3-0.01-minus-restored","lathe","borec","used123456","real inverse support button","{""X"":0,""Y"":0,""Z"":0,""A"":0,""C"":0}","[0,0,0,0,0,0]","247.59274400901893","248"
"lathe-used-3-0.01-minus-restored","lathe","bored","used123456","real inverse support button","{""X"":0,""Y"":0,""Z"":0,""A"":0,""C"":0}","[0,0,0,0,0,0]","121.44554056948282","121"
"lathe-used-4-0.001-start","lathe","face","used123456","real support map and step buttons","{""X"":0,""Y"":0,""Z"":0,""A"":0,""C"":0}","[0,0,0,0,0,0]","-3.7579390983043943","-4"
"lathe-used-4-0.001-start","lathe","flat","used123456","real support map and step buttons","{""X"":0,""Y"":0,""Z"":0,""A"":0,""C"":0}","[0,0,0,0,0,0]","7.826992527158391","8"
"lathe-used-4-0.001-start","lathe","dx","used123456","real support map and step buttons","{""X"":0,""Y"":0,""Z"":0,""A"":0,""C"":0}","[0,0,0,0,0,0]","123.79637200451012","124"
"lathe-used-4-0.001-start","lathe","dy","used123456","real support map and step buttons","{""X"":0,""Y"":0,""Z"":0,""A"":0,""C"":0}","[0,0,0,0,0,0]","-2.65720293390892","-3"
"lathe-used-4-0.001-start","lathe","barSide","used123456","real support map and step buttons","{""X"":0,""Y"":0,""Z"":0,""A"":0,""C"":0}","[0,0,0,0,0,0]","-16.958999990972917","-17"
"lathe-used-4-0.001-start","lathe","barTop","used123456","real support map and step buttons","{""X"":0,""Y"":0,""Z"":0,""A"":0,""C"":0}","[0,0,0,0,0,0]","-0.00575215427546516","0"
"lathe-used-4-0.001-start","lathe","runoutRoot","used123456","real support map and step buttons","{""X"":0,""Y"":0,""Z"":0,""A"":0,""C"":0}","[0,0,0,0,0,0]","11.98505076393485","12"
"lathe-used-4-0.001-start","lathe","runoutTip","used123456","real support map and step buttons","{""X"":0,""Y"":0,""Z"":0,""A"":0,""C"":0}","[0,0,0,0,0,0]","14.39028429697391","14"
"lathe-used-4-0.001-start","lathe","borea","used123456","real support map and step buttons","{""X"":0,""Y"":0,""Z"":0,""A"":0,""C"":0}","[0,0,0,0,0,0]","0","0"
"lathe-used-4-0.001-start","lathe","boreb","used123456","real support map and step buttons","{""X"":0,""Y"":0,""Z"":0,""A"":0,""C"":0}","[0,0,0,0,0,0]","126.75994643730066","127"
"lathe-used-4-0.001-start","lathe","borec","used123456","real support map and step buttons","{""X"":0,""Y"":0,""Z"":0,""A"":0,""C"":0}","[0,0,0,0,0,0]","247.59274400901893","248"
"lathe-used-4-0.001-start","lathe","bored","used123456","real support map and step buttons","{""X"":0,""Y"":0,""Z"":0,""A"":0,""C"":0}","[0,0,0,0,0,0]","121.44554056948282","121"
"lathe-used-4-0.001-plus","lathe","face","used123456","real raise/lower button","{""X"":0,""Y"":0,""Z"":0,""A"":0,""C"":0}","[0,0,0,0,0.001,0]","-3.757939098306129","-4"
"lathe-used-4-0.001-plus","lathe","flat","used123456","real raise/lower button","{""X"":0,""Y"":0,""Z"":0,""A"":0,""C"":0}","[0,0,0,0,0.001,0]","7.90199253219992","8"
"lathe-used-4-0.001-plus","lathe","dx","used123456","real raise/lower button","{""X"":0,""Y"":0,""Z"":0,""A"":0,""C"":0}","[0,0,0,0,0.001,0]","123.37889919217905","123"
"lathe-used-4-0.001-plus","lathe","dy","used123456","real raise/lower button","{""X"":0,""Y"":0,""Z"":0,""A"":0,""C"":0}","[0,0,0,0,0.001,0]","-2.6045989876057014","-3"
"lathe-used-4-0.001-plus","lathe","barSide","used123456","real raise/lower button","{""X"":0,""Y"":0,""Z"":0,""A"":0,""C"":0}","[0,0,0,0,0.001,0]","-17.0340004719393","-17"
"lathe-used-4-0.001-plus","lathe","barTop","used123456","real raise/lower button","{""X"":0,""Y"":0,""Z"":0,""A"":0,""C"":0}","[0,0,0,0,0.001,0]","0.1441861021272972","0"
"lathe-used-4-0.001-plus","lathe","runoutRoot","used123456","real raise/lower button","{""X"":0,""Y"":0,""Z"":0,""A"":0,""C"":0}","[0,0,0,0,0.001,0]","11.98505076393485","12"
"lathe-used-4-0.001-plus","lathe","runoutTip","used123456","real raise/lower button","{""X"":0,""Y"":0,""Z"":0,""A"":0,""C"":0}","[0,0,0,0,0.001,0]","14.39028429697391","14"
"lathe-used-4-0.001-plus","lathe","borea","used123456","real raise/lower button","{""X"":0,""Y"":0,""Z"":0,""A"":0,""C"":0}","[0,0,0,0,0.001,0]","0","0"
"lathe-used-4-0.001-plus","lathe","boreb","used123456","real raise/lower button","{""X"":0,""Y"":0,""Z"":0,""A"":0,""C"":0}","[0,0,0,0,0.001,0]","126.28781141016745","126"
"lathe-used-4-0.001-plus","lathe","borec","used123456","real raise/lower button","{""X"":0,""Y"":0,""Z"":0,""A"":0,""C"":0}","[0,0,0,0,0.001,0]","246.75779838435886","247"
"lathe-used-4-0.001-plus","lathe","bored","used123456","real raise/lower button","{""X"":0,""Y"":0,""Z"":0,""A"":0,""C"":0}","[0,0,0,0,0.001,0]","121.07861343495577","121"
"lathe-used-4-0.001-plus-restored","lathe","face","used123456","real inverse support button","{""X"":0,""Y"":0,""Z"":0,""A"":0,""C"":0}","[0,0,0,0,0,0]","-3.7579390983043943","-4"
"lathe-used-4-0.001-plus-restored","lathe","flat","used123456","real inverse support button","{""X"":0,""Y"":0,""Z"":0,""A"":0,""C"":0}","[0,0,0,0,0,0]","7.826992527158391","8"
"lathe-used-4-0.001-plus-restored","lathe","dx","used123456","real inverse support button","{""X"":0,""Y"":0,""Z"":0,""A"":0,""C"":0}","[0,0,0,0,0,0]","123.79637200451012","124"
"lathe-used-4-0.001-plus-restored","lathe","dy","used123456","real inverse support button","{""X"":0,""Y"":0,""Z"":0,""A"":0,""C"":0}","[0,0,0,0,0,0]","-2.65720293390892","-3"
"lathe-used-4-0.001-plus-restored","lathe","barSide","used123456","real inverse support button","{""X"":0,""Y"":0,""Z"":0,""A"":0,""C"":0}","[0,0,0,0,0,0]","-16.958999990972917","-17"
"lathe-used-4-0.001-plus-restored","lathe","barTop","used123456","real inverse support button","{""X"":0,""Y"":0,""Z"":0,""A"":0,""C"":0}","[0,0,0,0,0,0]","-0.00575215427546516","0"
"lathe-used-4-0.001-plus-restored","lathe","runoutRoot","used123456","real inverse support button","{""X"":0,""Y"":0,""Z"":0,""A"":0,""C"":0}","[0,0,0,0,0,0]","11.98505076393485","12"
"lathe-used-4-0.001-plus-restored","lathe","runoutTip","used123456","real inverse support button","{""X"":0,""Y"":0,""Z"":0,""A"":0,""C"":0}","[0,0,0,0,0,0]","14.39028429697391","14"
"lathe-used-4-0.001-plus-restored","lathe","borea","used123456","real inverse support button","{""X"":0,""Y"":0,""Z"":0,""A"":0,""C"":0}","[0,0,0,0,0,0]","0","0"
"lathe-used-4-0.001-plus-restored","lathe","boreb","used123456","real inverse support button","{""X"":0,""Y"":0,""Z"":0,""A"":0,""C"":0}","[0,0,0,0,0,0]","126.75994643730066","127"
"lathe-used-4-0.001-plus-restored","lathe","borec","used123456","real inverse support button","{""X"":0,""Y"":0,""Z"":0,""A"":0,""C"":0}","[0,0,0,0,0,0]","247.59274400901893","248"
"lathe-used-4-0.001-plus-restored","lathe","bored","used123456","real inverse support button","{""X"":0,""Y"":0,""Z"":0,""A"":0,""C"":0}","[0,0,0,0,0,0]","121.44554056948282","121"
"lathe-used-4-0.001-minus","lathe","face","used123456","real raise/lower button","{""X"":0,""Y"":0,""Z"":0,""A"":0,""C"":0}","[0,0,0,0,-0.001,0]","-3.757939098306129","-4"
"lathe-used-4-0.001-minus","lathe","flat","used123456","real raise/lower button","{""X"":0,""Y"":0,""Z"":0,""A"":0,""C"":0}","[0,0,0,0,-0.001,0]","7.751992532275404","8"
"lathe-used-4-0.001-minus","lathe","dx","used123456","real raise/lower button","{""X"":0,""Y"":0,""Z"":0,""A"":0,""C"":0}","[0,0,0,0,-0.001,0]","124.21384482466661","124"
"lathe-used-4-0.001-minus","lathe","dy","used123456","real raise/lower button","{""X"":0,""Y"":0,""Z"":0,""A"":0,""C"":0}","[0,0,0,0,-0.001,0]","-2.7098073374902043","-3"
"lathe-used-4-0.001-minus","lathe","barSide","used123456","real raise/lower button","{""X"":0,""Y"":0,""Z"":0,""A"":0,""C"":0}","[0,0,0,0,-0.001,0]","-16.884000472172644","-17"
"lathe-used-4-0.001-minus","lathe","barTop","used123456","real raise/lower button","{""X"":0,""Y"":0,""Z"":0,""A"":0,""C"":0}","[0,0,0,0,-0.001,0]","-0.1556906424355492","0"
"lathe-used-4-0.001-minus","lathe","runoutRoot","used123456","real raise/lower button","{""X"":0,""Y"":0,""Z"":0,""A"":0,""C"":0}","[0,0,0,0,-0.001,0]","11.98505076393485","12"
"lathe-used-4-0.001-minus","lathe","runoutTip","used123456","real raise/lower button","{""X"":0,""Y"":0,""Z"":0,""A"":0,""C"":0}","[0,0,0,0,-0.001,0]","14.39028429697391","14"
"lathe-used-4-0.001-minus","lathe","borea","used123456","real raise/lower button","{""X"":0,""Y"":0,""Z"":0,""A"":0,""C"":0}","[0,0,0,0,-0.001,0]","0","0"
"lathe-used-4-0.001-minus","lathe","boreb","used123456","real raise/lower button","{""X"":0,""Y"":0,""Z"":0,""A"":0,""C"":0}","[0,0,0,0,-0.001,0]","127.23208879043477","127"
"lathe-used-4-0.001-minus","lathe","borec","used123456","real raise/lower button","{""X"":0,""Y"":0,""Z"":0,""A"":0,""C"":0}","[0,0,0,0,-0.001,0]","248.42768964933316","248"
"lathe-used-4-0.001-minus","lathe","bored","used123456","real raise/lower button","{""X"":0,""Y"":0,""Z"":0,""A"":0,""C"":0}","[0,0,0,0,-0.001,0]","121.81247411545762","122"
"lathe-used-4-0.001-minus-restored","lathe","face","used123456","real inverse support button","{""X"":0,""Y"":0,""Z"":0,""A"":0,""C"":0}","[0,0,0,0,0,0]","-3.7579390983043943","-4"
"lathe-used-4-0.001-minus-restored","lathe","flat","used123456","real inverse support button","{""X"":0,""Y"":0,""Z"":0,""A"":0,""C"":0}","[0,0,0,0,0,0]","7.826992527158391","8"
"lathe-used-4-0.001-minus-restored","lathe","dx","used123456","real inverse support button","{""X"":0,""Y"":0,""Z"":0,""A"":0,""C"":0}","[0,0,0,0,0,0]","123.79637200451012","124"
"lathe-used-4-0.001-minus-restored","lathe","dy","used123456","real inverse support button","{""X"":0,""Y"":0,""Z"":0,""A"":0,""C"":0}","[0,0,0,0,0,0]","-2.65720293390892","-3"
"lathe-used-4-0.001-minus-restored","lathe","barSide","used123456","real inverse support button","{""X"":0,""Y"":0,""Z"":0,""A"":0,""C"":0}","[0,0,0,0,0,0]","-16.958999990972917","-17"
"lathe-used-4-0.001-minus-restored","lathe","barTop","used123456","real inverse support button","{""X"":0,""Y"":0,""Z"":0,""A"":0,""C"":0}","[0,0,0,0,0,0]","-0.00575215427546516","0"
"lathe-used-4-0.001-minus-restored","lathe","runoutRoot","used123456","real inverse support button","{""X"":0,""Y"":0,""Z"":0,""A"":0,""C"":0}","[0,0,0,0,0,0]","11.98505076393485","12"
"lathe-used-4-0.001-minus-restored","lathe","runoutTip","used123456","real inverse support button","{""X"":0,""Y"":0,""Z"":0,""A"":0,""C"":0}","[0,0,0,0,0,0]","14.39028429697391","14"
"lathe-used-4-0.001-minus-restored","lathe","borea","used123456","real inverse support button","{""X"":0,""Y"":0,""Z"":0,""A"":0,""C"":0}","[0,0,0,0,0,0]","0","0"
"lathe-used-4-0.001-minus-restored","lathe","boreb","used123456","real inverse support button","{""X"":0,""Y"":0,""Z"":0,""A"":0,""C"":0}","[0,0,0,0,0,0]","126.75994643730066","127"
"lathe-used-4-0.001-minus-restored","lathe","borec","used123456","real inverse support button","{""X"":0,""Y"":0,""Z"":0,""A"":0,""C"":0}","[0,0,0,0,0,0]","247.59274400901893","248"
"lathe-used-4-0.001-minus-restored","lathe","bored","used123456","real inverse support button","{""X"":0,""Y"":0,""Z"":0,""A"":0,""C"":0}","[0,0,0,0,0,0]","121.44554056948282","121"
"lathe-used-4-0.01-start","lathe","face","used123456","real support map and step buttons","{""X"":0,""Y"":0,""Z"":0,""A"":0,""C"":0}","[0,0,0,0,0,0]","-3.7579390983043943","-4"
"lathe-used-4-0.01-start","lathe","flat","used123456","real support map and step buttons","{""X"":0,""Y"":0,""Z"":0,""A"":0,""C"":0}","[0,0,0,0,0,0]","7.826992527158391","8"
"lathe-used-4-0.01-start","lathe","dx","used123456","real support map and step buttons","{""X"":0,""Y"":0,""Z"":0,""A"":0,""C"":0}","[0,0,0,0,0,0]","123.79637200451012","124"
"lathe-used-4-0.01-start","lathe","dy","used123456","real support map and step buttons","{""X"":0,""Y"":0,""Z"":0,""A"":0,""C"":0}","[0,0,0,0,0,0]","-2.65720293390892","-3"
"lathe-used-4-0.01-start","lathe","barSide","used123456","real support map and step buttons","{""X"":0,""Y"":0,""Z"":0,""A"":0,""C"":0}","[0,0,0,0,0,0]","-16.958999990972917","-17"
"lathe-used-4-0.01-start","lathe","barTop","used123456","real support map and step buttons","{""X"":0,""Y"":0,""Z"":0,""A"":0,""C"":0}","[0,0,0,0,0,0]","-0.00575215427546516","0"
"lathe-used-4-0.01-start","lathe","runoutRoot","used123456","real support map and step buttons","{""X"":0,""Y"":0,""Z"":0,""A"":0,""C"":0}","[0,0,0,0,0,0]","11.98505076393485","12"
"lathe-used-4-0.01-start","lathe","runoutTip","used123456","real support map and step buttons","{""X"":0,""Y"":0,""Z"":0,""A"":0,""C"":0}","[0,0,0,0,0,0]","14.39028429697391","14"
"lathe-used-4-0.01-start","lathe","borea","used123456","real support map and step buttons","{""X"":0,""Y"":0,""Z"":0,""A"":0,""C"":0}","[0,0,0,0,0,0]","0","0"
"lathe-used-4-0.01-start","lathe","boreb","used123456","real support map and step buttons","{""X"":0,""Y"":0,""Z"":0,""A"":0,""C"":0}","[0,0,0,0,0,0]","126.75994643730066","127"
"lathe-used-4-0.01-start","lathe","borec","used123456","real support map and step buttons","{""X"":0,""Y"":0,""Z"":0,""A"":0,""C"":0}","[0,0,0,0,0,0]","247.59274400901893","248"
"lathe-used-4-0.01-start","lathe","bored","used123456","real support map and step buttons","{""X"":0,""Y"":0,""Z"":0,""A"":0,""C"":0}","[0,0,0,0,0,0]","121.44554056948282","121"
"lathe-used-4-0.01-plus","lathe","face","used123456","real raise/lower button","{""X"":0,""Y"":0,""Z"":0,""A"":0,""C"":0}","[0,0,0,0,0.01,0]","-3.7579390983043943","-4"
"lathe-used-4-0.01-plus","lathe","flat","used123456","real raise/lower button","{""X"":0,""Y"":0,""Z"":0,""A"":0,""C"":0}","[0,0,0,0,0.01,0]","8.5769930370308","9"
"lathe-used-4-0.01-plus","lathe","dx","used123456","real raise/lower button","{""X"":0,""Y"":0,""Z"":0,""A"":0,""C"":0}","[0,0,0,0,0.01,0]","119.62164423343124","120"
"lathe-used-4-0.01-plus","lathe","dy","used123456","real raise/lower button","{""X"":0,""Y"":0,""Z"":0,""A"":0,""C"":0}","[0,0,0,0,0.01,0]","-2.131184019523817","-2"
"lathe-used-4-0.01-plus","lathe","barSide","used123456","real raise/lower button","{""X"":0,""Y"":0,""Z"":0,""A"":0,""C"":0}","[0,0,0,0,0.01,0]","-17.709048099900233","-18"
"lathe-used-4-0.01-plus","lathe","barTop","used123456","real raise/lower button","{""X"":0,""Y"":0,""Z"":0,""A"":0,""C"":0}","[0,0,0,0,0.01,0]","1.4936199810682005","1"
"lathe-used-4-0.01-plus","lathe","runoutRoot","used123456","real raise/lower button","{""X"":0,""Y"":0,""Z"":0,""A"":0,""C"":0}","[0,0,0,0,0.01,0]","11.98505076393485","12"
"lathe-used-4-0.01-plus","lathe","runoutTip","used123456","real raise/lower button","{""X"":0,""Y"":0,""Z"":0,""A"":0,""C"":0}","[0,0,0,0,0.01,0]","14.39028429697391","14"
"lathe-used-4-0.01-plus","lathe","borea","used123456","real raise/lower button","{""X"":0,""Y"":0,""Z"":0,""A"":0,""C"":0}","[0,0,0,0,0.01,0]","0","0"
"lathe-used-4-0.01-plus","lathe","boreb","used123456","real raise/lower button","{""X"":0,""Y"":0,""Z"":0,""A"":0,""C"":0}","[0,0,0,0,0.01,0]","122.03892580750845","122"
"lathe-used-4-0.01-plus","lathe","borec","used123456","real raise/lower button","{""X"":0,""Y"":0,""Z"":0,""A"":0,""C"":0}","[0,0,0,0,0.01,0]","239.2432884668616","239"
"lathe-used-4-0.01-plus","lathe","bored","used123456","real raise/lower button","{""X"":0,""Y"":0,""Z"":0,""A"":0,""C"":0}","[0,0,0,0,0.01,0]","117.77655776845988","118"
"lathe-used-4-0.01-plus-restored","lathe","face","used123456","real inverse support button","{""X"":0,""Y"":0,""Z"":0,""A"":0,""C"":0}","[0,0,0,0,0,0]","-3.7579390983043943","-4"
"lathe-used-4-0.01-plus-restored","lathe","flat","used123456","real inverse support button","{""X"":0,""Y"":0,""Z"":0,""A"":0,""C"":0}","[0,0,0,0,0,0]","7.826992527158391","8"
"lathe-used-4-0.01-plus-restored","lathe","dx","used123456","real inverse support button","{""X"":0,""Y"":0,""Z"":0,""A"":0,""C"":0}","[0,0,0,0,0,0]","123.79637200451012","124"
"lathe-used-4-0.01-plus-restored","lathe","dy","used123456","real inverse support button","{""X"":0,""Y"":0,""Z"":0,""A"":0,""C"":0}","[0,0,0,0,0,0]","-2.65720293390892","-3"
"lathe-used-4-0.01-plus-restored","lathe","barSide","used123456","real inverse support button","{""X"":0,""Y"":0,""Z"":0,""A"":0,""C"":0}","[0,0,0,0,0,0]","-16.958999990972917","-17"
"lathe-used-4-0.01-plus-restored","lathe","barTop","used123456","real inverse support button","{""X"":0,""Y"":0,""Z"":0,""A"":0,""C"":0}","[0,0,0,0,0,0]","-0.00575215427546516","0"
"lathe-used-4-0.01-plus-restored","lathe","runoutRoot","used123456","real inverse support button","{""X"":0,""Y"":0,""Z"":0,""A"":0,""C"":0}","[0,0,0,0,0,0]","11.98505076393485","12"
"lathe-used-4-0.01-plus-restored","lathe","runoutTip","used123456","real inverse support button","{""X"":0,""Y"":0,""Z"":0,""A"":0,""C"":0}","[0,0,0,0,0,0]","14.39028429697391","14"
"lathe-used-4-0.01-plus-restored","lathe","borea","used123456","real inverse support button","{""X"":0,""Y"":0,""Z"":0,""A"":0,""C"":0}","[0,0,0,0,0,0]","0","0"
"lathe-used-4-0.01-plus-restored","lathe","boreb","used123456","real inverse support button","{""X"":0,""Y"":0,""Z"":0,""A"":0,""C"":0}","[0,0,0,0,0,0]","126.75994643730066","127"
"lathe-used-4-0.01-plus-restored","lathe","borec","used123456","real inverse support button","{""X"":0,""Y"":0,""Z"":0,""A"":0,""C"":0}","[0,0,0,0,0,0]","247.59274400901893","248"
"lathe-used-4-0.01-plus-restored","lathe","bored","used123456","real inverse support button","{""X"":0,""Y"":0,""Z"":0,""A"":0,""C"":0}","[0,0,0,0,0,0]","121.44554056948282","121"
"lathe-used-4-0.01-minus","lathe","face","used123456","real raise/lower button","{""X"":0,""Y"":0,""Z"":0,""A"":0,""C"":0}","[0,0,0,0,-0.01,0]","-3.7579390983043943","-4"
"lathe-used-4-0.01-minus","lathe","flat","used123456","real raise/lower button","{""X"":0,""Y"":0,""Z"":0,""A"":0,""C"":0}","[0,0,0,0,-0.01,0]","7.07699303775268","7"
"lathe-used-4-0.01-minus","lathe","dx","used123456","real raise/lower button","{""X"":0,""Y"":0,""Z"":0,""A"":0,""C"":0}","[0,0,0,0,-0.01,0]","127.9711005582492","128"
"lathe-used-4-0.01-minus","lathe","dy","used123456","real raise/lower button","{""X"":0,""Y"":0,""Z"":0,""A"":0,""C"":0}","[0,0,0,0,-0.01,0]","-3.18326751637056","-3"
"lathe-used-4-0.01-minus","lathe","barSide","used123456","real raise/lower button","{""X"":0,""Y"":0,""Z"":0,""A"":0,""C"":0}","[0,0,0,0,-0.01,0]","-16.209048102256222","-16"
"lathe-used-4-0.01-minus","lathe","barTop","used123456","real raise/lower button","{""X"":0,""Y"":0,""Z"":0,""A"":0,""C"":0}","[0,0,0,0,-0.01,0]","-1.5051474636616768","-2"
"lathe-used-4-0.01-minus","lathe","runoutRoot","used123456","real raise/lower button","{""X"":0,""Y"":0,""Z"":0,""A"":0,""C"":0}","[0,0,0,0,-0.01,0]","11.98505076393485","12"
"lathe-used-4-0.01-minus","lathe","runoutTip","used123456","real raise/lower button","{""X"":0,""Y"":0,""Z"":0,""A"":0,""C"":0}","[0,0,0,0,-0.01,0]","14.39028429697391","14"
"lathe-used-4-0.01-minus","lathe","borea","used123456","real raise/lower button","{""X"":0,""Y"":0,""Z"":0,""A"":0,""C"":0}","[0,0,0,0,-0.01,0]","0","0"
"lathe-used-4-0.01-minus","lathe","boreb","used123456","real raise/lower button","{""X"":0,""Y"":0,""Z"":0,""A"":0,""C"":0}","[0,0,0,0,-0.01,0]","131.48169960791253","131"
"lathe-used-4-0.01-minus","lathe","borec","used123456","real raise/lower button","{""X"":0,""Y"":0,""Z"":0,""A"":0,""C"":0}","[0,0,0,0,-0.01,0]","255.9422011165005","256"
"lathe-used-4-0.01-minus","lathe","bored","used123456","real raise/lower button","{""X"":0,""Y"":0,""Z"":0,""A"":0,""C"":0}","[0,0,0,0,-0.01,0]","125.11516457517149","125"
"lathe-used-4-0.01-minus-restored","lathe","face","used123456","real inverse support button","{""X"":0,""Y"":0,""Z"":0,""A"":0,""C"":0}","[0,0,0,0,0,0]","-3.7579390983043943","-4"
"lathe-used-4-0.01-minus-restored","lathe","flat","used123456","real inverse support button","{""X"":0,""Y"":0,""Z"":0,""A"":0,""C"":0}","[0,0,0,0,0,0]","7.826992527158391","8"
"lathe-used-4-0.01-minus-restored","lathe","dx","used123456","real inverse support button","{""X"":0,""Y"":0,""Z"":0,""A"":0,""C"":0}","[0,0,0,0,0,0]","123.79637200451012","124"
"lathe-used-4-0.01-minus-restored","lathe","dy","used123456","real inverse support button","{""X"":0,""Y"":0,""Z"":0,""A"":0,""C"":0}","[0,0,0,0,0,0]","-2.65720293390892","-3"
"lathe-used-4-0.01-minus-restored","lathe","barSide","used123456","real inverse support button","{""X"":0,""Y"":0,""Z"":0,""A"":0,""C"":0}","[0,0,0,0,0,0]","-16.958999990972917","-17"
"lathe-used-4-0.01-minus-restored","lathe","barTop","used123456","real inverse support button","{""X"":0,""Y"":0,""Z"":0,""A"":0,""C"":0}","[0,0,0,0,0,0]","-0.00575215427546516","0"
"lathe-used-4-0.01-minus-restored","lathe","runoutRoot","used123456","real inverse support button","{""X"":0,""Y"":0,""Z"":0,""A"":0,""C"":0}","[0,0,0,0,0,0]","11.98505076393485","12"
"lathe-used-4-0.01-minus-restored","lathe","runoutTip","used123456","real inverse support button","{""X"":0,""Y"":0,""Z"":0,""A"":0,""C"":0}","[0,0,0,0,0,0]","14.39028429697391","14"
"lathe-used-4-0.01-minus-restored","lathe","borea","used123456","real inverse support button","{""X"":0,""Y"":0,""Z"":0,""A"":0,""C"":0}","[0,0,0,0,0,0]","0","0"
"lathe-used-4-0.01-minus-restored","lathe","boreb","used123456","real inverse support button","{""X"":0,""Y"":0,""Z"":0,""A"":0,""C"":0}","[0,0,0,0,0,0]","126.75994643730066","127"
"lathe-used-4-0.01-minus-restored","lathe","borec","used123456","real inverse support button","{""X"":0,""Y"":0,""Z"":0,""A"":0,""C"":0}","[0,0,0,0,0,0]","247.59274400901893","248"
"lathe-used-4-0.01-minus-restored","lathe","bored","used123456","real inverse support button","{""X"":0,""Y"":0,""Z"":0,""A"":0,""C"":0}","[0,0,0,0,0,0]","121.44554056948282","121"
"lathe-used-5-0.001-start","lathe","face","used123456","real support map and step buttons","{""X"":0,""Y"":0,""Z"":0,""A"":0,""C"":0}","[0,0,0,0,0,0]","-3.7579390983043943","-4"
"lathe-used-5-0.001-start","lathe","flat","used123456","real support map and step buttons","{""X"":0,""Y"":0,""Z"":0,""A"":0,""C"":0}","[0,0,0,0,0,0]","7.826992527158391","8"
"lathe-used-5-0.001-start","lathe","dx","used123456","real support map and step buttons","{""X"":0,""Y"":0,""Z"":0,""A"":0,""C"":0}","[0,0,0,0,0,0]","123.79637200451012","124"
"lathe-used-5-0.001-start","lathe","dy","used123456","real support map and step buttons","{""X"":0,""Y"":0,""Z"":0,""A"":0,""C"":0}","[0,0,0,0,0,0]","-2.65720293390892","-3"
"lathe-used-5-0.001-start","lathe","barSide","used123456","real support map and step buttons","{""X"":0,""Y"":0,""Z"":0,""A"":0,""C"":0}","[0,0,0,0,0,0]","-16.958999990972917","-17"
"lathe-used-5-0.001-start","lathe","barTop","used123456","real support map and step buttons","{""X"":0,""Y"":0,""Z"":0,""A"":0,""C"":0}","[0,0,0,0,0,0]","-0.00575215427546516","0"
"lathe-used-5-0.001-start","lathe","runoutRoot","used123456","real support map and step buttons","{""X"":0,""Y"":0,""Z"":0,""A"":0,""C"":0}","[0,0,0,0,0,0]","11.98505076393485","12"
"lathe-used-5-0.001-start","lathe","runoutTip","used123456","real support map and step buttons","{""X"":0,""Y"":0,""Z"":0,""A"":0,""C"":0}","[0,0,0,0,0,0]","14.39028429697391","14"
"lathe-used-5-0.001-start","lathe","borea","used123456","real support map and step buttons","{""X"":0,""Y"":0,""Z"":0,""A"":0,""C"":0}","[0,0,0,0,0,0]","0","0"
"lathe-used-5-0.001-start","lathe","boreb","used123456","real support map and step buttons","{""X"":0,""Y"":0,""Z"":0,""A"":0,""C"":0}","[0,0,0,0,0,0]","126.75994643730066","127"
"lathe-used-5-0.001-start","lathe","borec","used123456","real support map and step buttons","{""X"":0,""Y"":0,""Z"":0,""A"":0,""C"":0}","[0,0,0,0,0,0]","247.59274400901893","248"
"lathe-used-5-0.001-start","lathe","bored","used123456","real support map and step buttons","{""X"":0,""Y"":0,""Z"":0,""A"":0,""C"":0}","[0,0,0,0,0,0]","121.44554056948282","121"
"lathe-used-5-0.001-plus","lathe","face","used123456","real raise/lower button","{""X"":0,""Y"":0,""Z"":0,""A"":0,""C"":0}","[0,0,0,0,0,0.001]","-3.757939098306129","-4"
"lathe-used-5-0.001-plus","lathe","flat","used123456","real raise/lower button","{""X"":0,""Y"":0,""Z"":0,""A"":0,""C"":0}","[0,0,0,0,0,0.001]","7.75199253245755","8"
"lathe-used-5-0.001-plus","lathe","dx","used123456","real raise/lower button","{""X"":0,""Y"":0,""Z"":0,""A"":0,""C"":0}","[0,0,0,0,0,0.001]","123.77635808493264","124"
"lathe-used-5-0.001-plus","lathe","dy","used123456","real raise/lower button","{""X"":0,""Y"":0,""Z"":0,""A"":0,""C"":0}","[0,0,0,0,0,0.001]","-2.6872915428466397","-3"
"lathe-used-5-0.001-plus","lathe","barSide","used123456","real raise/lower button","{""X"":0,""Y"":0,""Z"":0,""A"":0,""C"":0}","[0,0,0,0,0,0.001]","-16.884000095442747","-17"
"lathe-used-5-0.001-plus","lathe","barTop","used123456","real raise/lower button","{""X"":0,""Y"":0,""Z"":0,""A"":0,""C"":0}","[0,0,0,0,0,0.001]","-0.08069064244033142","0"
"lathe-used-5-0.001-plus","lathe","runoutRoot","used123456","real raise/lower button","{""X"":0,""Y"":0,""Z"":0,""A"":0,""C"":0}","[0,0,0,0,0,0.001]","11.98505076393485","12"
"lathe-used-5-0.001-plus","lathe","runoutTip","used123456","real raise/lower button","{""X"":0,""Y"":0,""Z"":0,""A"":0,""C"":0}","[0,0,0,0,0,0.001]","14.39028429697391","14"
"lathe-used-5-0.001-plus","lathe","borea","used123456","real raise/lower button","{""X"":0,""Y"":0,""Z"":0,""A"":0,""C"":0}","[0,0,0,0,0,0.001]","0","0"
"lathe-used-5-0.001-plus","lathe","boreb","used123456","real raise/lower button","{""X"":0,""Y"":0,""Z"":0,""A"":0,""C"":0}","[0,0,0,0,0,0.001]","126.76991881126199","127"
"lathe-used-5-0.001-plus","lathe","borec","used123456","real raise/lower button","{""X"":0,""Y"":0,""Z"":0,""A"":0,""C"":0}","[0,0,0,0,0,0.001]","247.55271616986457","248"
"lathe-used-5-0.001-plus","lathe","bored","used123456","real raise/lower button","{""X"":0,""Y"":0,""Z"":0,""A"":0,""C"":0}","[0,0,0,0,0,0.001]","121.39533572556871","121"
"lathe-used-5-0.001-plus-restored","lathe","face","used123456","real inverse support button","{""X"":0,""Y"":0,""Z"":0,""A"":0,""C"":0}","[0,0,0,0,0,0]","-3.7579390983043943","-4"
"lathe-used-5-0.001-plus-restored","lathe","flat","used123456","real inverse support button","{""X"":0,""Y"":0,""Z"":0,""A"":0,""C"":0}","[0,0,0,0,0,0]","7.826992527158391","8"
"lathe-used-5-0.001-plus-restored","lathe","dx","used123456","real inverse support button","{""X"":0,""Y"":0,""Z"":0,""A"":0,""C"":0}","[0,0,0,0,0,0]","123.79637200451012","124"
"lathe-used-5-0.001-plus-restored","lathe","dy","used123456","real inverse support button","{""X"":0,""Y"":0,""Z"":0,""A"":0,""C"":0}","[0,0,0,0,0,0]","-2.65720293390892","-3"
"lathe-used-5-0.001-plus-restored","lathe","barSide","used123456","real inverse support button","{""X"":0,""Y"":0,""Z"":0,""A"":0,""C"":0}","[0,0,0,0,0,0]","-16.958999990972917","-17"
"lathe-used-5-0.001-plus-restored","lathe","barTop","used123456","real inverse support button","{""X"":0,""Y"":0,""Z"":0,""A"":0,""C"":0}","[0,0,0,0,0,0]","-0.00575215427546516","0"
"lathe-used-5-0.001-plus-restored","lathe","runoutRoot","used123456","real inverse support button","{""X"":0,""Y"":0,""Z"":0,""A"":0,""C"":0}","[0,0,0,0,0,0]","11.98505076393485","12"
"lathe-used-5-0.001-plus-restored","lathe","runoutTip","used123456","real inverse support button","{""X"":0,""Y"":0,""Z"":0,""A"":0,""C"":0}","[0,0,0,0,0,0]","14.39028429697391","14"
"lathe-used-5-0.001-plus-restored","lathe","borea","used123456","real inverse support button","{""X"":0,""Y"":0,""Z"":0,""A"":0,""C"":0}","[0,0,0,0,0,0]","0","0"
"lathe-used-5-0.001-plus-restored","lathe","boreb","used123456","real inverse support button","{""X"":0,""Y"":0,""Z"":0,""A"":0,""C"":0}","[0,0,0,0,0,0]","126.75994643730066","127"
"lathe-used-5-0.001-plus-restored","lathe","borec","used123456","real inverse support button","{""X"":0,""Y"":0,""Z"":0,""A"":0,""C"":0}","[0,0,0,0,0,0]","247.59274400901893","248"
"lathe-used-5-0.001-plus-restored","lathe","bored","used123456","real inverse support button","{""X"":0,""Y"":0,""Z"":0,""A"":0,""C"":0}","[0,0,0,0,0,0]","121.44554056948282","121"
"lathe-used-5-0.001-minus","lathe","face","used123456","real raise/lower button","{""X"":0,""Y"":0,""Z"":0,""A"":0,""C"":0}","[0,0,0,0,0,-0.001]","-3.757939098306129","-4"
"lathe-used-5-0.001-minus","lathe","flat","used123456","real raise/lower button","{""X"":0,""Y"":0,""Z"":0,""A"":0,""C"":0}","[0,0,0,0,0,-0.001]","7.9019925323838","8"
"lathe-used-5-0.001-minus","lathe","dx","used123456","real raise/lower button","{""X"":0,""Y"":0,""Z"":0,""A"":0,""C"":0}","[0,0,0,0,0,-0.001]","123.81638594057564","124"
"lathe-used-5-0.001-minus","lathe","dy","used123456","real raise/lower button","{""X"":0,""Y"":0,""Z"":0,""A"":0,""C"":0}","[0,0,0,0,0,-0.001]","-2.6271143978018303","-3"
"lathe-used-5-0.001-minus","lathe","barSide","used123456","real raise/lower button","{""X"":0,""Y"":0,""Z"":0,""A"":0,""C"":0}","[0,0,0,0,0,-0.001]","-17.034000095198994","-17"
"lathe-used-5-0.001-minus","lathe","barTop","used123456","real raise/lower button","{""X"":0,""Y"":0,""Z"":0,""A"":0,""C"":0}","[0,0,0,0,0,-0.001]","0.06918610211299747","0"
"lathe-used-5-0.001-minus","lathe","runoutRoot","used123456","real raise/lower button","{""X"":0,""Y"":0,""Z"":0,""A"":0,""C"":0}","[0,0,0,0,0,-0.001]","11.98505076393485","12"
"lathe-used-5-0.001-minus","lathe","runoutTip","used123456","real raise/lower button","{""X"":0,""Y"":0,""Z"":0,""A"":0,""C"":0}","[0,0,0,0,0,-0.001]","14.39028429697391","14"
"lathe-used-5-0.001-minus","lathe","borea","used123456","real raise/lower button","{""X"":0,""Y"":0,""Z"":0,""A"":0,""C"":0}","[0,0,0,0,0,-0.001]","0","0"
"lathe-used-5-0.001-minus","lathe","boreb","used123456","real raise/lower button","{""X"":0,""Y"":0,""Z"":0,""A"":0,""C"":0}","[0,0,0,0,0,-0.001]","126.74997413254091","127"
"lathe-used-5-0.001-minus","lathe","borec","used123456","real raise/lower button","{""X"":0,""Y"":0,""Z"":0,""A"":0,""C"":0}","[0,0,0,0,0,-0.001]","247.63277188115384","248"
"lathe-used-5-0.001-minus","lathe","bored","used123456","real raise/lower button","{""X"":0,""Y"":0,""Z"":0,""A"":0,""C"":0}","[0,0,0,0,0,-0.001]","121.49574533693725","121"
"lathe-used-5-0.001-minus-restored","lathe","face","used123456","real inverse support button","{""X"":0,""Y"":0,""Z"":0,""A"":0,""C"":0}","[0,0,0,0,0,0]","-3.7579390983043943","-4"
"lathe-used-5-0.001-minus-restored","lathe","flat","used123456","real inverse support button","{""X"":0,""Y"":0,""Z"":0,""A"":0,""C"":0}","[0,0,0,0,0,0]","7.826992527158391","8"
"lathe-used-5-0.001-minus-restored","lathe","dx","used123456","real inverse support button","{""X"":0,""Y"":0,""Z"":0,""A"":0,""C"":0}","[0,0,0,0,0,0]","123.79637200451012","124"
"lathe-used-5-0.001-minus-restored","lathe","dy","used123456","real inverse support button","{""X"":0,""Y"":0,""Z"":0,""A"":0,""C"":0}","[0,0,0,0,0,0]","-2.65720293390892","-3"
"lathe-used-5-0.001-minus-restored","lathe","barSide","used123456","real inverse support button","{""X"":0,""Y"":0,""Z"":0,""A"":0,""C"":0}","[0,0,0,0,0,0]","-16.958999990972917","-17"
"lathe-used-5-0.001-minus-restored","lathe","barTop","used123456","real inverse support button","{""X"":0,""Y"":0,""Z"":0,""A"":0,""C"":0}","[0,0,0,0,0,0]","-0.00575215427546516","0"
"lathe-used-5-0.001-minus-restored","lathe","runoutRoot","used123456","real inverse support button","{""X"":0,""Y"":0,""Z"":0,""A"":0,""C"":0}","[0,0,0,0,0,0]","11.98505076393485","12"
"lathe-used-5-0.001-minus-restored","lathe","runoutTip","used123456","real inverse support button","{""X"":0,""Y"":0,""Z"":0,""A"":0,""C"":0}","[0,0,0,0,0,0]","14.39028429697391","14"
"lathe-used-5-0.001-minus-restored","lathe","borea","used123456","real inverse support button","{""X"":0,""Y"":0,""Z"":0,""A"":0,""C"":0}","[0,0,0,0,0,0]","0","0"
"lathe-used-5-0.001-minus-restored","lathe","boreb","used123456","real inverse support button","{""X"":0,""Y"":0,""Z"":0,""A"":0,""C"":0}","[0,0,0,0,0,0]","126.75994643730066","127"
"lathe-used-5-0.001-minus-restored","lathe","borec","used123456","real inverse support button","{""X"":0,""Y"":0,""Z"":0,""A"":0,""C"":0}","[0,0,0,0,0,0]","247.59274400901893","248"
"lathe-used-5-0.001-minus-restored","lathe","bored","used123456","real inverse support button","{""X"":0,""Y"":0,""Z"":0,""A"":0,""C"":0}","[0,0,0,0,0,0]","121.44554056948282","121"
"lathe-used-5-0.01-start","lathe","face","used123456","real support map and step buttons","{""X"":0,""Y"":0,""Z"":0,""A"":0,""C"":0}","[0,0,0,0,0,0]","-3.7579390983043943","-4"
"lathe-used-5-0.01-start","lathe","flat","used123456","real support map and step buttons","{""X"":0,""Y"":0,""Z"":0,""A"":0,""C"":0}","[0,0,0,0,0,0]","7.826992527158391","8"
"lathe-used-5-0.01-start","lathe","dx","used123456","real support map and step buttons","{""X"":0,""Y"":0,""Z"":0,""A"":0,""C"":0}","[0,0,0,0,0,0]","123.79637200451012","124"
"lathe-used-5-0.01-start","lathe","dy","used123456","real support map and step buttons","{""X"":0,""Y"":0,""Z"":0,""A"":0,""C"":0}","[0,0,0,0,0,0]","-2.65720293390892","-3"
"lathe-used-5-0.01-start","lathe","barSide","used123456","real support map and step buttons","{""X"":0,""Y"":0,""Z"":0,""A"":0,""C"":0}","[0,0,0,0,0,0]","-16.958999990972917","-17"
"lathe-used-5-0.01-start","lathe","barTop","used123456","real support map and step buttons","{""X"":0,""Y"":0,""Z"":0,""A"":0,""C"":0}","[0,0,0,0,0,0]","-0.00575215427546516","0"
"lathe-used-5-0.01-start","lathe","runoutRoot","used123456","real support map and step buttons","{""X"":0,""Y"":0,""Z"":0,""A"":0,""C"":0}","[0,0,0,0,0,0]","11.98505076393485","12"
"lathe-used-5-0.01-start","lathe","runoutTip","used123456","real support map and step buttons","{""X"":0,""Y"":0,""Z"":0,""A"":0,""C"":0}","[0,0,0,0,0,0]","14.39028429697391","14"
"lathe-used-5-0.01-start","lathe","borea","used123456","real support map and step buttons","{""X"":0,""Y"":0,""Z"":0,""A"":0,""C"":0}","[0,0,0,0,0,0]","0","0"
"lathe-used-5-0.01-start","lathe","boreb","used123456","real support map and step buttons","{""X"":0,""Y"":0,""Z"":0,""A"":0,""C"":0}","[0,0,0,0,0,0]","126.75994643730066","127"
"lathe-used-5-0.01-start","lathe","borec","used123456","real support map and step buttons","{""X"":0,""Y"":0,""Z"":0,""A"":0,""C"":0}","[0,0,0,0,0,0]","247.59274400901893","248"
"lathe-used-5-0.01-start","lathe","bored","used123456","real support map and step buttons","{""X"":0,""Y"":0,""Z"":0,""A"":0,""C"":0}","[0,0,0,0,0,0]","121.44554056948282","121"
"lathe-used-5-0.01-plus","lathe","face","used123456","real raise/lower button","{""X"":0,""Y"":0,""Z"":0,""A"":0,""C"":0}","[0,0,0,0,0,0.01]","-3.757939098318272","-4"
"lathe-used-5-0.01-plus","lathe","flat","used123456","real raise/lower button","{""X"":0,""Y"":0,""Z"":0,""A"":0,""C"":0}","[0,0,0,0,0,0.01]","7.076993037941764","7"
"lathe-used-5-0.01-plus","lathe","dx","used123456","real raise/lower button","{""X"":0,""Y"":0,""Z"":0,""A"":0,""C"":0}","[0,0,0,0,0,0.01]","123.59623355192456","124"
"lathe-used-5-0.01-plus","lathe","dy","used123456","real raise/lower button","{""X"":0,""Y"":0,""Z"":0,""A"":0,""C"":0}","[0,0,0,0,0,0.01]","-2.95809232842246","-3"
"lathe-used-5-0.01-plus","lathe","barSide","used123456","real raise/lower button","{""X"":0,""Y"":0,""Z"":0,""A"":0,""C"":0}","[0,0,0,0,0,0.01]","-16.20901042491754","-16"
"lathe-used-5-0.01-plus","lathe","barTop","used123456","real raise/lower button","{""X"":0,""Y"":0,""Z"":0,""A"":0,""C"":0}","[0,0,0,0,0,0.01]","-0.7551474613103765","-1"
"lathe-used-5-0.01-plus","lathe","runoutRoot","used123456","real raise/lower button","{""X"":0,""Y"":0,""Z"":0,""A"":0,""C"":0}","[0,0,0,0,0,0.01]","11.98505076393485","12"
"lathe-used-5-0.01-plus","lathe","runoutTip","used123456","real raise/lower button","{""X"":0,""Y"":0,""Z"":0,""A"":0,""C"":0}","[0,0,0,0,0,0.01]","14.39028429697391","14"
"lathe-used-5-0.01-plus","lathe","borea","used123456","real raise/lower button","{""X"":0,""Y"":0,""Z"":0,""A"":0,""C"":0}","[0,0,0,0,0,0.01]","0","0"
"lathe-used-5-0.01-plus","lathe","boreb","used123456","real raise/lower button","{""X"":0,""Y"":0,""Z"":0,""A"":0,""C"":0}","[0,0,0,0,0,0.01]","126.85967331998657","127"
"lathe-used-5-0.01-plus","lathe","borec","used123456","real raise/lower button","{""X"":0,""Y"":0,""Z"":0,""A"":0,""C"":0}","[0,0,0,0,0,0.01]","247.1924671038489","247"
"lathe-used-5-0.01-plus","lathe","bored","used123456","real raise/lower button","{""X"":0,""Y"":0,""Z"":0,""A"":0,""C"":0}","[0,0,0,0,0,0.01]","120.94348866313956","121"
"lathe-used-5-0.01-plus-restored","lathe","face","used123456","real inverse support button","{""X"":0,""Y"":0,""Z"":0,""A"":0,""C"":0}","[0,0,0,0,0,0]","-3.7579390983043943","-4"
"lathe-used-5-0.01-plus-restored","lathe","flat","used123456","real inverse support button","{""X"":0,""Y"":0,""Z"":0,""A"":0,""C"":0}","[0,0,0,0,0,0]","7.826992527158391","8"
"lathe-used-5-0.01-plus-restored","lathe","dx","used123456","real inverse support button","{""X"":0,""Y"":0,""Z"":0,""A"":0,""C"":0}","[0,0,0,0,0,0]","123.79637200451012","124"
"lathe-used-5-0.01-plus-restored","lathe","dy","used123456","real inverse support button","{""X"":0,""Y"":0,""Z"":0,""A"":0,""C"":0}","[0,0,0,0,0,0]","-2.65720293390892","-3"
"lathe-used-5-0.01-plus-restored","lathe","barSide","used123456","real inverse support button","{""X"":0,""Y"":0,""Z"":0,""A"":0,""C"":0}","[0,0,0,0,0,0]","-16.958999990972917","-17"
"lathe-used-5-0.01-plus-restored","lathe","barTop","used123456","real inverse support button","{""X"":0,""Y"":0,""Z"":0,""A"":0,""C"":0}","[0,0,0,0,0,0]","-0.00575215427546516","0"
"lathe-used-5-0.01-plus-restored","lathe","runoutRoot","used123456","real inverse support button","{""X"":0,""Y"":0,""Z"":0,""A"":0,""C"":0}","[0,0,0,0,0,0]","11.98505076393485","12"
"lathe-used-5-0.01-plus-restored","lathe","runoutTip","used123456","real inverse support button","{""X"":0,""Y"":0,""Z"":0,""A"":0,""C"":0}","[0,0,0,0,0,0]","14.39028429697391","14"
"lathe-used-5-0.01-plus-restored","lathe","borea","used123456","real inverse support button","{""X"":0,""Y"":0,""Z"":0,""A"":0,""C"":0}","[0,0,0,0,0,0]","0","0"
"lathe-used-5-0.01-plus-restored","lathe","boreb","used123456","real inverse support button","{""X"":0,""Y"":0,""Z"":0,""A"":0,""C"":0}","[0,0,0,0,0,0]","126.75994643730066","127"
"lathe-used-5-0.01-plus-restored","lathe","borec","used123456","real inverse support button","{""X"":0,""Y"":0,""Z"":0,""A"":0,""C"":0}","[0,0,0,0,0,0]","247.59274400901893","248"
"lathe-used-5-0.01-plus-restored","lathe","bored","used123456","real inverse support button","{""X"":0,""Y"":0,""Z"":0,""A"":0,""C"":0}","[0,0,0,0,0,0]","121.44554056948282","121"
"lathe-used-5-0.01-minus","lathe","face","used123456","real raise/lower button","{""X"":0,""Y"":0,""Z"":0,""A"":0,""C"":0}","[0,0,0,0,0,-0.01]","-3.7579390982905165","-4"
"lathe-used-5-0.01-minus","lathe","flat","used123456","real raise/lower button","{""X"":0,""Y"":0,""Z"":0,""A"":0,""C"":0}","[0,0,0,0,0,-0.01]","8.576993036975288","9"
"lathe-used-5-0.01-minus","lathe","dx","used123456","real raise/lower button","{""X"":0,""Y"":0,""Z"":0,""A"":0,""C"":0}","[0,0,0,0,0,-0.01]","123.99651210853943","124"
"lathe-used-5-0.01-minus","lathe","dy","used123456","real raise/lower button","{""X"":0,""Y"":0,""Z"":0,""A"":0,""C"":0}","[0,0,0,0,0,-0.01]","-2.35632087930184","-2"
"lathe-used-5-0.01-minus","lathe","barSide","used123456","real raise/lower button","{""X"":0,""Y"":0,""Z"":0,""A"":0,""C"":0}","[0,0,0,0,0,-0.01]","-17.70901042252512","-18"
"lathe-used-5-0.01-minus","lathe","barTop","used123456","real raise/lower button","{""X"":0,""Y"":0,""Z"":0,""A"":0,""C"":0}","[0,0,0,0,0,-0.01]","0.7436199838777025","1"
"lathe-used-5-0.01-minus","lathe","runoutRoot","used123456","real raise/lower button","{""X"":0,""Y"":0,""Z"":0,""A"":0,""C"":0}","[0,0,0,0,0,-0.01]","11.98505076393485","12"
"lathe-used-5-0.01-minus","lathe","runoutTip","used123456","real raise/lower button","{""X"":0,""Y"":0,""Z"":0,""A"":0,""C"":0}","[0,0,0,0,0,-0.01]","14.39028429697391","14"
"lathe-used-5-0.01-minus","lathe","borea","used123456","real raise/lower button","{""X"":0,""Y"":0,""Z"":0,""A"":0,""C"":0}","[0,0,0,0,0,-0.01]","0","0"
"lathe-used-5-0.01-minus","lathe","boreb","used123456","real raise/lower button","{""X"":0,""Y"":0,""Z"":0,""A"":0,""C"":0}","[0,0,0,0,0,-0.01]","126.66022653436137","127"
"lathe-used-5-0.01-minus","lathe","borec","used123456","real raise/lower button","{""X"":0,""Y"":0,""Z"":0,""A"":0,""C"":0}","[0,0,0,0,0,-0.01]","247.99302421708163","248"
"lathe-used-5-0.01-minus","lathe","bored","used123456","real raise/lower button","{""X"":0,""Y"":0,""Z"":0,""A"":0,""C"":0}","[0,0,0,0,0,-0.01]","121.9475847757598","122"
"lathe-used-5-0.01-minus-restored","lathe","face","used123456","real inverse support button","{""X"":0,""Y"":0,""Z"":0,""A"":0,""C"":0}","[0,0,0,0,0,0]","-3.7579390983043943","-4"
"lathe-used-5-0.01-minus-restored","lathe","flat","used123456","real inverse support button","{""X"":0,""Y"":0,""Z"":0,""A"":0,""C"":0}","[0,0,0,0,0,0]","7.826992527158391","8"
"lathe-used-5-0.01-minus-restored","lathe","dx","used123456","real inverse support button","{""X"":0,""Y"":0,""Z"":0,""A"":0,""C"":0}","[0,0,0,0,0,0]","123.79637200451012","124"
"lathe-used-5-0.01-minus-restored","lathe","dy","used123456","real inverse support button","{""X"":0,""Y"":0,""Z"":0,""A"":0,""C"":0}","[0,0,0,0,0,0]","-2.65720293390892","-3"
"lathe-used-5-0.01-minus-restored","lathe","barSide","used123456","real inverse support button","{""X"":0,""Y"":0,""Z"":0,""A"":0,""C"":0}","[0,0,0,0,0,0]","-16.958999990972917","-17"
"lathe-used-5-0.01-minus-restored","lathe","barTop","used123456","real inverse support button","{""X"":0,""Y"":0,""Z"":0,""A"":0,""C"":0}","[0,0,0,0,0,0]","-0.00575215427546516","0"
"lathe-used-5-0.01-minus-restored","lathe","runoutRoot","used123456","real inverse support button","{""X"":0,""Y"":0,""Z"":0,""A"":0,""C"":0}","[0,0,0,0,0,0]","11.98505076393485","12"
"lathe-used-5-0.01-minus-restored","lathe","runoutTip","used123456","real inverse support button","{""X"":0,""Y"":0,""Z"":0,""A"":0,""C"":0}","[0,0,0,0,0,0]","14.39028429697391","14"
"lathe-used-5-0.01-minus-restored","lathe","borea","used123456","real inverse support button","{""X"":0,""Y"":0,""Z"":0,""A"":0,""C"":0}","[0,0,0,0,0,0]","0","0"
"lathe-used-5-0.01-minus-restored","lathe","boreb","used123456","real inverse support button","{""X"":0,""Y"":0,""Z"":0,""A"":0,""C"":0}","[0,0,0,0,0,0]","126.75994643730066","127"
"lathe-used-5-0.01-minus-restored","lathe","borec","used123456","real inverse support button","{""X"":0,""Y"":0,""Z"":0,""A"":0,""C"":0}","[0,0,0,0,0,0]","247.59274400901893","248"
"lathe-used-5-0.01-minus-restored","lathe","bored","used123456","real inverse support button","{""X"":0,""Y"":0,""Z"":0,""A"":0,""C"":0}","[0,0,0,0,0,0]","121.44554056948282","121"
"lathe-used-posture-plane-positive","lathe","face","used123456","known bulk fixture via evaluate","{""X"":0,""Y"":0,""Z"":0,""A"":0,""C"":0}","[-0.0936,-0.033600000000000005,0.026399999999999993,-0.026399999999999993,0.033600000000000005,0.0936]","-3.7579390983026597","-4"
"lathe-used-posture-plane-positive","lathe","flat","used123456","known bulk fixture via evaluate","{""X"":0,""Y"":0,""Z"":0,""A"":0,""C"":0}","[-0.0936,-0.033600000000000005,0.026399999999999993,-0.026399999999999993,0.033600000000000005,0.0936]","7.826992527158391","8"
"lathe-used-posture-plane-positive","lathe","dx","used123456","known bulk fixture via evaluate","{""X"":0,""Y"":0,""Z"":0,""A"":0,""C"":0}","[-0.0936,-0.033600000000000005,0.026399999999999993,-0.026399999999999993,0.033600000000000005,0.0936]","123.79637200450952","124"
"lathe-used-posture-plane-positive","lathe","dy","used123456","known bulk fixture via evaluate","{""X"":0,""Y"":0,""Z"":0,""A"":0,""C"":0}","[-0.0936,-0.033600000000000005,0.026399999999999993,-0.026399999999999993,0.033600000000000005,0.0936]","-2.6572029341285486","-3"
"lathe-used-posture-plane-positive","lathe","barSide","used123456","known bulk fixture via evaluate","{""X"":0,""Y"":0,""Z"":0,""A"":0,""C"":0}","[-0.0936,-0.033600000000000005,0.026399999999999993,-0.026399999999999993,0.033600000000000005,0.0936]","-16.958999990965978","-17"
"lathe-used-posture-plane-positive","lathe","barTop","used123456","known bulk fixture via evaluate","{""X"":0,""Y"":0,""Z"":0,""A"":0,""C"":0}","[-0.0936,-0.033600000000000005,0.026399999999999993,-0.026399999999999993,0.033600000000000005,0.0936]","-0.005752154251179031","0"
"lathe-used-posture-plane-positive","lathe","runoutRoot","used123456","known bulk fixture via evaluate","{""X"":0,""Y"":0,""Z"":0,""A"":0,""C"":0}","[-0.0936,-0.033600000000000005,0.026399999999999993,-0.026399999999999993,0.033600000000000005,0.0936]","11.98505076393485","12"
"lathe-used-posture-plane-positive","lathe","runoutTip","used123456","known bulk fixture via evaluate","{""X"":0,""Y"":0,""Z"":0,""A"":0,""C"":0}","[-0.0936,-0.033600000000000005,0.026399999999999993,-0.026399999999999993,0.033600000000000005,0.0936]","14.39028429697391","14"
"lathe-used-posture-plane-positive","lathe","borea","used123456","known bulk fixture via evaluate","{""X"":0,""Y"":0,""Z"":0,""A"":0,""C"":0}","[-0.0936,-0.033600000000000005,0.026399999999999993,-0.026399999999999993,0.033600000000000005,0.0936]","0","0"
"lathe-used-posture-plane-positive","lathe","boreb","used123456","known bulk fixture via evaluate","{""X"":0,""Y"":0,""Z"":0,""A"":0,""C"":0}","[-0.0936,-0.033600000000000005,0.026399999999999993,-0.026399999999999993,0.033600000000000005,0.0936]","126.75994643751923","127"
"lathe-used-posture-plane-positive","lathe","borec","used123456","known bulk fixture via evaluate","{""X"":0,""Y"":0,""Z"":0,""A"":0,""C"":0}","[-0.0936,-0.033600000000000005,0.026399999999999993,-0.026399999999999993,0.033600000000000005,0.0936]","247.59274400901893","248"
"lathe-used-posture-plane-positive","lathe","bored","used123456","known bulk fixture via evaluate","{""X"":0,""Y"":0,""Z"":0,""A"":0,""C"":0}","[-0.0936,-0.033600000000000005,0.026399999999999993,-0.026399999999999993,0.033600000000000005,0.0936]","121.44554056926424","121"
"lathe-used-plane-positive-X-100","lathe","face","used123456","bulk support fixture; real axis slider","{""X"":-100,""Y"":0,""Z"":0,""A"":0,""C"":0}","[-0.0936,-0.033600000000000005,0.026399999999999993,-0.026399999999999993,0.033600000000000005,0.0936]","-3.7579390983026597","-4"
"lathe-used-plane-positive-X-100","lathe","flat","used123456","bulk support fixture; real axis slider","{""X"":-100,""Y"":0,""Z"":0,""A"":0,""C"":0}","[-0.0936,-0.033600000000000005,0.026399999999999993,-0.026399999999999993,0.033600000000000005,0.0936]","7.826992527158391","8"
"lathe-used-plane-positive-X-100","lathe","dx","used123456","bulk support fixture; real axis slider","{""X"":-100,""Y"":0,""Z"":0,""A"":0,""C"":0}","[-0.0936,-0.033600000000000005,0.026399999999999993,-0.026399999999999993,0.033600000000000005,0.0936]","123.79637200450952","124"
"lathe-used-plane-positive-X-100","lathe","dy","used123456","bulk support fixture; real axis slider","{""X"":-100,""Y"":0,""Z"":0,""A"":0,""C"":0}","[-0.0936,-0.033600000000000005,0.026399999999999993,-0.026399999999999993,0.033600000000000005,0.0936]","-2.6572029341285486","-3"
"lathe-used-plane-positive-X-100","lathe","barSide","used123456","bulk support fixture; real axis slider","{""X"":-100,""Y"":0,""Z"":0,""A"":0,""C"":0}","[-0.0936,-0.033600000000000005,0.026399999999999993,-0.026399999999999993,0.033600000000000005,0.0936]","-16.958999990965978","-17"
"lathe-used-plane-positive-X-100","lathe","barTop","used123456","bulk support fixture; real axis slider","{""X"":-100,""Y"":0,""Z"":0,""A"":0,""C"":0}","[-0.0936,-0.033600000000000005,0.026399999999999993,-0.026399999999999993,0.033600000000000005,0.0936]","-0.005752154249444308","0"
"lathe-used-plane-positive-X-100","lathe","runoutRoot","used123456","bulk support fixture; real axis slider","{""X"":-100,""Y"":0,""Z"":0,""A"":0,""C"":0}","[-0.0936,-0.033600000000000005,0.026399999999999993,-0.026399999999999993,0.033600000000000005,0.0936]","11.98505076393485","12"
"lathe-used-plane-positive-X-100","lathe","runoutTip","used123456","bulk support fixture; real axis slider","{""X"":-100,""Y"":0,""Z"":0,""A"":0,""C"":0}","[-0.0936,-0.033600000000000005,0.026399999999999993,-0.026399999999999993,0.033600000000000005,0.0936]","14.39028429697391","14"
"lathe-used-plane-positive-X-100","lathe","borea","used123456","bulk support fixture; real axis slider","{""X"":-100,""Y"":0,""Z"":0,""A"":0,""C"":0}","[-0.0936,-0.033600000000000005,0.026399999999999993,-0.026399999999999993,0.033600000000000005,0.0936]","0","0"
"lathe-used-plane-positive-X-100","lathe","boreb","used123456","bulk support fixture; real axis slider","{""X"":-100,""Y"":0,""Z"":0,""A"":0,""C"":0}","[-0.0936,-0.033600000000000005,0.026399999999999993,-0.026399999999999993,0.033600000000000005,0.0936]","126.75994643751923","127"
"lathe-used-plane-positive-X-100","lathe","borec","used123456","bulk support fixture; real axis slider","{""X"":-100,""Y"":0,""Z"":0,""A"":0,""C"":0}","[-0.0936,-0.033600000000000005,0.026399999999999993,-0.026399999999999993,0.033600000000000005,0.0936]","247.59274400901893","248"
"lathe-used-plane-positive-X-100","lathe","bored","used123456","bulk support fixture; real axis slider","{""X"":-100,""Y"":0,""Z"":0,""A"":0,""C"":0}","[-0.0936,-0.033600000000000005,0.026399999999999993,-0.026399999999999993,0.033600000000000005,0.0936]","121.44554056926424","121"
"lathe-used-plane-positive-X100","lathe","face","used123456","bulk support fixture; real axis slider","{""X"":100,""Y"":0,""Z"":0,""A"":0,""C"":0}","[-0.0936,-0.033600000000000005,0.026399999999999993,-0.026399999999999993,0.033600000000000005,0.0936]","-3.7579390983026597","-4"
"lathe-used-plane-positive-X100","lathe","flat","used123456","bulk support fixture; real axis slider","{""X"":100,""Y"":0,""Z"":0,""A"":0,""C"":0}","[-0.0936,-0.033600000000000005,0.026399999999999993,-0.026399999999999993,0.033600000000000005,0.0936]","7.826992527158391","8"
"lathe-used-plane-positive-X100","lathe","dx","used123456","bulk support fixture; real axis slider","{""X"":100,""Y"":0,""Z"":0,""A"":0,""C"":0}","[-0.0936,-0.033600000000000005,0.026399999999999993,-0.026399999999999993,0.033600000000000005,0.0936]","123.79637200450952","124"
"lathe-used-plane-positive-X100","lathe","dy","used123456","bulk support fixture; real axis slider","{""X"":100,""Y"":0,""Z"":0,""A"":0,""C"":0}","[-0.0936,-0.033600000000000005,0.026399999999999993,-0.026399999999999993,0.033600000000000005,0.0936]","-2.6572029341285486","-3"
"lathe-used-plane-positive-X100","lathe","barSide","used123456","bulk support fixture; real axis slider","{""X"":100,""Y"":0,""Z"":0,""A"":0,""C"":0}","[-0.0936,-0.033600000000000005,0.026399999999999993,-0.026399999999999993,0.033600000000000005,0.0936]","-16.958999990965978","-17"
"lathe-used-plane-positive-X100","lathe","barTop","used123456","bulk support fixture; real axis slider","{""X"":100,""Y"":0,""Z"":0,""A"":0,""C"":0}","[-0.0936,-0.033600000000000005,0.026399999999999993,-0.026399999999999993,0.033600000000000005,0.0936]","-0.005752154251179031","0"
"lathe-used-plane-positive-X100","lathe","runoutRoot","used123456","bulk support fixture; real axis slider","{""X"":100,""Y"":0,""Z"":0,""A"":0,""C"":0}","[-0.0936,-0.033600000000000005,0.026399999999999993,-0.026399999999999993,0.033600000000000005,0.0936]","11.98505076393485","12"
"lathe-used-plane-positive-X100","lathe","runoutTip","used123456","bulk support fixture; real axis slider","{""X"":100,""Y"":0,""Z"":0,""A"":0,""C"":0}","[-0.0936,-0.033600000000000005,0.026399999999999993,-0.026399999999999993,0.033600000000000005,0.0936]","14.39028429697391","14"
"lathe-used-plane-positive-X100","lathe","borea","used123456","bulk support fixture; real axis slider","{""X"":100,""Y"":0,""Z"":0,""A"":0,""C"":0}","[-0.0936,-0.033600000000000005,0.026399999999999993,-0.026399999999999993,0.033600000000000005,0.0936]","0","0"
"lathe-used-plane-positive-X100","lathe","boreb","used123456","bulk support fixture; real axis slider","{""X"":100,""Y"":0,""Z"":0,""A"":0,""C"":0}","[-0.0936,-0.033600000000000005,0.026399999999999993,-0.026399999999999993,0.033600000000000005,0.0936]","126.75994643751923","127"
"lathe-used-plane-positive-X100","lathe","borec","used123456","bulk support fixture; real axis slider","{""X"":100,""Y"":0,""Z"":0,""A"":0,""C"":0}","[-0.0936,-0.033600000000000005,0.026399999999999993,-0.026399999999999993,0.033600000000000005,0.0936]","247.59274400901893","248"
"lathe-used-plane-positive-X100","lathe","bored","used123456","bulk support fixture; real axis slider","{""X"":100,""Y"":0,""Z"":0,""A"":0,""C"":0}","[-0.0936,-0.033600000000000005,0.026399999999999993,-0.026399999999999993,0.033600000000000005,0.0936]","121.44554056926424","121"
"lathe-used-plane-positive-Z-100","lathe","face","used123456","bulk support fixture; real axis slider","{""X"":0,""Y"":0,""Z"":-100,""A"":0,""C"":0}","[-0.0936,-0.033600000000000005,0.026399999999999993,-0.026399999999999993,0.033600000000000005,0.0936]","-3.7579390983859264","-4"
"lathe-used-plane-positive-Z-100","lathe","flat","used123456","bulk support fixture; real axis slider","{""X"":0,""Y"":0,""Z"":-100,""A"":0,""C"":0}","[-0.0936,-0.033600000000000005,0.026399999999999993,-0.026399999999999993,0.033600000000000005,0.0936]","7.826992527158391","8"
"lathe-used-plane-positive-Z-100","lathe","dx","used123456","bulk support fixture; real axis slider","{""X"":0,""Y"":0,""Z"":-100,""A"":0,""C"":0}","[-0.0936,-0.033600000000000005,0.026399999999999993,-0.026399999999999993,0.033600000000000005,0.0936]","84.22537202558532","84"
"lathe-used-plane-positive-Z-100","lathe","dy","used123456","bulk support fixture; real axis slider","{""X"":0,""Y"":0,""Z"":-100,""A"":0,""C"":0}","[-0.0936,-0.033600000000000005,0.026399999999999993,-0.026399999999999993,0.033600000000000005,0.0936]","-2.657202934079392","-3"
"lathe-used-plane-positive-Z-100","lathe","barSide","used123456","bulk support fixture; real axis slider","{""X"":0,""Y"":0,""Z"":-100,""A"":0,""C"":0}","[-0.0936,-0.033600000000000005,0.026399999999999993,-0.026399999999999993,0.033600000000000005,0.0936]","-16.958999990972917","-17"
"lathe-used-plane-positive-Z-100","lathe","barTop","used123456","bulk support fixture; real axis slider","{""X"":0,""Y"":0,""Z"":-100,""A"":0,""C"":0}","[-0.0936,-0.033600000000000005,0.026399999999999993,-0.026399999999999993,0.033600000000000005,0.0936]","-0.005752154249444308","0"
"lathe-used-plane-positive-Z-100","lathe","runoutRoot","used123456","bulk support fixture; real axis slider","{""X"":0,""Y"":0,""Z"":-100,""A"":0,""C"":0}","[-0.0936,-0.033600000000000005,0.026399999999999993,-0.026399999999999993,0.033600000000000005,0.0936]","11.98505076393485","12"
"lathe-used-plane-positive-Z-100","lathe","runoutTip","used123456","bulk support fixture; real axis slider","{""X"":0,""Y"":0,""Z"":-100,""A"":0,""C"":0}","[-0.0936,-0.033600000000000005,0.026399999999999993,-0.026399999999999993,0.033600000000000005,0.0936]","14.39028429697391","14"
"lathe-used-plane-positive-Z-100","lathe","borea","used123456","bulk support fixture; real axis slider","{""X"":0,""Y"":0,""Z"":-100,""A"":0,""C"":0}","[-0.0936,-0.033600000000000005,0.026399999999999993,-0.026399999999999993,0.033600000000000005,0.0936]","0","0"
"lathe-used-plane-positive-Z-100","lathe","boreb","used123456","bulk support fixture; real axis slider","{""X"":0,""Y"":0,""Z"":-100,""A"":0,""C"":0}","[-0.0936,-0.033600000000000005,0.026399999999999993,-0.026399999999999993,0.033600000000000005,0.0936]","87.02431241356182","87"
"lathe-used-plane-positive-Z-100","lathe","borec","used123456","bulk support fixture; real axis slider","{""X"":0,""Y"":0,""Z"":-100,""A"":0,""C"":0}","[-0.0936,-0.033600000000000005,0.026399999999999993,-0.026399999999999993,0.033600000000000005,0.0936]","168.45074405116844","168"
"lathe-used-plane-positive-Z-100","lathe","bored","used123456","bulk support fixture; real axis slider","{""X"":0,""Y"":0,""Z"":-100,""A"":0,""C"":0}","[-0.0936,-0.033600000000000005,0.026399999999999993,-0.026399999999999993,0.033600000000000005,0.0936]","81.70990654540397","82"
"lathe-used-plane-positive-Z100","lathe","face","used123456","bulk support fixture; real axis slider","{""X"":0,""Y"":0,""Z"":100,""A"":0,""C"":0}","[-0.0936,-0.033600000000000005,0.026399999999999993,-0.026399999999999993,0.033600000000000005,0.0936]","-3.7579390983859264","-4"
"lathe-used-plane-positive-Z100","lathe","flat","used123456","bulk support fixture; real axis slider","{""X"":0,""Y"":0,""Z"":100,""A"":0,""C"":0}","[-0.0936,-0.033600000000000005,0.026399999999999993,-0.026399999999999993,0.033600000000000005,0.0936]","7.826992527158391","8"
"lathe-used-plane-positive-Z100","lathe","dx","used123456","bulk support fixture; real axis slider","{""X"":0,""Y"":0,""Z"":100,""A"":0,""C"":0}","[-0.0936,-0.033600000000000005,0.026399999999999993,-0.026399999999999993,0.033600000000000005,0.0936]","163.36737198343374","163"
"lathe-used-plane-positive-Z100","lathe","dy","used123456","bulk support fixture; real axis slider","{""X"":0,""Y"":0,""Z"":100,""A"":0,""C"":0}","[-0.0936,-0.033600000000000005,0.026399999999999993,-0.026399999999999993,0.033600000000000005,0.0936]","-2.6572029341777106","-3"
"lathe-used-plane-positive-Z100","lathe","barSide","used123456","bulk support fixture; real axis slider","{""X"":0,""Y"":0,""Z"":100,""A"":0,""C"":0}","[-0.0936,-0.033600000000000005,0.026399999999999993,-0.026399999999999993,0.033600000000000005,0.0936]","-16.958999990972917","-17"
"lathe-used-plane-positive-Z100","lathe","barTop","used123456","bulk support fixture; real axis slider","{""X"":0,""Y"":0,""Z"":100,""A"":0,""C"":0}","[-0.0936,-0.033600000000000005,0.026399999999999993,-0.026399999999999993,0.033600000000000005,0.0936]","-0.0057521542442401374","0"
"lathe-used-plane-positive-Z100","lathe","runoutRoot","used123456","bulk support fixture; real axis slider","{""X"":0,""Y"":0,""Z"":100,""A"":0,""C"":0}","[-0.0936,-0.033600000000000005,0.026399999999999993,-0.026399999999999993,0.033600000000000005,0.0936]","11.98505076393485","12"
"lathe-used-plane-positive-Z100","lathe","runoutTip","used123456","bulk support fixture; real axis slider","{""X"":0,""Y"":0,""Z"":100,""A"":0,""C"":0}","[-0.0936,-0.033600000000000005,0.026399999999999993,-0.026399999999999993,0.033600000000000005,0.0936]","14.39028429697391","14"
"lathe-used-plane-positive-Z100","lathe","borea","used123456","bulk support fixture; real axis slider","{""X"":0,""Y"":0,""Z"":100,""A"":0,""C"":0}","[-0.0936,-0.033600000000000005,0.026399999999999993,-0.026399999999999993,0.033600000000000005,0.0936]","0","0"
"lathe-used-plane-positive-Z100","lathe","boreb","used123456","bulk support fixture; real axis slider","{""X"":0,""Y"":0,""Z"":100,""A"":0,""C"":0}","[-0.0936,-0.033600000000000005,0.026399999999999993,-0.026399999999999993,0.033600000000000005,0.0936]","166.55821736613964","167"
"lathe-used-plane-positive-Z100","lathe","borec","used123456","bulk support fixture; real axis slider","{""X"":0,""Y"":0,""Z"":100,""A"":0,""C"":0}","[-0.0936,-0.033600000000000005,0.026399999999999993,-0.026399999999999993,0.033600000000000005,0.0936]","326.7347439668694","327"
"lathe-used-plane-positive-Z100","lathe","bored","used123456","bulk support fixture; real axis slider","{""X"":0,""Y"":0,""Z"":100,""A"":0,""C"":0}","[-0.0936,-0.033600000000000005,0.026399999999999993,-0.026399999999999993,0.033600000000000005,0.0936]","161.24381149778753","161"
"lathe-used-posture-plane-negative","lathe","face","used123456","known bulk fixture via evaluate","{""X"":0,""Y"":0,""Z"":0,""A"":0,""C"":0}","[0.0936,0.033600000000000005,-0.026399999999999993,0.026399999999999993,-0.033600000000000005,-0.0936]","-3.7579390983026597","-4"
"lathe-used-posture-plane-negative","lathe","flat","used123456","known bulk fixture via evaluate","{""X"":0,""Y"":0,""Z"":0,""A"":0,""C"":0}","[0.0936,0.033600000000000005,-0.026399999999999993,0.026399999999999993,-0.033600000000000005,-0.0936]","7.826992527158391","8"
"lathe-used-posture-plane-negative","lathe","dx","used123456","known bulk fixture via evaluate","{""X"":0,""Y"":0,""Z"":0,""A"":0,""C"":0}","[0.0936,0.033600000000000005,-0.026399999999999993,0.026399999999999993,-0.033600000000000005,-0.0936]","123.79637200451063","124"
"lathe-used-posture-plane-negative","lathe","dy","used123456","known bulk fixture via evaluate","{""X"":0,""Y"":0,""Z"":0,""A"":0,""C"":0}","[0.0936,0.033600000000000005,-0.026399999999999993,0.026399999999999993,-0.033600000000000005,-0.0936]","-2.6572029336709617","-3"
"lathe-used-posture-plane-negative","lathe","barSide","used123456","known bulk fixture via evaluate","{""X"":0,""Y"":0,""Z"":0,""A"":0,""C"":0}","[0.0936,0.033600000000000005,-0.026399999999999993,0.026399999999999993,-0.033600000000000005,-0.0936]","-16.958999990965978","-17"
"lathe-used-posture-plane-negative","lathe","barTop","used123456","known bulk fixture via evaluate","{""X"":0,""Y"":0,""Z"":0,""A"":0,""C"":0}","[0.0936,0.033600000000000005,-0.026399999999999993,0.026399999999999993,-0.033600000000000005,-0.0936]","-0.005752154299751289","0"
"lathe-used-posture-plane-negative","lathe","runoutRoot","used123456","known bulk fixture via evaluate","{""X"":0,""Y"":0,""Z"":0,""A"":0,""C"":0}","[0.0936,0.033600000000000005,-0.026399999999999993,0.026399999999999993,-0.033600000000000005,-0.0936]","11.98505076393485","12"
"lathe-used-posture-plane-negative","lathe","runoutTip","used123456","known bulk fixture via evaluate","{""X"":0,""Y"":0,""Z"":0,""A"":0,""C"":0}","[0.0936,0.033600000000000005,-0.026399999999999993,0.026399999999999993,-0.033600000000000005,-0.0936]","14.39028429697391","14"
"lathe-used-posture-plane-negative","lathe","borea","used123456","known bulk fixture via evaluate","{""X"":0,""Y"":0,""Z"":0,""A"":0,""C"":0}","[0.0936,0.033600000000000005,-0.026399999999999993,0.026399999999999993,-0.033600000000000005,-0.0936]","0","0"
"lathe-used-posture-plane-negative","lathe","boreb","used123456","known bulk fixture via evaluate","{""X"":0,""Y"":0,""Z"":0,""A"":0,""C"":0}","[0.0936,0.033600000000000005,-0.026399999999999993,0.026399999999999993,-0.033600000000000005,-0.0936]","126.75994643706126","127"
"lathe-used-posture-plane-negative","lathe","borec","used123456","known bulk fixture via evaluate","{""X"":0,""Y"":0,""Z"":0,""A"":0,""C"":0}","[0.0936,0.033600000000000005,-0.026399999999999993,0.026399999999999993,-0.033600000000000005,-0.0936]","247.59274400901893","248"
"lathe-used-posture-plane-negative","lathe","bored","used123456","known bulk fixture via evaluate","{""X"":0,""Y"":0,""Z"":0,""A"":0,""C"":0}","[0.0936,0.033600000000000005,-0.026399999999999993,0.026399999999999993,-0.033600000000000005,-0.0936]","121.4455405697222","121"
"lathe-used-plane-negative-X-100","lathe","face","used123456","bulk support fixture; real axis slider","{""X"":-100,""Y"":0,""Z"":0,""A"":0,""C"":0}","[0.0936,0.033600000000000005,-0.026399999999999993,0.026399999999999993,-0.033600000000000005,-0.0936]","-3.7579390983026597","-4"
"lathe-used-plane-negative-X-100","lathe","flat","used123456","bulk support fixture; real axis slider","{""X"":-100,""Y"":0,""Z"":0,""A"":0,""C"":0}","[0.0936,0.033600000000000005,-0.026399999999999993,0.026399999999999993,-0.033600000000000005,-0.0936]","7.826992527158391","8"
"lathe-used-plane-negative-X-100","lathe","dx","used123456","bulk support fixture; real axis slider","{""X"":-100,""Y"":0,""Z"":0,""A"":0,""C"":0}","[0.0936,0.033600000000000005,-0.026399999999999993,0.026399999999999993,-0.033600000000000005,-0.0936]","123.79637200451063","124"
"lathe-used-plane-negative-X-100","lathe","dy","used123456","bulk support fixture; real axis slider","{""X"":-100,""Y"":0,""Z"":0,""A"":0,""C"":0}","[0.0936,0.033600000000000005,-0.026399999999999993,0.026399999999999993,-0.033600000000000005,-0.0936]","-2.6572029336709617","-3"
"lathe-used-plane-negative-X-100","lathe","barSide","used123456","bulk support fixture; real axis slider","{""X"":-100,""Y"":0,""Z"":0,""A"":0,""C"":0}","[0.0936,0.033600000000000005,-0.026399999999999993,0.026399999999999993,-0.033600000000000005,-0.0936]","-16.958999990965978","-17"
"lathe-used-plane-negative-X-100","lathe","barTop","used123456","bulk support fixture; real axis slider","{""X"":-100,""Y"":0,""Z"":0,""A"":0,""C"":0}","[0.0936,0.033600000000000005,-0.026399999999999993,0.026399999999999993,-0.033600000000000005,-0.0936]","-0.005752154299751289","0"
"lathe-used-plane-negative-X-100","lathe","runoutRoot","used123456","bulk support fixture; real axis slider","{""X"":-100,""Y"":0,""Z"":0,""A"":0,""C"":0}","[0.0936,0.033600000000000005,-0.026399999999999993,0.026399999999999993,-0.033600000000000005,-0.0936]","11.98505076393485","12"
"lathe-used-plane-negative-X-100","lathe","runoutTip","used123456","bulk support fixture; real axis slider","{""X"":-100,""Y"":0,""Z"":0,""A"":0,""C"":0}","[0.0936,0.033600000000000005,-0.026399999999999993,0.026399999999999993,-0.033600000000000005,-0.0936]","14.39028429697391","14"
"lathe-used-plane-negative-X-100","lathe","borea","used123456","bulk support fixture; real axis slider","{""X"":-100,""Y"":0,""Z"":0,""A"":0,""C"":0}","[0.0936,0.033600000000000005,-0.026399999999999993,0.026399999999999993,-0.033600000000000005,-0.0936]","0","0"
"lathe-used-plane-negative-X-100","lathe","boreb","used123456","bulk support fixture; real axis slider","{""X"":-100,""Y"":0,""Z"":0,""A"":0,""C"":0}","[0.0936,0.033600000000000005,-0.026399999999999993,0.026399999999999993,-0.033600000000000005,-0.0936]","126.75994643706126","127"
"lathe-used-plane-negative-X-100","lathe","borec","used123456","bulk support fixture; real axis slider","{""X"":-100,""Y"":0,""Z"":0,""A"":0,""C"":0}","[0.0936,0.033600000000000005,-0.026399999999999993,0.026399999999999993,-0.033600000000000005,-0.0936]","247.59274400901893","248"
"lathe-used-plane-negative-X-100","lathe","bored","used123456","bulk support fixture; real axis slider","{""X"":-100,""Y"":0,""Z"":0,""A"":0,""C"":0}","[0.0936,0.033600000000000005,-0.026399999999999993,0.026399999999999993,-0.033600000000000005,-0.0936]","121.4455405697222","121"
"lathe-used-plane-negative-X100","lathe","face","used123456","bulk support fixture; real axis slider","{""X"":100,""Y"":0,""Z"":0,""A"":0,""C"":0}","[0.0936,0.033600000000000005,-0.026399999999999993,0.026399999999999993,-0.033600000000000005,-0.0936]","-3.7579390983026597","-4"
"lathe-used-plane-negative-X100","lathe","flat","used123456","bulk support fixture; real axis slider","{""X"":100,""Y"":0,""Z"":0,""A"":0,""C"":0}","[0.0936,0.033600000000000005,-0.026399999999999993,0.026399999999999993,-0.033600000000000005,-0.0936]","7.826992527158391","8"
"lathe-used-plane-negative-X100","lathe","dx","used123456","bulk support fixture; real axis slider","{""X"":100,""Y"":0,""Z"":0,""A"":0,""C"":0}","[0.0936,0.033600000000000005,-0.026399999999999993,0.026399999999999993,-0.033600000000000005,-0.0936]","123.79637200451063","124"
"lathe-used-plane-negative-X100","lathe","dy","used123456","bulk support fixture; real axis slider","{""X"":100,""Y"":0,""Z"":0,""A"":0,""C"":0}","[0.0936,0.033600000000000005,-0.026399999999999993,0.026399999999999993,-0.033600000000000005,-0.0936]","-2.6572029336709617","-3"
"lathe-used-plane-negative-X100","lathe","barSide","used123456","bulk support fixture; real axis slider","{""X"":100,""Y"":0,""Z"":0,""A"":0,""C"":0}","[0.0936,0.033600000000000005,-0.026399999999999993,0.026399999999999993,-0.033600000000000005,-0.0936]","-16.958999990965978","-17"
"lathe-used-plane-negative-X100","lathe","barTop","used123456","bulk support fixture; real axis slider","{""X"":100,""Y"":0,""Z"":0,""A"":0,""C"":0}","[0.0936,0.033600000000000005,-0.026399999999999993,0.026399999999999993,-0.033600000000000005,-0.0936]","-0.005752154299751289","0"
"lathe-used-plane-negative-X100","lathe","runoutRoot","used123456","bulk support fixture; real axis slider","{""X"":100,""Y"":0,""Z"":0,""A"":0,""C"":0}","[0.0936,0.033600000000000005,-0.026399999999999993,0.026399999999999993,-0.033600000000000005,-0.0936]","11.98505076393485","12"
"lathe-used-plane-negative-X100","lathe","runoutTip","used123456","bulk support fixture; real axis slider","{""X"":100,""Y"":0,""Z"":0,""A"":0,""C"":0}","[0.0936,0.033600000000000005,-0.026399999999999993,0.026399999999999993,-0.033600000000000005,-0.0936]","14.39028429697391","14"
"lathe-used-plane-negative-X100","lathe","borea","used123456","bulk support fixture; real axis slider","{""X"":100,""Y"":0,""Z"":0,""A"":0,""C"":0}","[0.0936,0.033600000000000005,-0.026399999999999993,0.026399999999999993,-0.033600000000000005,-0.0936]","0","0"
"lathe-used-plane-negative-X100","lathe","boreb","used123456","bulk support fixture; real axis slider","{""X"":100,""Y"":0,""Z"":0,""A"":0,""C"":0}","[0.0936,0.033600000000000005,-0.026399999999999993,0.026399999999999993,-0.033600000000000005,-0.0936]","126.75994643706126","127"
"lathe-used-plane-negative-X100","lathe","borec","used123456","bulk support fixture; real axis slider","{""X"":100,""Y"":0,""Z"":0,""A"":0,""C"":0}","[0.0936,0.033600000000000005,-0.026399999999999993,0.026399999999999993,-0.033600000000000005,-0.0936]","247.59274400901893","248"
"lathe-used-plane-negative-X100","lathe","bored","used123456","bulk support fixture; real axis slider","{""X"":100,""Y"":0,""Z"":0,""A"":0,""C"":0}","[0.0936,0.033600000000000005,-0.026399999999999993,0.026399999999999993,-0.033600000000000005,-0.0936]","121.4455405697222","121"
"lathe-used-plane-negative-Z-100","lathe","face","used123456","bulk support fixture; real axis slider","{""X"":0,""Y"":0,""Z"":-100,""A"":0,""C"":0}","[0.0936,0.033600000000000005,-0.026399999999999993,0.026399999999999993,-0.033600000000000005,-0.0936]","-3.757939098274904","-4"
"lathe-used-plane-negative-Z-100","lathe","flat","used123456","bulk support fixture; real axis slider","{""X"":0,""Y"":0,""Z"":-100,""A"":0,""C"":0}","[0.0936,0.033600000000000005,-0.026399999999999993,0.026399999999999993,-0.033600000000000005,-0.0936]","7.826992527158391","8"
"lathe-used-plane-negative-Z-100","lathe","dx","used123456","bulk support fixture; real axis slider","{""X"":0,""Y"":0,""Z"":-100,""A"":0,""C"":0}","[0.0936,0.033600000000000005,-0.026399999999999993,0.026399999999999993,-0.033600000000000005,-0.0936]","84.22537202558642","84"
"lathe-used-plane-negative-Z-100","lathe","dy","used123456","bulk support fixture; real axis slider","{""X"":0,""Y"":0,""Z"":-100,""A"":0,""C"":0}","[0.0936,0.033600000000000005,-0.026399999999999993,0.026399999999999993,-0.033600000000000005,-0.0936]","-2.657202933720115","-3"
"lathe-used-plane-negative-Z-100","lathe","barSide","used123456","bulk support fixture; real axis slider","{""X"":0,""Y"":0,""Z"":-100,""A"":0,""C"":0}","[0.0936,0.033600000000000005,-0.026399999999999993,0.026399999999999993,-0.033600000000000005,-0.0936]","-16.958999990972917","-17"
"lathe-used-plane-negative-Z-100","lathe","barTop","used123456","bulk support fixture; real axis slider","{""X"":0,""Y"":0,""Z"":-100,""A"":0,""C"":0}","[0.0936,0.033600000000000005,-0.026399999999999993,0.026399999999999993,-0.033600000000000005,-0.0936]","-0.005752154299751289","0"
"lathe-used-plane-negative-Z-100","lathe","runoutRoot","used123456","bulk support fixture; real axis slider","{""X"":0,""Y"":0,""Z"":-100,""A"":0,""C"":0}","[0.0936,0.033600000000000005,-0.026399999999999993,0.026399999999999993,-0.033600000000000005,-0.0936]","11.98505076393485","12"
"lathe-used-plane-negative-Z-100","lathe","runoutTip","used123456","bulk support fixture; real axis slider","{""X"":0,""Y"":0,""Z"":-100,""A"":0,""C"":0}","[0.0936,0.033600000000000005,-0.026399999999999993,0.026399999999999993,-0.033600000000000005,-0.0936]","14.39028429697391","14"
"lathe-used-plane-negative-Z-100","lathe","borea","used123456","bulk support fixture; real axis slider","{""X"":0,""Y"":0,""Z"":-100,""A"":0,""C"":0}","[0.0936,0.033600000000000005,-0.026399999999999993,0.026399999999999993,-0.033600000000000005,-0.0936]","0","0"
"lathe-used-plane-negative-Z-100","lathe","boreb","used123456","bulk support fixture; real axis slider","{""X"":0,""Y"":0,""Z"":-100,""A"":0,""C"":0}","[0.0936,0.033600000000000005,-0.026399999999999993,0.026399999999999993,-0.033600000000000005,-0.0936]","87.02431241320794","87"
"lathe-used-plane-negative-Z-100","lathe","borec","used123456","bulk support fixture; real axis slider","{""X"":0,""Y"":0,""Z"":-100,""A"":0,""C"":0}","[0.0936,0.033600000000000005,-0.026399999999999993,0.026399999999999993,-0.033600000000000005,-0.0936]","168.45074405117538","168"
"lathe-used-plane-negative-Z-100","lathe","bored","used123456","bulk support fixture; real axis slider","{""X"":0,""Y"":0,""Z"":-100,""A"":0,""C"":0}","[0.0936,0.033600000000000005,-0.026399999999999993,0.026399999999999993,-0.033600000000000005,-0.0936]","81.7099065457648","82"
"lathe-used-plane-negative-Z100","lathe","face","used123456","bulk support fixture; real axis slider","{""X"":0,""Y"":0,""Z"":100,""A"":0,""C"":0}","[0.0936,0.033600000000000005,-0.026399999999999993,0.026399999999999993,-0.033600000000000005,-0.0936]","-3.757939098274904","-4"
"lathe-used-plane-negative-Z100","lathe","flat","used123456","bulk support fixture; real axis slider","{""X"":0,""Y"":0,""Z"":100,""A"":0,""C"":0}","[0.0936,0.033600000000000005,-0.026399999999999993,0.026399999999999993,-0.033600000000000005,-0.0936]","7.826992527158391","8"
"lathe-used-plane-negative-Z100","lathe","dx","used123456","bulk support fixture; real axis slider","{""X"":0,""Y"":0,""Z"":100,""A"":0,""C"":0}","[0.0936,0.033600000000000005,-0.026399999999999993,0.026399999999999993,-0.033600000000000005,-0.0936]","163.36737198343488","163"
"lathe-used-plane-negative-Z100","lathe","dy","used123456","bulk support fixture; real axis slider","{""X"":0,""Y"":0,""Z"":100,""A"":0,""C"":0}","[0.0936,0.033600000000000005,-0.026399999999999993,0.026399999999999993,-0.033600000000000005,-0.0936]","-2.6572029336218033","-3"
"lathe-used-plane-negative-Z100","lathe","barSide","used123456","bulk support fixture; real axis slider","{""X"":0,""Y"":0,""Z"":100,""A"":0,""C"":0}","[0.0936,0.033600000000000005,-0.026399999999999993,0.026399999999999993,-0.033600000000000005,-0.0936]","-16.958999990972917","-17"
"lathe-used-plane-negative-Z100","lathe","barTop","used123456","bulk support fixture; real axis slider","{""X"":0,""Y"":0,""Z"":100,""A"":0,""C"":0}","[0.0936,0.033600000000000005,-0.026399999999999993,0.026399999999999993,-0.033600000000000005,-0.0936]","-0.005752154294547118","0"
"lathe-used-plane-negative-Z100","lathe","runoutRoot","used123456","bulk support fixture; real axis slider","{""X"":0,""Y"":0,""Z"":100,""A"":0,""C"":0}","[0.0936,0.033600000000000005,-0.026399999999999993,0.026399999999999993,-0.033600000000000005,-0.0936]","11.98505076393485","12"
"lathe-used-plane-negative-Z100","lathe","runoutTip","used123456","bulk support fixture; real axis slider","{""X"":0,""Y"":0,""Z"":100,""A"":0,""C"":0}","[0.0936,0.033600000000000005,-0.026399999999999993,0.026399999999999993,-0.033600000000000005,-0.0936]","14.39028429697391","14"
"lathe-used-plane-negative-Z100","lathe","borea","used123456","bulk support fixture; real axis slider","{""X"":0,""Y"":0,""Z"":100,""A"":0,""C"":0}","[0.0936,0.033600000000000005,-0.026399999999999993,0.026399999999999993,-0.033600000000000005,-0.0936]","0","0"
"lathe-used-plane-negative-Z100","lathe","boreb","used123456","bulk support fixture; real axis slider","{""X"":0,""Y"":0,""Z"":100,""A"":0,""C"":0}","[0.0936,0.033600000000000005,-0.026399999999999993,0.026399999999999993,-0.033600000000000005,-0.0936]","166.55821736558454","167"
"lathe-used-plane-negative-Z100","lathe","borec","used123456","bulk support fixture; real axis slider","{""X"":0,""Y"":0,""Z"":100,""A"":0,""C"":0}","[0.0936,0.033600000000000005,-0.026399999999999993,0.026399999999999993,-0.033600000000000005,-0.0936]","326.7347439668694","327"
"lathe-used-plane-negative-Z100","lathe","bored","used123456","bulk support fixture; real axis slider","{""X"":0,""Y"":0,""Z"":100,""A"":0,""C"":0}","[0.0936,0.033600000000000005,-0.026399999999999993,0.026399999999999993,-0.033600000000000005,-0.0936]","161.24381149834264","161"
"lathe-used-posture-.01","lathe","face","used123456","known bulk fixture via evaluate","{""X"":0,""Y"":0,""Z"":0,""A"":0,""C"":0}","[0.016800000000000002,0,-0.016800000000000002,-0.016800000000000002,0,0.016800000000000002]","-3.7579390982853123","-4"
"lathe-used-posture-.01","lathe","flat","used123456","known bulk fixture via evaluate","{""X"":0,""Y"":0,""Z"":0,""A"":0,""C"":0}","[0.016800000000000002,0,-0.016800000000000002,-0.016800000000000002,0,0.016800000000000002]","5.306998288217776","5"
"lathe-used-posture-.01","lathe","dx","used123456","known bulk fixture via evaluate","{""X"":0,""Y"":0,""Z"":0,""A"":0,""C"":0}","[0.016800000000000002,0,-0.016800000000000002,-0.016800000000000002,0,0.016800000000000002]","108.42435393614527","108"
"lathe-used-posture-.01","lathe","dy","used123456","known bulk fixture via evaluate","{""X"":0,""Y"":0,""Z"":0,""A"":0,""C"":0}","[0.016800000000000002,0,-0.016800000000000002,-0.016800000000000002,0,0.016800000000000002]","-2.9117963270618743","-3"
"lathe-used-posture-.01","lathe","barSide","used123456","known bulk fixture via evaluate","{""X"":0,""Y"":0,""Z"":0,""A"":0,""C"":0}","[0.016800000000000002,0,-0.016800000000000002,-0.016800000000000002,0,0.016800000000000002]","-14.43900102951305","-14"
"lathe-used-posture-.01","lathe","barTop","used123456","known bulk fixture via evaluate","{""X"":0,""Y"":0,""Z"":0,""A"":0,""C"":0}","[0.016800000000000002,0,-0.016800000000000002,-0.016800000000000002,0,0.016800000000000002]","-0.0038122510322147196","0"
"lathe-used-posture-.01","lathe","runoutRoot","used123456","known bulk fixture via evaluate","{""X"":0,""Y"":0,""Z"":0,""A"":0,""C"":0}","[0.016800000000000002,0,-0.016800000000000002,-0.016800000000000002,0,0.016800000000000002]","11.98505076393485","12"
"lathe-used-posture-.01","lathe","runoutTip","used123456","known bulk fixture via evaluate","{""X"":0,""Y"":0,""Z"":0,""A"":0,""C"":0}","[0.016800000000000002,0,-0.016800000000000002,-0.016800000000000002,0,0.016800000000000002]","14.39028429697391","14"
"lathe-used-posture-.01","lathe","borea","used123456","known bulk fixture via evaluate","{""X"":0,""Y"":0,""Z"":0,""A"":0,""C"":0}","[0.016800000000000002,0,-0.016800000000000002,-0.016800000000000002,0,0.016800000000000002]","0","0"
"lathe-used-posture-.01","lathe","boreb","used123456","known bulk fixture via evaluate","{""X"":0,""Y"":0,""Z"":0,""A"":0,""C"":0}","[0.016800000000000002,0,-0.016800000000000002,-0.016800000000000002,0,0.016800000000000002]","111.5710986081854","112"
"lathe-used-posture-.01","lathe","borec","used123456","known bulk fixture via evaluate","{""X"":0,""Y"":0,""Z"":0,""A"":0,""C"":0}","[0.016800000000000002,0,-0.016800000000000002,-0.016800000000000002,0,0.016800000000000002]","216.8487078722872","217"
"lathe-used-posture-.01","lathe","bored","used123456","known bulk fixture via evaluate","{""X"":0,""Y"":0,""Z"":0,""A"":0,""C"":0}","[0.016800000000000002,0,-0.016800000000000002,-0.016800000000000002,0,0.016800000000000002]","105.74750595406316","106"
"lathe-used-.01-X-100","lathe","face","used123456","bulk support fixture; real axis slider","{""X"":-100,""Y"":0,""Z"":0,""A"":0,""C"":0}","[0.016800000000000002,0,-0.016800000000000002,-0.016800000000000002,0,0.016800000000000002]","-3.7579390982853123","-4"
"lathe-used-.01-X-100","lathe","flat","used123456","bulk support fixture; real axis slider","{""X"":-100,""Y"":0,""Z"":0,""A"":0,""C"":0}","[0.016800000000000002,0,-0.016800000000000002,-0.016800000000000002,0,0.016800000000000002]","5.3069967129518165","5"
"lathe-used-.01-X-100","lathe","dx","used123456","bulk support fixture; real axis slider","{""X"":-100,""Y"":0,""Z"":0,""A"":0,""C"":0}","[0.016800000000000002,0,-0.016800000000000002,-0.016800000000000002,0,0.016800000000000002]","108.42435393614527","108"
"lathe-used-.01-X-100","lathe","dy","used123456","bulk support fixture; real axis slider","{""X"":-100,""Y"":0,""Z"":0,""A"":0,""C"":0}","[0.016800000000000002,0,-0.016800000000000002,-0.016800000000000002,0,0.016800000000000002]","-2.9117963270618743","-3"
"lathe-used-.01-X-100","lathe","barSide","used123456","bulk support fixture; real axis slider","{""X"":-100,""Y"":0,""Z"":0,""A"":0,""C"":0}","[0.016800000000000002,0,-0.016800000000000002,-0.016800000000000002,0,0.016800000000000002]","-14.439001029539073","-14"
"lathe-used-.01-X-100","lathe","barTop","used123456","bulk support fixture; real axis slider","{""X"":-100,""Y"":0,""Z"":0,""A"":0,""C"":0}","[0.016800000000000002,0,-0.016800000000000002,-0.016800000000000002,0,0.016800000000000002]","-0.0038122474812357643","0"
"lathe-used-.01-X-100","lathe","runoutRoot","used123456","bulk support fixture; real axis slider","{""X"":-100,""Y"":0,""Z"":0,""A"":0,""C"":0}","[0.016800000000000002,0,-0.016800000000000002,-0.016800000000000002,0,0.016800000000000002]","11.98505076393485","12"
"lathe-used-.01-X-100","lathe","runoutTip","used123456","bulk support fixture; real axis slider","{""X"":-100,""Y"":0,""Z"":0,""A"":0,""C"":0}","[0.016800000000000002,0,-0.016800000000000002,-0.016800000000000002,0,0.016800000000000002]","14.39028429697391","14"
"lathe-used-.01-X-100","lathe","borea","used123456","bulk support fixture; real axis slider","{""X"":-100,""Y"":0,""Z"":0,""A"":0,""C"":0}","[0.016800000000000002,0,-0.016800000000000002,-0.016800000000000002,0,0.016800000000000002]","0","0"
"lathe-used-.01-X-100","lathe","boreb","used123456","bulk support fixture; real axis slider","{""X"":-100,""Y"":0,""Z"":0,""A"":0,""C"":0}","[0.016800000000000002,0,-0.016800000000000002,-0.016800000000000002,0,0.016800000000000002]","111.5710986081854","112"
"lathe-used-.01-X-100","lathe","borec","used123456","bulk support fixture; real axis slider","{""X"":-100,""Y"":0,""Z"":0,""A"":0,""C"":0}","[0.016800000000000002,0,-0.016800000000000002,-0.016800000000000002,0,0.016800000000000002]","216.8487078722872","217"
"lathe-used-.01-X-100","lathe","bored","used123456","bulk support fixture; real axis slider","{""X"":-100,""Y"":0,""Z"":0,""A"":0,""C"":0}","[0.016800000000000002,0,-0.016800000000000002,-0.016800000000000002,0,0.016800000000000002]","105.74750595406316","106"
"lathe-used-.01-X100","lathe","face","used123456","bulk support fixture; real axis slider","{""X"":100,""Y"":0,""Z"":0,""A"":0,""C"":0}","[0.016800000000000002,0,-0.016800000000000002,-0.016800000000000002,0,0.016800000000000002]","-3.757939098313068","-4"
"lathe-used-.01-X100","lathe","flat","used123456","bulk support fixture; real axis slider","{""X"":100,""Y"":0,""Z"":0,""A"":0,""C"":0}","[0.016800000000000002,0,-0.016800000000000002,-0.016800000000000002,0,0.016800000000000002]","5.306999863259956","5"
"lathe-used-.01-X100","lathe","dx","used123456","bulk support fixture; real axis slider","{""X"":100,""Y"":0,""Z"":0,""A"":0,""C"":0}","[0.016800000000000002,0,-0.016800000000000002,-0.016800000000000002,0,0.016800000000000002]","108.42435393614527","108"
"lathe-used-.01-X100","lathe","dy","used123456","bulk support fixture; real axis slider","{""X"":100,""Y"":0,""Z"":0,""A"":0,""C"":0}","[0.016800000000000002,0,-0.016800000000000002,-0.016800000000000002,0,0.016800000000000002]","-2.9117963270618743","-3"
"lathe-used-.01-X100","lathe","barSide","used123456","bulk support fixture; real axis slider","{""X"":100,""Y"":0,""Z"":0,""A"":0,""C"":0}","[0.016800000000000002,0,-0.016800000000000002,-0.016800000000000002,0,0.016800000000000002]","-14.439001029402029","-14"
"lathe-used-.01-X100","lathe","barTop","used123456","bulk support fixture; real axis slider","{""X"":100,""Y"":0,""Z"":0,""A"":0,""C"":0}","[0.016800000000000002,0,-0.016800000000000002,-0.016800000000000002,0,0.016800000000000002]","-0.003812254146043359","0"
"lathe-used-.01-X100","lathe","runoutRoot","used123456","bulk support fixture; real axis slider","{""X"":100,""Y"":0,""Z"":0,""A"":0,""C"":0}","[0.016800000000000002,0,-0.016800000000000002,-0.016800000000000002,0,0.016800000000000002]","11.98505076393485","12"
"lathe-used-.01-X100","lathe","runoutTip","used123456","bulk support fixture; real axis slider","{""X"":100,""Y"":0,""Z"":0,""A"":0,""C"":0}","[0.016800000000000002,0,-0.016800000000000002,-0.016800000000000002,0,0.016800000000000002]","14.39028429697391","14"
"lathe-used-.01-X100","lathe","borea","used123456","bulk support fixture; real axis slider","{""X"":100,""Y"":0,""Z"":0,""A"":0,""C"":0}","[0.016800000000000002,0,-0.016800000000000002,-0.016800000000000002,0,0.016800000000000002]","0","0"
"lathe-used-.01-X100","lathe","boreb","used123456","bulk support fixture; real axis slider","{""X"":100,""Y"":0,""Z"":0,""A"":0,""C"":0}","[0.016800000000000002,0,-0.016800000000000002,-0.016800000000000002,0,0.016800000000000002]","111.5710986081854","112"
"lathe-used-.01-X100","lathe","borec","used123456","bulk support fixture; real axis slider","{""X"":100,""Y"":0,""Z"":0,""A"":0,""C"":0}","[0.016800000000000002,0,-0.016800000000000002,-0.016800000000000002,0,0.016800000000000002]","216.8487078722872","217"
"lathe-used-.01-X100","lathe","bored","used123456","bulk support fixture; real axis slider","{""X"":100,""Y"":0,""Z"":0,""A"":0,""C"":0}","[0.016800000000000002,0,-0.016800000000000002,-0.016800000000000002,0,0.016800000000000002]","105.74750595406316","106"
"lathe-used-.01-Z-100","lathe","face","used123456","bulk support fixture; real axis slider","{""X"":0,""Y"":0,""Z"":-100,""A"":0,""C"":0}","[0.016800000000000002,0,-0.016800000000000002,-0.016800000000000002,0,0.016800000000000002]","-3.7579390982957204","-4"
"lathe-used-.01-Z-100","lathe","flat","used123456","bulk support fixture; real axis slider","{""X"":0,""Y"":0,""Z"":-100,""A"":0,""C"":0}","[0.016800000000000002,0,-0.016800000000000002,-0.016800000000000002,0,0.016800000000000002]","5.3069982878049125","5"
"lathe-used-.01-Z-100","lathe","dx","used123456","bulk support fixture; real axis slider","{""X"":0,""Y"":0,""Z"":-100,""A"":0,""C"":0}","[0.016800000000000002,0,-0.016800000000000002,-0.016800000000000002,0,0.016800000000000002]","74.73333818470992","75"
"lathe-used-.01-Z-100","lathe","dy","used123456","bulk support fixture; real axis slider","{""X"":0,""Y"":0,""Z"":-100,""A"":0,""C"":0}","[0.016800000000000002,0,-0.016800000000000002,-0.016800000000000002,0,0.016800000000000002]","-2.911918999343281","-3"
"lathe-used-.01-Z-100","lathe","barSide","used123456","bulk support fixture; real axis slider","{""X"":0,""Y"":0,""Z"":-100,""A"":0,""C"":0}","[0.016800000000000002,0,-0.016800000000000002,-0.016800000000000002,0,0.016800000000000002]","-14.438997879723594","-14"
"lathe-used-.01-Z-100","lathe","barTop","used123456","bulk support fixture; real axis slider","{""X"":0,""Y"":0,""Z"":-100,""A"":0,""C"":0}","[0.016800000000000002,0,-0.016800000000000002,-0.016800000000000002,0,0.016800000000000002]","-0.003930961993414694","0"
"lathe-used-.01-Z-100","lathe","runoutRoot","used123456","bulk support fixture; real axis slider","{""X"":0,""Y"":0,""Z"":-100,""A"":0,""C"":0}","[0.016800000000000002,0,-0.016800000000000002,-0.016800000000000002,0,0.016800000000000002]","11.98505076393485","12"
"lathe-used-.01-Z-100","lathe","runoutTip","used123456","bulk support fixture; real axis slider","{""X"":0,""Y"":0,""Z"":-100,""A"":0,""C"":0}","[0.016800000000000002,0,-0.016800000000000002,-0.016800000000000002,0,0.016800000000000002]","14.39028429697391","14"
"lathe-used-.01-Z-100","lathe","borea","used123456","bulk support fixture; real axis slider","{""X"":0,""Y"":0,""Z"":-100,""A"":0,""C"":0}","[0.016800000000000002,0,-0.016800000000000002,-0.016800000000000002,0,0.016800000000000002]","0","0"
"lathe-used-.01-Z-100","lathe","boreb","used123456","bulk support fixture; real axis slider","{""X"":0,""Y"":0,""Z"":-100,""A"":0,""C"":0}","[0.016800000000000002,0,-0.016800000000000002,-0.016800000000000002,0,0.016800000000000002]","77.75678928487531","78"
"lathe-used-.01-Z-100","lathe","borec","used123456","bulk support fixture; real axis slider","{""X"":0,""Y"":0,""Z"":-100,""A"":0,""C"":0}","[0.016800000000000002,0,-0.016800000000000002,-0.016800000000000002,0,0.016800000000000002]","149.46667636941967","149"
"lathe-used-.01-Z-100","lathe","bored","used123456","bulk support fixture; real axis slider","{""X"":0,""Y"":0,""Z"":-100,""A"":0,""C"":0}","[0.016800000000000002,0,-0.016800000000000002,-0.016800000000000002,0,0.016800000000000002]","71.93295128618895","72"
"lathe-used-.01-Z100","lathe","face","used123456","bulk support fixture; real axis slider","{""X"":0,""Y"":0,""Z"":100,""A"":0,""C"":0}","[0.016800000000000002,0,-0.016800000000000002,-0.016800000000000002,0,0.016800000000000002]","-3.7579390983338845","-4"
"lathe-used-.01-Z100","lathe","flat","used123456","bulk support fixture; real axis slider","{""X"":0,""Y"":0,""Z"":100,""A"":0,""C"":0}","[0.016800000000000002,0,-0.016800000000000002,-0.016800000000000002,0,0.016800000000000002]","5.3069982880165485","5"
"lathe-used-.01-Z100","lathe","dx","used123456","bulk support fixture; real axis slider","{""X"":0,""Y"":0,""Z"":100,""A"":0,""C"":0}","[0.016800000000000002,0,-0.016800000000000002,-0.016800000000000002,0,0.016800000000000002]","142.11537703698127","142"
"lathe-used-.01-Z100","lathe","dy","used123456","bulk support fixture; real axis slider","{""X"":0,""Y"":0,""Z"":100,""A"":0,""C"":0}","[0.016800000000000002,0,-0.016800000000000002,-0.016800000000000002,0,0.016800000000000002]","-2.9117148146161855","-3"
"lathe-used-.01-Z100","lathe","barSide","used123456","bulk support fixture; real axis slider","{""X"":0,""Y"":0,""Z"":100,""A"":0,""C"":0}","[0.016800000000000002,0,-0.016800000000000002,-0.016800000000000002,0,0.016800000000000002]","-14.439002829443048","-14"
"lathe-used-.01-Z100","lathe","barTop","used123456","bulk support fixture; real axis slider","{""X"":0,""Y"":0,""Z"":100,""A"":0,""C"":0}","[0.016800000000000002,0,-0.016800000000000002,-0.016800000000000002,0,0.016800000000000002]","-0.003744415917952826","0"
"lathe-used-.01-Z100","lathe","runoutRoot","used123456","bulk support fixture; real axis slider","{""X"":0,""Y"":0,""Z"":100,""A"":0,""C"":0}","[0.016800000000000002,0,-0.016800000000000002,-0.016800000000000002,0,0.016800000000000002]","11.98505076393485","12"
"lathe-used-.01-Z100","lathe","runoutTip","used123456","bulk support fixture; real axis slider","{""X"":0,""Y"":0,""Z"":100,""A"":0,""C"":0}","[0.016800000000000002,0,-0.016800000000000002,-0.016800000000000002,0,0.016800000000000002]","14.39028429697391","14"
"lathe-used-.01-Z100","lathe","borea","used123456","bulk support fixture; real axis slider","{""X"":0,""Y"":0,""Z"":100,""A"":0,""C"":0}","[0.016800000000000002,0,-0.016800000000000002,-0.016800000000000002,0,0.016800000000000002]","0","0"
"lathe-used-.01-Z100","lathe","boreb","used123456","bulk support fixture; real axis slider","{""X"":0,""Y"":0,""Z"":100,""A"":0,""C"":0}","[0.016800000000000002,0,-0.016800000000000002,-0.016800000000000002,0,0.016800000000000002]","145.43086116107148","145"
"lathe-used-.01-Z100","lathe","borec","used123456","bulk support fixture; real axis slider","{""X"":0,""Y"":0,""Z"":100,""A"":0,""C"":0}","[0.016800000000000002,0,-0.016800000000000002,-0.016800000000000002,0,0.016800000000000002]","284.2307540739594","284"
"lathe-used-.01-Z100","lathe","bored","used123456","bulk support fixture; real axis slider","{""X"":0,""Y"":0,""Z"":100,""A"":0,""C"":0}","[0.016800000000000002,0,-0.016800000000000002,-0.016800000000000002,0,0.016800000000000002]","139.60743153184143","140"
"lathe-used-posture--.01","lathe","face","used123456","known bulk fixture via evaluate","{""X"":0,""Y"":0,""Z"":0,""A"":0,""C"":0}","[-0.016800000000000002,0,0.016800000000000002,0.016800000000000002,0,-0.016800000000000002]","-3.757939098287047","-4"
"lathe-used-posture--.01","lathe","flat","used123456","known bulk fixture via evaluate","{""X"":0,""Y"":0,""Z"":0,""A"":0,""C"":0}","[-0.016800000000000002,0,0.016800000000000002,0.016800000000000002,0,-0.016800000000000002]","10.346998286100973","10"
"lathe-used-posture--.01","lathe","dx","used123456","known bulk fixture via evaluate","{""X"":0,""Y"":0,""Z"":0,""A"":0,""C"":0}","[-0.016800000000000002,0,0.016800000000000002,0.016800000000000002,0,-0.016800000000000002]","139.16839908380803","139"
"lathe-used-posture--.01","lathe","dy","used123456","known bulk fixture via evaluate","{""X"":0,""Y"":0,""Z"":0,""A"":0,""C"":0}","[-0.016800000000000002,0,0.016800000000000002,0.016800000000000002,0,-0.016800000000000002]","-2.4028927374822593","-2"
"lathe-used-posture--.01","lathe","barSide","used123456","known bulk fixture via evaluate","{""X"":0,""Y"":0,""Z"":0,""A"":0,""C"":0}","[-0.016800000000000002,0,0.016800000000000002,0.016800000000000002,0,-0.016800000000000002]","-19.47900102136288","-19"
"lathe-used-posture--.01","lathe","barTop","used123456","known bulk fixture via evaluate","{""X"":0,""Y"":0,""Z"":0,""A"":0,""C"":0}","[-0.016800000000000002,0,0.016800000000000002,0.016800000000000002,0,-0.016800000000000002]","-0.007953635685828409","0"
"lathe-used-posture--.01","lathe","runoutRoot","used123456","known bulk fixture via evaluate","{""X"":0,""Y"":0,""Z"":0,""A"":0,""C"":0}","[-0.016800000000000002,0,0.016800000000000002,0.016800000000000002,0,-0.016800000000000002]","11.98505076393485","12"
"lathe-used-posture--.01","lathe","runoutTip","used123456","known bulk fixture via evaluate","{""X"":0,""Y"":0,""Z"":0,""A"":0,""C"":0}","[-0.016800000000000002,0,0.016800000000000002,0.016800000000000002,0,-0.016800000000000002]","14.39028429697391","14"
"lathe-used-posture--.01","lathe","borea","used123456","known bulk fixture via evaluate","{""X"":0,""Y"":0,""Z"":0,""A"":0,""C"":0}","[-0.016800000000000002,0,0.016800000000000002,0.016800000000000002,0,-0.016800000000000002]","0","0"
"lathe-used-posture--.01","lathe","boreb","used123456","known bulk fixture via evaluate","{""X"":0,""Y"":0,""Z"":0,""A"":0,""C"":0}","[-0.016800000000000002,0,0.016800000000000002,0.016800000000000002,0,-0.016800000000000002]","141.95853621044515","142"
"lathe-used-posture--.01","lathe","borec","used123456","known bulk fixture via evaluate","{""X"":0,""Y"":0,""Z"":0,""A"":0,""C"":0}","[-0.016800000000000002,0,0.016800000000000002,0.016800000000000002,0,-0.016800000000000002]","278.33679816761935","278"
"lathe-used-posture--.01","lathe","bored","used123456","known bulk fixture via evaluate","{""X"":0,""Y"":0,""Z"":0,""A"":0,""C"":0}","[-0.016800000000000002,0,0.016800000000000002,0.016800000000000002,0,-0.016800000000000002]","137.15275073547875","137"
"lathe-used--.01-X-100","lathe","face","used123456","bulk support fixture; real axis slider","{""X"":-100,""Y"":0,""Z"":0,""A"":0,""C"":0}","[-0.016800000000000002,0,0.016800000000000002,0.016800000000000002,0,-0.016800000000000002]","-3.7579390982853123","-4"
"lathe-used--.01-X-100","lathe","flat","used123456","bulk support fixture; real axis slider","{""X"":-100,""Y"":0,""Z"":0,""A"":0,""C"":0}","[-0.016800000000000002,0,0.016800000000000002,0.016800000000000002,0,-0.016800000000000002]","10.346996711280838","10"
"lathe-used--.01-X-100","lathe","dx","used123456","bulk support fixture; real axis slider","{""X"":-100,""Y"":0,""Z"":0,""A"":0,""C"":0}","[-0.016800000000000002,0,0.016800000000000002,0.016800000000000002,0,-0.016800000000000002]","139.16839908380803","139"
"lathe-used--.01-X-100","lathe","dy","used123456","bulk support fixture; real axis slider","{""X"":-100,""Y"":0,""Z"":0,""A"":0,""C"":0}","[-0.016800000000000002,0,0.016800000000000002,0.016800000000000002,0,-0.016800000000000002]","-2.4028927374822593","-2"
"lathe-used--.01-X-100","lathe","barSide","used123456","bulk support fixture; real axis slider","{""X"":-100,""Y"":0,""Z"":0,""A"":0,""C"":0}","[-0.016800000000000002,0,0.016800000000000002,0.016800000000000002,0,-0.016800000000000002]","-19.479001021501656","-19"
"lathe-used--.01-X-100","lathe","barTop","used123456","bulk support fixture; real axis slider","{""X"":-100,""Y"":0,""Z"":0,""A"":0,""C"":0}","[-0.016800000000000002,0,0.016800000000000002,0.016800000000000002,0,-0.016800000000000002]","-0.007953639018232206","0"
"lathe-used--.01-X-100","lathe","runoutRoot","used123456","bulk support fixture; real axis slider","{""X"":-100,""Y"":0,""Z"":0,""A"":0,""C"":0}","[-0.016800000000000002,0,0.016800000000000002,0.016800000000000002,0,-0.016800000000000002]","11.98505076393485","12"
"lathe-used--.01-X-100","lathe","runoutTip","used123456","bulk support fixture; real axis slider","{""X"":-100,""Y"":0,""Z"":0,""A"":0,""C"":0}","[-0.016800000000000002,0,0.016800000000000002,0.016800000000000002,0,-0.016800000000000002]","14.39028429697391","14"
"lathe-used--.01-X-100","lathe","borea","used123456","bulk support fixture; real axis slider","{""X"":-100,""Y"":0,""Z"":0,""A"":0,""C"":0}","[-0.016800000000000002,0,0.016800000000000002,0.016800000000000002,0,-0.016800000000000002]","0","0"
"lathe-used--.01-X-100","lathe","boreb","used123456","bulk support fixture; real axis slider","{""X"":-100,""Y"":0,""Z"":0,""A"":0,""C"":0}","[-0.016800000000000002,0,0.016800000000000002,0.016800000000000002,0,-0.016800000000000002]","141.95853621044515","142"
"lathe-used--.01-X-100","lathe","borec","used123456","bulk support fixture; real axis slider","{""X"":-100,""Y"":0,""Z"":0,""A"":0,""C"":0}","[-0.016800000000000002,0,0.016800000000000002,0.016800000000000002,0,-0.016800000000000002]","278.33679816761935","278"
"lathe-used--.01-X-100","lathe","bored","used123456","bulk support fixture; real axis slider","{""X"":-100,""Y"":0,""Z"":0,""A"":0,""C"":0}","[-0.016800000000000002,0,0.016800000000000002,0.016800000000000002,0,-0.016800000000000002]","137.15275073547875","137"
"lathe-used--.01-X100","lathe","face","used123456","bulk support fixture; real axis slider","{""X"":100,""Y"":0,""Z"":0,""A"":0,""C"":0}","[-0.016800000000000002,0,0.016800000000000002,0.016800000000000002,0,-0.016800000000000002]","-3.7579390983148024","-4"
"lathe-used--.01-X100","lathe","flat","used123456","bulk support fixture; real axis slider","{""X"":100,""Y"":0,""Z"":0,""A"":0,""C"":0}","[-0.016800000000000002,0,0.016800000000000002,0.016800000000000002,0,-0.016800000000000002]","10.346999861143152","10"
"lathe-used--.01-X100","lathe","dx","used123456","bulk support fixture; real axis slider","{""X"":100,""Y"":0,""Z"":0,""A"":0,""C"":0}","[-0.016800000000000002,0,0.016800000000000002,0.016800000000000002,0,-0.016800000000000002]","139.16839908380803","139"
"lathe-used--.01-X100","lathe","dy","used123456","bulk support fixture; real axis slider","{""X"":100,""Y"":0,""Z"":0,""A"":0,""C"":0}","[-0.016800000000000002,0,0.016800000000000002,0.016800000000000002,0,-0.016800000000000002]","-2.4028927374822593","-2"
"lathe-used--.01-X100","lathe","barSide","used123456","bulk support fixture; real axis slider","{""X"":100,""Y"":0,""Z"":0,""A"":0,""C"":0}","[-0.016800000000000002,0,0.016800000000000002,0.016800000000000002,0,-0.016800000000000002]","-19.479001021335122","-19"
"lathe-used--.01-X100","lathe","barTop","used123456","bulk support fixture; real axis slider","{""X"":100,""Y"":0,""Z"":0,""A"":0,""C"":0}","[-0.016800000000000002,0,0.016800000000000002,0.016800000000000002,0,-0.016800000000000002]","-0.007953632344750994","0"
"lathe-used--.01-X100","lathe","runoutRoot","used123456","bulk support fixture; real axis slider","{""X"":100,""Y"":0,""Z"":0,""A"":0,""C"":0}","[-0.016800000000000002,0,0.016800000000000002,0.016800000000000002,0,-0.016800000000000002]","11.98505076393485","12"
"lathe-used--.01-X100","lathe","runoutTip","used123456","bulk support fixture; real axis slider","{""X"":100,""Y"":0,""Z"":0,""A"":0,""C"":0}","[-0.016800000000000002,0,0.016800000000000002,0.016800000000000002,0,-0.016800000000000002]","14.39028429697391","14"
"lathe-used--.01-X100","lathe","borea","used123456","bulk support fixture; real axis slider","{""X"":100,""Y"":0,""Z"":0,""A"":0,""C"":0}","[-0.016800000000000002,0,0.016800000000000002,0.016800000000000002,0,-0.016800000000000002]","0","0"
"lathe-used--.01-X100","lathe","boreb","used123456","bulk support fixture; real axis slider","{""X"":100,""Y"":0,""Z"":0,""A"":0,""C"":0}","[-0.016800000000000002,0,0.016800000000000002,0.016800000000000002,0,-0.016800000000000002]","141.95853621044515","142"
"lathe-used--.01-X100","lathe","borec","used123456","bulk support fixture; real axis slider","{""X"":100,""Y"":0,""Z"":0,""A"":0,""C"":0}","[-0.016800000000000002,0,0.016800000000000002,0.016800000000000002,0,-0.016800000000000002]","278.33679816761935","278"
"lathe-used--.01-X100","lathe","bored","used123456","bulk support fixture; real axis slider","{""X"":100,""Y"":0,""Z"":0,""A"":0,""C"":0}","[-0.016800000000000002,0,0.016800000000000002,0.016800000000000002,0,-0.016800000000000002]","137.15275073547875","137"
"lathe-used--.01-Z-100","lathe","face","used123456","bulk support fixture; real axis slider","{""X"":0,""Y"":0,""Z"":-100,""A"":0,""C"":0}","[-0.016800000000000002,0,0.016800000000000002,0.016800000000000002,0,-0.016800000000000002]","-3.7579390982957204","-4"
"lathe-used--.01-Z-100","lathe","flat","used123456","bulk support fixture; real axis slider","{""X"":0,""Y"":0,""Z"":-100,""A"":0,""C"":0}","[-0.016800000000000002,0,0.016800000000000002,0.016800000000000002,0,-0.016800000000000002]","10.346998286175566","10"
"lathe-used--.01-Z-100","lathe","dx","used123456","bulk support fixture; real axis slider","{""X"":0,""Y"":0,""Z"":-100,""A"":0,""C"":0}","[-0.016800000000000002,0,0.016800000000000002,0.016800000000000002,0,-0.016800000000000002]","93.7174205534439","94"
"lathe-used--.01-Z-100","lathe","dy","used123456","bulk support fixture; real axis slider","{""X"":0,""Y"":0,""Z"":-100,""A"":0,""C"":0}","[-0.016800000000000002,0,0.016800000000000002,0.016800000000000002,0,-0.016800000000000002]","-2.4025960177863124","-2"
"lathe-used--.01-Z-100","lathe","barSide","used123456","bulk support fixture; real axis slider","{""X"":0,""Y"":0,""Z"":-100,""A"":0,""C"":0}","[-0.016800000000000002,0,0.016800000000000002,0.016800000000000002,0,-0.016800000000000002]","-19.478997871542198","-19"
"lathe-used--.01-Z-100","lathe","barTop","used123456","bulk support fixture; real axis slider","{""X"":0,""Y"":0,""Z"":-100,""A"":0,""C"":0}","[-0.016800000000000002,0,0.016800000000000002,0.016800000000000002,0,-0.016800000000000002]","-0.00783492001658892","0"
"lathe-used--.01-Z-100","lathe","runoutRoot","used123456","bulk support fixture; real axis slider","{""X"":0,""Y"":0,""Z"":-100,""A"":0,""C"":0}","[-0.016800000000000002,0,0.016800000000000002,0.016800000000000002,0,-0.016800000000000002]","11.98505076393485","12"
"lathe-used--.01-Z-100","lathe","runoutTip","used123456","bulk support fixture; real axis slider","{""X"":0,""Y"":0,""Z"":-100,""A"":0,""C"":0}","[-0.016800000000000002,0,0.016800000000000002,0.016800000000000002,0,-0.016800000000000002]","14.39028429697391","14"
"lathe-used--.01-Z-100","lathe","borea","used123456","bulk support fixture; real axis slider","{""X"":0,""Y"":0,""Z"":-100,""A"":0,""C"":0}","[-0.016800000000000002,0,0.016800000000000002,0.016800000000000002,0,-0.016800000000000002]","0","0"
"lathe-used--.01-Z-100","lathe","boreb","used123456","bulk support fixture; real axis slider","{""X"":0,""Y"":0,""Z"":-100,""A"":0,""C"":0}","[-0.016800000000000002,0,0.016800000000000002,0.016800000000000002,0,-0.016800000000000002]","96.29556083730687","96"
"lathe-used--.01-Z-100","lathe","borec","used123456","bulk support fixture; real axis slider","{""X"":0,""Y"":0,""Z"":-100,""A"":0,""C"":0}","[-0.016800000000000002,0,0.016800000000000002,0.016800000000000002,0,-0.016800000000000002]","187.43484110688573","187"
"lathe-used--.01-Z-100","lathe","bored","used123456","bulk support fixture; real axis slider","{""X"":0,""Y"":0,""Z"":-100,""A"":0,""C"":0}","[-0.016800000000000002,0,0.016800000000000002,0.016800000000000002,0,-0.016800000000000002]","91.4903688017353","91"
"lathe-used--.01-Z100","lathe","face","used123456","bulk support fixture; real axis slider","{""X"":0,""Y"":0,""Z"":100,""A"":0,""C"":0}","[-0.016800000000000002,0,0.016800000000000002,0.016800000000000002,0,-0.016800000000000002]","-3.7579390983338845","-4"
"lathe-used--.01-Z100","lathe","flat","used123456","bulk support fixture; real axis slider","{""X"":0,""Y"":0,""Z"":100,""A"":0,""C"":0}","[-0.016800000000000002,0,0.016800000000000002,0.016800000000000002,0,-0.016800000000000002]","10.3469982864271","10"
"lathe-used--.01-Z100","lathe","dx","used123456","bulk support fixture; real axis slider","{""X"":0,""Y"":0,""Z"":100,""A"":0,""C"":0}","[-0.016800000000000002,0,0.016800000000000002,0.016800000000000002,0,-0.016800000000000002]","184.61938496191019","185"
"lathe-used--.01-Z100","lathe","dy","used123456","bulk support fixture; real axis slider","{""X"":0,""Y"":0,""Z"":100,""A"":0,""C"":0}","[-0.016800000000000002,0,0.016800000000000002,0.016800000000000002,0,-0.016800000000000002]","-2.4032306170490787","-2"
"lathe-used--.01-Z100","lathe","barSide","used123456","bulk support fixture; real axis slider","{""X"":0,""Y"":0,""Z"":100,""A"":0,""C"":0}","[-0.016800000000000002,0,0.016800000000000002,0.016800000000000002,0,-0.016800000000000002]","-19.479002821154097","-19"
"lathe-used--.01-Z100","lathe","barTop","used123456","bulk support fixture; real axis slider","{""X"":0,""Y"":0,""Z"":100,""A"":0,""C"":0}","[-0.016800000000000002,0,0.016800000000000002,0.016800000000000002,0,-0.016800000000000002]","-0.008021473017066905","0"
"lathe-used--.01-Z100","lathe","runoutRoot","used123456","bulk support fixture; real axis slider","{""X"":0,""Y"":0,""Z"":100,""A"":0,""C"":0}","[-0.016800000000000002,0,0.016800000000000002,0.016800000000000002,0,-0.016800000000000002]","11.98505076393485","12"
"lathe-used--.01-Z100","lathe","runoutTip","used123456","bulk support fixture; real axis slider","{""X"":0,""Y"":0,""Z"":100,""A"":0,""C"":0}","[-0.016800000000000002,0,0.016800000000000002,0.016800000000000002,0,-0.016800000000000002]","14.39028429697391","14"
"lathe-used--.01-Z100","lathe","borea","used123456","bulk support fixture; real axis slider","{""X"":0,""Y"":0,""Z"":100,""A"":0,""C"":0}","[-0.016800000000000002,0,0.016800000000000002,0.016800000000000002,0,-0.016800000000000002]","0","0"
"lathe-used--.01-Z100","lathe","boreb","used123456","bulk support fixture; real axis slider","{""X"":0,""Y"":0,""Z"":100,""A"":0,""C"":0}","[-0.016800000000000002,0,0.016800000000000002,0.016800000000000002,0,-0.016800000000000002]","187.70419570886264","188"
"lathe-used--.01-Z100","lathe","borec","used123456","bulk support fixture; real axis slider","{""X"":0,""Y"":0,""Z"":100,""A"":0,""C"":0}","[-0.016800000000000002,0,0.016800000000000002,0.016800000000000002,0,-0.016800000000000002]","369.23876992382003","369"
"lathe-used--.01-Z100","lathe","bored","used123456","bulk support fixture; real axis slider","{""X"":0,""Y"":0,""Z"":100,""A"":0,""C"":0}","[-0.016800000000000002,0,0.016800000000000002,0.016800000000000002,0,-0.016800000000000002]","182.89773447476705","183"
"lathe-used-posture-.05","lathe","face","used123456","known bulk fixture via evaluate","{""X"":0,""Y"":0,""Z"":0,""A"":0,""C"":0}","[0.08400000000000002,0,-0.08400000000000002,-0.08400000000000002,0,0.08400000000000002]","-3.7579390983078635","-4"
"lathe-used-posture-.05","lathe","flat","used123456","known bulk fixture via evaluate","{""X"":0,""Y"":0,""Z"":0,""A"":0,""C"":0}","[0.08400000000000002,0,-0.08400000000000002,-0.08400000000000002,0,0.08400000000000002]","-4.772863466314184","-5"
"lathe-used-posture-.05","lathe","dx","used123456","known bulk fixture via evaluate","{""X"":0,""Y"":0,""Z"":0,""A"":0,""C"":0}","[0.08400000000000002,0,-0.08400000000000002,-0.08400000000000002,0,0.08400000000000002]","46.93637205810718","47"
"lathe-used-posture-.05","lathe","dy","used123456","known bulk fixture via evaluate","{""X"":0,""Y"":0,""Z"":0,""A"":0,""C"":0}","[0.08400000000000002,0,-0.08400000000000002,-0.08400000000000002,0,0.08400000000000002]","-3.9330018612477233","-4"
"lathe-used-posture-.05","lathe","barSide","used123456","known bulk fixture via evaluate","{""X"":0,""Y"":0,""Z"":0,""A"":0,""C"":0}","[0.08400000000000002,0,-0.08400000000000002,-0.08400000000000002,0,0.08400000000000002]","-4.3590258746815245","-4"
"lathe-used-posture-.05","lathe","barTop","used123456","known bulk fixture via evaluate","{""X"":0,""Y"":0,""Z"":0,""A"":0,""C"":0}","[0.08400000000000002,0,-0.08400000000000002,-0.08400000000000002,0,0.08400000000000002]","0.0013315938664215654","0"
"lathe-used-posture-.05","lathe","runoutRoot","used123456","known bulk fixture via evaluate","{""X"":0,""Y"":0,""Z"":0,""A"":0,""C"":0}","[0.08400000000000002,0,-0.08400000000000002,-0.08400000000000002,0,0.08400000000000002]","11.98505076393485","12"
"lathe-used-posture-.05","lathe","runoutTip","used123456","known bulk fixture via evaluate","{""X"":0,""Y"":0,""Z"":0,""A"":0,""C"":0}","[0.08400000000000002,0,-0.08400000000000002,-0.08400000000000002,0,0.08400000000000002]","14.39028429697391","14"
"lathe-used-posture-.05","lathe","borea","used123456","known bulk fixture via evaluate","{""X"":0,""Y"":0,""Z"":0,""A"":0,""C"":0}","[0.08400000000000002,0,-0.08400000000000002,-0.08400000000000002,0,0.08400000000000002]","0","0"
"lathe-used-posture-.05","lathe","boreb","used123456","known bulk fixture via evaluate","{""X"":0,""Y"":0,""Z"":0,""A"":0,""C"":0}","[0.08400000000000002,0,-0.08400000000000002,-0.08400000000000002,0,0.08400000000000002]","50.91312504854409","51"
"lathe-used-posture-.05","lathe","borec","used123456","known bulk fixture via evaluate","{""X"":0,""Y"":0,""Z"":0,""A"":0,""C"":0}","[0.08400000000000002,0,-0.08400000000000002,-0.08400000000000002,0,0.08400000000000002]","93.87274411621488","94"
"lathe-used-posture-.05","lathe","bored","used123456","known bulk fixture via evaluate","{""X"":0,""Y"":0,""Z"":0,""A"":0,""C"":0}","[0.08400000000000002,0,-0.08400000000000002,-0.08400000000000002,0,0.08400000000000002]","43.047121326047346","43"
"lathe-used-.05-X-100","lathe","face","used123456","bulk support fixture; real axis slider","{""X"":-100,""Y"":0,""Z"":0,""A"":0,""C"":0}","[0.08400000000000002,0,-0.08400000000000002,-0.08400000000000002,0,0.08400000000000002]","-3.7579390983078635","-4"
"lathe-used-.05-X-100","lathe","flat","used123456","bulk support fixture; real axis slider","{""X"":-100,""Y"":0,""Z"":0,""A"":0,""C"":0}","[0.08400000000000002,0,-0.08400000000000002,-0.08400000000000002,0,0.08400000000000002]","-4.772902841053764","-5"
"lathe-used-.05-X-100","lathe","dx","used123456","bulk support fixture; real axis slider","{""X"":-100,""Y"":0,""Z"":0,""A"":0,""C"":0}","[0.08400000000000002,0,-0.08400000000000002,-0.08400000000000002,0,0.08400000000000002]","46.93637205810718","47"
"lathe-used-.05-X-100","lathe","dy","used123456","bulk support fixture; real axis slider","{""X"":-100,""Y"":0,""Z"":0,""A"":0,""C"":0}","[0.08400000000000002,0,-0.08400000000000002,-0.08400000000000002,0,0.08400000000000002]","-3.9330018612477233","-4"
"lathe-used-.05-X-100","lathe","barSide","used123456","bulk support fixture; real axis slider","{""X"":-100,""Y"":0,""Z"":0,""A"":0,""C"":0}","[0.08400000000000002,0,-0.08400000000000002,-0.08400000000000002,0,0.08400000000000002]","-4.359025876921052","-4"
"lathe-used-.05-X-100","lathe","barTop","used123456","bulk support fixture; real axis slider","{""X"":-100,""Y"":0,""Z"":0,""A"":0,""C"":0}","[0.08400000000000002,0,-0.08400000000000002,-0.08400000000000002,0,0.08400000000000002]","0.0013316105197669348","0"
"lathe-used-.05-X-100","lathe","runoutRoot","used123456","bulk support fixture; real axis slider","{""X"":-100,""Y"":0,""Z"":0,""A"":0,""C"":0}","[0.08400000000000002,0,-0.08400000000000002,-0.08400000000000002,0,0.08400000000000002]","11.98505076393485","12"
"lathe-used-.05-X-100","lathe","runoutTip","used123456","bulk support fixture; real axis slider","{""X"":-100,""Y"":0,""Z"":0,""A"":0,""C"":0}","[0.08400000000000002,0,-0.08400000000000002,-0.08400000000000002,0,0.08400000000000002]","14.39028429697391","14"
"lathe-used-.05-X-100","lathe","borea","used123456","bulk support fixture; real axis slider","{""X"":-100,""Y"":0,""Z"":0,""A"":0,""C"":0}","[0.08400000000000002,0,-0.08400000000000002,-0.08400000000000002,0,0.08400000000000002]","0","0"
"lathe-used-.05-X-100","lathe","boreb","used123456","bulk support fixture; real axis slider","{""X"":-100,""Y"":0,""Z"":0,""A"":0,""C"":0}","[0.08400000000000002,0,-0.08400000000000002,-0.08400000000000002,0,0.08400000000000002]","50.91312504854409","51"
"lathe-used-.05-X-100","lathe","borec","used123456","bulk support fixture; real axis slider","{""X"":-100,""Y"":0,""Z"":0,""A"":0,""C"":0}","[0.08400000000000002,0,-0.08400000000000002,-0.08400000000000002,0,0.08400000000000002]","93.87274411621488","94"
"lathe-used-.05-X-100","lathe","bored","used123456","bulk support fixture; real axis slider","{""X"":-100,""Y"":0,""Z"":0,""A"":0,""C"":0}","[0.08400000000000002,0,-0.08400000000000002,-0.08400000000000002,0,0.08400000000000002]","43.047121326047346","43"
"lathe-used-.05-X100","lathe","face","used123456","bulk support fixture; real axis slider","{""X"":100,""Y"":0,""Z"":0,""A"":0,""C"":0}","[0.08400000000000002,0,-0.08400000000000002,-0.08400000000000002,0,0.08400000000000002]","-3.7579390983078635","-4"
"lathe-used-.05-X100","lathe","flat","used123456","bulk support fixture; real axis slider","{""X"":100,""Y"":0,""Z"":0,""A"":0,""C"":0}","[0.08400000000000002,0,-0.08400000000000002,-0.08400000000000002,0,0.08400000000000002]","-4.772824091352559","-5"
"lathe-used-.05-X100","lathe","dx","used123456","bulk support fixture; real axis slider","{""X"":100,""Y"":0,""Z"":0,""A"":0,""C"":0}","[0.08400000000000002,0,-0.08400000000000002,-0.08400000000000002,0,0.08400000000000002]","46.93637205810718","47"
"lathe-used-.05-X100","lathe","dy","used123456","bulk support fixture; real axis slider","{""X"":100,""Y"":0,""Z"":0,""A"":0,""C"":0}","[0.08400000000000002,0,-0.08400000000000002,-0.08400000000000002,0,0.08400000000000002]","-3.9330018612477233","-4"
"lathe-used-.05-X100","lathe","barSide","used123456","bulk support fixture; real axis slider","{""X"":100,""Y"":0,""Z"":0,""A"":0,""C"":0}","[0.08400000000000002,0,-0.08400000000000002,-0.08400000000000002,0,0.08400000000000002]","-4.359025872473222","-4"
"lathe-used-.05-X100","lathe","barTop","used123456","bulk support fixture; real axis slider","{""X"":100,""Y"":0,""Z"":0,""A"":0,""C"":0}","[0.08400000000000002,0,-0.08400000000000002,-0.08400000000000002,0,0.08400000000000002]","0.0013315769892968676","0"
"lathe-used-.05-X100","lathe","runoutRoot","used123456","bulk support fixture; real axis slider","{""X"":100,""Y"":0,""Z"":0,""A"":0,""C"":0}","[0.08400000000000002,0,-0.08400000000000002,-0.08400000000000002,0,0.08400000000000002]","11.98505076393485","12"
"lathe-used-.05-X100","lathe","runoutTip","used123456","bulk support fixture; real axis slider","{""X"":100,""Y"":0,""Z"":0,""A"":0,""C"":0}","[0.08400000000000002,0,-0.08400000000000002,-0.08400000000000002,0,0.08400000000000002]","14.39028429697391","14"
"lathe-used-.05-X100","lathe","borea","used123456","bulk support fixture; real axis slider","{""X"":100,""Y"":0,""Z"":0,""A"":0,""C"":0}","[0.08400000000000002,0,-0.08400000000000002,-0.08400000000000002,0,0.08400000000000002]","0","0"
"lathe-used-.05-X100","lathe","boreb","used123456","bulk support fixture; real axis slider","{""X"":100,""Y"":0,""Z"":0,""A"":0,""C"":0}","[0.08400000000000002,0,-0.08400000000000002,-0.08400000000000002,0,0.08400000000000002]","50.91312504854409","51"
"lathe-used-.05-X100","lathe","borec","used123456","bulk support fixture; real axis slider","{""X"":100,""Y"":0,""Z"":0,""A"":0,""C"":0}","[0.08400000000000002,0,-0.08400000000000002,-0.08400000000000002,0,0.08400000000000002]","93.87274411621488","94"
"lathe-used-.05-X100","lathe","bored","used123456","bulk support fixture; real axis slider","{""X"":100,""Y"":0,""Z"":0,""A"":0,""C"":0}","[0.08400000000000002,0,-0.08400000000000002,-0.08400000000000002,0,0.08400000000000002]","43.047121326047346","43"
"lathe-used-.05-Z-100","lathe","face","used123456","bulk support fixture; real axis slider","{""X"":0,""Y"":0,""Z"":-100,""A"":0,""C"":0}","[0.08400000000000002,0,-0.08400000000000002,-0.08400000000000002,0,0.08400000000000002]","-3.757939098287047","-4"
"lathe-used-.05-Z-100","lathe","flat","used123456","bulk support fixture; real axis slider","{""X"":0,""Y"":0,""Z"":-100,""A"":0,""C"":0}","[0.08400000000000002,0,-0.08400000000000002,-0.08400000000000002,0,0.08400000000000002]","-4.772863460955623","-5"
"lathe-used-.05-Z-100","lathe","dx","used123456","bulk support fixture; real axis slider","{""X"":0,""Y"":0,""Z"":-100,""A"":0,""C"":0}","[0.08400000000000002,0,-0.08400000000000002,-0.08400000000000002,0,0.08400000000000002]","36.76534988928365","37"
"lathe-used-.05-Z-100","lathe","dy","used123456","bulk support fixture; real axis slider","{""X"":0,""Y"":0,""Z"":-100,""A"":0,""C"":0}","[0.08400000000000002,0,-0.08400000000000002,-0.08400000000000002,0,0.08400000000000002]","-3.931874744560715","-4"
"lathe-used-.05-Z-100","lathe","barSide","used123456","bulk support fixture; real axis slider","{""X"":0,""Y"":0,""Z"":-100,""A"":0,""C"":0}","[0.08400000000000002,0,-0.08400000000000002,-0.08400000000000002,0,0.08400000000000002]","-4.358947134328744","-4"
"lathe-used-.05-Z-100","lathe","barTop","used123456","bulk support fixture; real axis slider","{""X"":0,""Y"":0,""Z"":-100,""A"":0,""C"":0}","[0.08400000000000002,0,-0.08400000000000002,-0.08400000000000002,0,0.08400000000000002]","0.0007380476594459617","0"
"lathe-used-.05-Z-100","lathe","runoutRoot","used123456","bulk support fixture; real axis slider","{""X"":0,""Y"":0,""Z"":-100,""A"":0,""C"":0}","[0.08400000000000002,0,-0.08400000000000002,-0.08400000000000002,0,0.08400000000000002]","11.98505076393485","12"
"lathe-used-.05-Z-100","lathe","runoutTip","used123456","bulk support fixture; real axis slider","{""X"":0,""Y"":0,""Z"":-100,""A"":0,""C"":0}","[0.08400000000000002,0,-0.08400000000000002,-0.08400000000000002,0,0.08400000000000002]","14.39028429697391","14"
"lathe-used-.05-Z-100","lathe","borea","used123456","bulk support fixture; real axis slider","{""X"":0,""Y"":0,""Z"":-100,""A"":0,""C"":0}","[0.08400000000000002,0,-0.08400000000000002,-0.08400000000000002,0,0.08400000000000002]","0","0"
"lathe-used-.05-Z-100","lathe","boreb","used123456","bulk support fixture; real axis slider","{""X"":0,""Y"":0,""Z"":-100,""A"":0,""C"":0}","[0.08400000000000002,0,-0.08400000000000002,-0.08400000000000002,0,0.08400000000000002]","40.72394927472772","41"
"lathe-used-.05-Z-100","lathe","borec","used123456","bulk support fixture; real axis slider","{""X"":0,""Y"":0,""Z"":-100,""A"":0,""C"":0}","[0.08400000000000002,0,-0.08400000000000002,-0.08400000000000002,0,0.08400000000000002]","73.53069977857064","74"
"lathe-used-.05-Z-100","lathe","bored","used123456","bulk support fixture; real axis slider","{""X"":0,""Y"":0,""Z"":-100,""A"":0,""C"":0}","[0.08400000000000002,0,-0.08400000000000002,-0.08400000000000002,0,0.08400000000000002]","32.860199785607335","33"
"lathe-used-.05-Z100","lathe","face","used123456","bulk support fixture; real axis slider","{""X"":0,""Y"":0,""Z"":100,""A"":0,""C"":0}","[0.08400000000000002,0,-0.08400000000000002,-0.08400000000000002,0,0.08400000000000002]","-3.757939098274904","-4"
"lathe-used-.05-Z100","lathe","flat","used123456","bulk support fixture; real axis slider","{""X"":0,""Y"":0,""Z"":100,""A"":0,""C"":0}","[0.08400000000000002,0,-0.08400000000000002,-0.08400000000000002,0,0.08400000000000002]","-4.772863455466958","-5"
"lathe-used-.05-Z100","lathe","dx","used123456","bulk support fixture; real axis slider","{""X"":0,""Y"":0,""Z"":100,""A"":0,""C"":0}","[0.08400000000000002,0,-0.08400000000000002,-0.08400000000000002,0,0.08400000000000002]","57.10757804263677","57"
"lathe-used-.05-Z100","lathe","dy","used123456","bulk support fixture; real axis slider","{""X"":0,""Y"":0,""Z"":100,""A"":0,""C"":0}","[0.08400000000000002,0,-0.08400000000000002,-0.08400000000000002,0,0.08400000000000002]","-3.93515795652205","-4"
"lathe-used-.05-Z100","lathe","barSide","used123456","bulk support fixture; real axis slider","{""X"":0,""Y"":0,""Z"":100,""A"":0,""C"":0}","[0.08400000000000002,0,-0.08400000000000002,-0.08400000000000002,0,0.08400000000000002]","-4.359070883006716","-4"
"lathe-used-.05-Z100","lathe","barTop","used123456","bulk support fixture; real axis slider","{""X"":0,""Y"":0,""Z"":100,""A"":0,""C"":0}","[0.08400000000000002,0,-0.08400000000000002,-0.08400000000000002,0,0.08400000000000002]","0.001670760776256719","0"
"lathe-used-.05-Z100","lathe","runoutRoot","used123456","bulk support fixture; real axis slider","{""X"":0,""Y"":0,""Z"":100,""A"":0,""C"":0}","[0.08400000000000002,0,-0.08400000000000002,-0.08400000000000002,0,0.08400000000000002]","11.98505076393485","12"
"lathe-used-.05-Z100","lathe","runoutTip","used123456","bulk support fixture; real axis slider","{""X"":0,""Y"":0,""Z"":100,""A"":0,""C"":0}","[0.08400000000000002,0,-0.08400000000000002,-0.08400000000000002,0,0.08400000000000002]","14.39028429697391","14"
"lathe-used-.05-Z100","lathe","borea","used123456","bulk support fixture; real axis slider","{""X"":0,""Y"":0,""Z"":100,""A"":0,""C"":0}","[0.08400000000000002,0,-0.08400000000000002,-0.08400000000000002,0,0.08400000000000002]","0","0"
"lathe-used-.05-Z100","lathe","boreb","used123456","bulk support fixture; real axis slider","{""X"":0,""Y"":0,""Z"":100,""A"":0,""C"":0}","[0.08400000000000002,0,-0.08400000000000002,-0.08400000000000002,0,0.08400000000000002]","61.10765188427694","61"
"lathe-used-.05-Z100","lathe","borec","used123456","bulk support fixture; real axis slider","{""X"":0,""Y"":0,""Z"":100,""A"":0,""C"":0}","[0.08400000000000002,0,-0.08400000000000002,-0.08400000000000002,0,0.08400000000000002]","114.21515608527055","114"
"lathe-used-.05-Z100","lathe","bored","used123456","bulk support fixture; real axis slider","{""X"":0,""Y"":0,""Z"":100,""A"":0,""C"":0}","[0.08400000000000002,0,-0.08400000000000002,-0.08400000000000002,0,0.08400000000000002]","53.23733597123112","53"
"lathe-used-posture--.05","lathe","face","used123456","known bulk fixture via evaluate","{""X"":0,""Y"":0,""Z"":0,""A"":0,""C"":0}","[-0.08400000000000002,0,0.08400000000000002,0.08400000000000002,0,-0.08400000000000002]","-3.7579390983078635","-4"
"lathe-used-posture--.05","lathe","flat","used123456","known bulk fixture via evaluate","{""X"":0,""Y"":0,""Z"":0,""A"":0,""C"":0}","[-0.08400000000000002,0,0.08400000000000002,0.08400000000000002,0,-0.08400000000000002]","20.427136522744444","20"
"lathe-used-posture--.05","lathe","dx","used123456","known bulk fixture via evaluate","{""X"":0,""Y"":0,""Z"":0,""A"":0,""C"":0}","[-0.08400000000000002,0,0.08400000000000002,0.08400000000000002,0,-0.08400000000000002]","200.65659722607074","201"
"lathe-used-posture--.05","lathe","dy","used123456","known bulk fixture via evaluate","{""X"":0,""Y"":0,""Z"":0,""A"":0,""C"":0}","[-0.08400000000000002,0,0.08400000000000002,0.08400000000000002,0,-0.08400000000000002]","-1.3884839242100382","-1"
"lathe-used-posture--.05","lathe","barSide","used123456","known bulk fixture via evaluate","{""X"":0,""Y"":0,""Z"":0,""A"":0,""C"":0}","[-0.08400000000000002,0,0.08400000000000002,0.08400000000000002,0,-0.08400000000000002]","-29.559025829697937","-30"
"lathe-used-posture--.05","lathe","barTop","used123456","known bulk fixture via evaluate","{""X"":0,""Y"":0,""Z"":0,""A"":0,""C"":0}","[-0.08400000000000002,0,0.08400000000000002,0.08400000000000002,0,-0.08400000000000002]","-0.019375353115316796","0"
"lathe-used-posture--.05","lathe","runoutRoot","used123456","known bulk fixture via evaluate","{""X"":0,""Y"":0,""Z"":0,""A"":0,""C"":0}","[-0.08400000000000002,0,0.08400000000000002,0.08400000000000002,0,-0.08400000000000002]","11.98505076393485","12"
"lathe-used-posture--.05","lathe","runoutTip","used123456","known bulk fixture via evaluate","{""X"":0,""Y"":0,""Z"":0,""A"":0,""C"":0}","[-0.08400000000000002,0,0.08400000000000002,0.08400000000000002,0,-0.08400000000000002]","14.39028429697391","14"
"lathe-used-posture--.05","lathe","borea","used123456","known bulk fixture via evaluate","{""X"":0,""Y"":0,""Z"":0,""A"":0,""C"":0}","[-0.08400000000000002,0,0.08400000000000002,0.08400000000000002,0,-0.08400000000000002]","0","0"
"lathe-used-posture--.05","lathe","boreb","used123456","known bulk fixture via evaluate","{""X"":0,""Y"":0,""Z"":0,""A"":0,""C"":0}","[-0.08400000000000002,0,0.08400000000000002,0.08400000000000002,0,-0.08400000000000002]","202.85031696207213","203"
"lathe-used-posture--.05","lathe","borec","used123456","known bulk fixture via evaluate","{""X"":0,""Y"":0,""Z"":0,""A"":0,""C"":0}","[-0.08400000000000002,0,0.08400000000000002,0.08400000000000002,0,-0.08400000000000002]","401.3131944521422","401"
"lathe-used-posture--.05","lathe","bored","used123456","known bulk fixture via evaluate","{""X"":0,""Y"":0,""Z"":0,""A"":0,""C"":0}","[-0.08400000000000002,0,0.08400000000000002,0.08400000000000002,0,-0.08400000000000002]","200.07334911364973","200"
"lathe-used--.05-X-100","lathe","face","used123456","bulk support fixture; real axis slider","{""X"":-100,""Y"":0,""Z"":0,""A"":0,""C"":0}","[-0.08400000000000002,0,0.08400000000000002,0.08400000000000002,0,-0.08400000000000002]","-3.7579390983078635","-4"
"lathe-used--.05-X-100","lathe","flat","used123456","bulk support fixture; real axis slider","{""X"":-100,""Y"":0,""Z"":0,""A"":0,""C"":0}","[-0.08400000000000002,0,0.08400000000000002,0.08400000000000002,0,-0.08400000000000002]","20.42709714778282","20"
"lathe-used--.05-X-100","lathe","dx","used123456","bulk support fixture; real axis slider","{""X"":-100,""Y"":0,""Z"":0,""A"":0,""C"":0}","[-0.08400000000000002,0,0.08400000000000002,0.08400000000000002,0,-0.08400000000000002]","200.65659722607074","201"
"lathe-used--.05-X-100","lathe","dy","used123456","bulk support fixture; real axis slider","{""X"":-100,""Y"":0,""Z"":0,""A"":0,""C"":0}","[-0.08400000000000002,0,0.08400000000000002,0.08400000000000002,0,-0.08400000000000002]","-1.3884839242100382","-1"
"lathe-used--.05-X-100","lathe","barSide","used123456","bulk support fixture; real axis slider","{""X"":-100,""Y"":0,""Z"":0,""A"":0,""C"":0}","[-0.08400000000000002,0,0.08400000000000002,0.08400000000000002,0,-0.08400000000000002]","-29.55902583184726","-30"
"lathe-used--.05-X-100","lathe","barTop","used123456","bulk support fixture; real axis slider","{""X"":-100,""Y"":0,""Z"":0,""A"":0,""C"":0}","[-0.08400000000000002,0,0.08400000000000002,0.08400000000000002,0,-0.08400000000000002]","-0.0193753699855026","0"
"lathe-used--.05-X-100","lathe","runoutRoot","used123456","bulk support fixture; real axis slider","{""X"":-100,""Y"":0,""Z"":0,""A"":0,""C"":0}","[-0.08400000000000002,0,0.08400000000000002,0.08400000000000002,0,-0.08400000000000002]","11.98505076393485","12"
"lathe-used--.05-X-100","lathe","runoutTip","used123456","bulk support fixture; real axis slider","{""X"":-100,""Y"":0,""Z"":0,""A"":0,""C"":0}","[-0.08400000000000002,0,0.08400000000000002,0.08400000000000002,0,-0.08400000000000002]","14.39028429697391","14"
"lathe-used--.05-X-100","lathe","borea","used123456","bulk support fixture; real axis slider","{""X"":-100,""Y"":0,""Z"":0,""A"":0,""C"":0}","[-0.08400000000000002,0,0.08400000000000002,0.08400000000000002,0,-0.08400000000000002]","0","0"
"lathe-used--.05-X-100","lathe","boreb","used123456","bulk support fixture; real axis slider","{""X"":-100,""Y"":0,""Z"":0,""A"":0,""C"":0}","[-0.08400000000000002,0,0.08400000000000002,0.08400000000000002,0,-0.08400000000000002]","202.85031696207213","203"
"lathe-used--.05-X-100","lathe","borec","used123456","bulk support fixture; real axis slider","{""X"":-100,""Y"":0,""Z"":0,""A"":0,""C"":0}","[-0.08400000000000002,0,0.08400000000000002,0.08400000000000002,0,-0.08400000000000002]","401.3131944521422","401"
"lathe-used--.05-X-100","lathe","bored","used123456","bulk support fixture; real axis slider","{""X"":-100,""Y"":0,""Z"":0,""A"":0,""C"":0}","[-0.08400000000000002,0,0.08400000000000002,0.08400000000000002,0,-0.08400000000000002]","200.07334911364973","200"
"lathe-used--.05-X100","lathe","face","used123456","bulk support fixture; real axis slider","{""X"":100,""Y"":0,""Z"":0,""A"":0,""C"":0}","[-0.08400000000000002,0,0.08400000000000002,0.08400000000000002,0,-0.08400000000000002]","-3.7579390983078635","-4"
"lathe-used--.05-X100","lathe","flat","used123456","bulk support fixture; real axis slider","{""X"":100,""Y"":0,""Z"":0,""A"":0,""C"":0}","[-0.08400000000000002,0,0.08400000000000002,0.08400000000000002,0,-0.08400000000000002]","20.427175897706068","20"
"lathe-used--.05-X100","lathe","dx","used123456","bulk support fixture; real axis slider","{""X"":100,""Y"":0,""Z"":0,""A"":0,""C"":0}","[-0.08400000000000002,0,0.08400000000000002,0.08400000000000002,0,-0.08400000000000002]","200.65659722607074","201"
"lathe-used--.05-X100","lathe","dy","used123456","bulk support fixture; real axis slider","{""X"":100,""Y"":0,""Z"":0,""A"":0,""C"":0}","[-0.08400000000000002,0,0.08400000000000002,0.08400000000000002,0,-0.08400000000000002]","-1.3884839242100382","-1"
"lathe-used--.05-X100","lathe","barSide","used123456","bulk support fixture; real axis slider","{""X"":100,""Y"":0,""Z"":0,""A"":0,""C"":0}","[-0.08400000000000002,0,0.08400000000000002,0.08400000000000002,0,-0.08400000000000002]","-29.559025827508716","-30"
"lathe-used--.05-X100","lathe","barTop","used123456","bulk support fixture; real axis slider","{""X"":100,""Y"":0,""Z"":0,""A"":0,""C"":0}","[-0.08400000000000002,0,0.08400000000000002,0.08400000000000002,0,-0.08400000000000002]","-0.01937533645329781","0"
"lathe-used--.05-X100","lathe","runoutRoot","used123456","bulk support fixture; real axis slider","{""X"":100,""Y"":0,""Z"":0,""A"":0,""C"":0}","[-0.08400000000000002,0,0.08400000000000002,0.08400000000000002,0,-0.08400000000000002]","11.98505076393485","12"
"lathe-used--.05-X100","lathe","runoutTip","used123456","bulk support fixture; real axis slider","{""X"":100,""Y"":0,""Z"":0,""A"":0,""C"":0}","[-0.08400000000000002,0,0.08400000000000002,0.08400000000000002,0,-0.08400000000000002]","14.39028429697391","14"
"lathe-used--.05-X100","lathe","borea","used123456","bulk support fixture; real axis slider","{""X"":100,""Y"":0,""Z"":0,""A"":0,""C"":0}","[-0.08400000000000002,0,0.08400000000000002,0.08400000000000002,0,-0.08400000000000002]","0","0"
"lathe-used--.05-X100","lathe","boreb","used123456","bulk support fixture; real axis slider","{""X"":100,""Y"":0,""Z"":0,""A"":0,""C"":0}","[-0.08400000000000002,0,0.08400000000000002,0.08400000000000002,0,-0.08400000000000002]","202.85031696207213","203"
"lathe-used--.05-X100","lathe","borec","used123456","bulk support fixture; real axis slider","{""X"":100,""Y"":0,""Z"":0,""A"":0,""C"":0}","[-0.08400000000000002,0,0.08400000000000002,0.08400000000000002,0,-0.08400000000000002]","401.3131944521422","401"
"lathe-used--.05-X100","lathe","bored","used123456","bulk support fixture; real axis slider","{""X"":100,""Y"":0,""Z"":0,""A"":0,""C"":0}","[-0.08400000000000002,0,0.08400000000000002,0.08400000000000002,0,-0.08400000000000002]","200.07334911364973","200"
"lathe-used--.05-Z-100","lathe","face","used123456","bulk support fixture; real axis slider","{""X"":0,""Y"":0,""Z"":-100,""A"":0,""C"":0}","[-0.08400000000000002,0,0.08400000000000002,0.08400000000000002,0,-0.08400000000000002]","-3.757939098287047","-4"
"lathe-used--.05-Z-100","lathe","flat","used123456","bulk support fixture; real axis slider","{""X"":0,""Y"":0,""Z"":-100,""A"":0,""C"":0}","[-0.08400000000000002,0,0.08400000000000002,0.08400000000000002,0,-0.08400000000000002]","20.427136517406698","20"
"lathe-used--.05-Z-100","lathe","dx","used123456","bulk support fixture; real axis slider","{""X"":0,""Y"":0,""Z"":-100,""A"":0,""C"":0}","[-0.08400000000000002,0,0.08400000000000002,0.08400000000000002,0,-0.08400000000000002]","131.68576133777034","132"
"lathe-used--.05-Z-100","lathe","dy","used123456","bulk support fixture; real axis slider","{""X"":0,""Y"":0,""Z"":-100,""A"":0,""C"":0}","[-0.08400000000000002,0,0.08400000000000002,0.08400000000000002,0,-0.08400000000000002]","-1.385259854441565","-1"
"lathe-used--.05-Z-100","lathe","barSide","used123456","bulk support fixture; real axis slider","{""X"":0,""Y"":0,""Z"":-100,""A"":0,""C"":0}","[-0.08400000000000002,0,0.08400000000000002,0.08400000000000002,0,-0.08400000000000002]","-29.55894707878416","-30"
"lathe-used--.05-Z-100","lathe","barTop","used123456","bulk support fixture; real axis slider","{""X"":0,""Y"":0,""Z"":-100,""A"":0,""C"":0}","[-0.08400000000000002,0,0.08400000000000002,0.08400000000000002,0,-0.08400000000000002]","-0.018781700061518136","0"
"lathe-used--.05-Z-100","lathe","runoutRoot","used123456","bulk support fixture; real axis slider","{""X"":0,""Y"":0,""Z"":-100,""A"":0,""C"":0}","[-0.08400000000000002,0,0.08400000000000002,0.08400000000000002,0,-0.08400000000000002]","11.98505076393485","12"
"lathe-used--.05-Z-100","lathe","runoutTip","used123456","bulk support fixture; real axis slider","{""X"":0,""Y"":0,""Z"":-100,""A"":0,""C"":0}","[-0.08400000000000002,0,0.08400000000000002,0.08400000000000002,0,-0.08400000000000002]","14.39028429697391","14"
"lathe-used--.05-Z-100","lathe","borea","used123456","bulk support fixture; real axis slider","{""X"":0,""Y"":0,""Z"":-100,""A"":0,""C"":0}","[-0.08400000000000002,0,0.08400000000000002,0.08400000000000002,0,-0.08400000000000002]","0","0"
"lathe-used--.05-Z-100","lathe","boreb","used123456","bulk support fixture; real axis slider","{""X"":0,""Y"":0,""Z"":-100,""A"":0,""C"":0}","[-0.08400000000000002,0,0.08400000000000002,0.08400000000000002,0,-0.08400000000000002]","133.417808013854","133"
"lathe-used--.05-Z-100","lathe","borec","used123456","bulk support fixture; real axis slider","{""X"":0,""Y"":0,""Z"":-100,""A"":0,""C"":0}","[-0.08400000000000002,0,0.08400000000000002,0.08400000000000002,0,-0.08400000000000002]","263.3715226755401","263"
"lathe-used--.05-Z-100","lathe","bored","used123456","bulk support fixture; real axis slider","{""X"":0,""Y"":0,""Z"":-100,""A"":0,""C"":0}","[-0.08400000000000002,0,0.08400000000000002,0.08400000000000002,0,-0.08400000000000002]","130.6472883049678","131"
"lathe-used--.05-Z100","lathe","face","used123456","bulk support fixture; real axis slider","{""X"":0,""Y"":0,""Z"":100,""A"":0,""C"":0}","[-0.08400000000000002,0,0.08400000000000002,0.08400000000000002,0,-0.08400000000000002]","-3.757939098274904","-4"
"lathe-used--.05-Z100","lathe","flat","used123456","bulk support fixture; real axis slider","{""X"":0,""Y"":0,""Z"":100,""A"":0,""C"":0}","[-0.08400000000000002,0,0.08400000000000002,0.08400000000000002,0,-0.08400000000000002]","20.427136511562416","20"
"lathe-used--.05-Z100","lathe","dx","used123456","bulk support fixture; real axis slider","{""X"":0,""Y"":0,""Z"":100,""A"":0,""C"":0}","[-0.08400000000000002,0,0.08400000000000002,0.08400000000000002,0,-0.08400000000000002]","269.62761672529956","270"
"lathe-used--.05-Z100","lathe","dy","used123456","bulk support fixture; real axis slider","{""X"":0,""Y"":0,""Z"":100,""A"":0,""C"":0}","[-0.08400000000000002,0,0.08400000000000002,0.08400000000000002,0,-0.08400000000000002]","-1.3927370084904165","-1"
"lathe-used--.05-Z100","lathe","barSide","used123456","bulk support fixture; real axis slider","{""X"":0,""Y"":0,""Z"":100,""A"":0,""C"":0}","[-0.08400000000000002,0,0.08400000000000002,0.08400000000000002,0,-0.08400000000000002]","-29.55907081629572","-30"
"lathe-used--.05-Z100","lathe","barTop","used123456","bulk support fixture; real axis slider","{""X"":0,""Y"":0,""Z"":100,""A"":0,""C"":0}","[-0.08400000000000002,0,0.08400000000000002,0.08400000000000002,0,-0.08400000000000002]","-0.019714580837618123","0"
"lathe-used--.05-Z100","lathe","runoutRoot","used123456","bulk support fixture; real axis slider","{""X"":0,""Y"":0,""Z"":100,""A"":0,""C"":0}","[-0.08400000000000002,0,0.08400000000000002,0.08400000000000002,0,-0.08400000000000002]","11.98505076393485","12"
"lathe-used--.05-Z100","lathe","runoutTip","used123456","bulk support fixture; real axis slider","{""X"":0,""Y"":0,""Z"":100,""A"":0,""C"":0}","[-0.08400000000000002,0,0.08400000000000002,0.08400000000000002,0,-0.08400000000000002]","14.39028429697391","14"
"lathe-used--.05-Z100","lathe","borea","used123456","bulk support fixture; real axis slider","{""X"":0,""Y"":0,""Z"":100,""A"":0,""C"":0}","[-0.08400000000000002,0,0.08400000000000002,0.08400000000000002,0,-0.08400000000000002]","0","0"
"lathe-used--.05-Z100","lathe","boreb","used123456","bulk support fixture; real axis slider","{""X"":0,""Y"":0,""Z"":100,""A"":0,""C"":0}","[-0.08400000000000002,0,0.08400000000000002,0.08400000000000002,0,-0.08400000000000002]","272.4743382571636","272"
"lathe-used--.05-Z100","lathe","borec","used123456","bulk support fixture; real axis slider","{""X"":0,""Y"":0,""Z"":100,""A"":0,""C"":0}","[-0.08400000000000002,0,0.08400000000000002,0.08400000000000002,0,-0.08400000000000002]","539.2552334506015","539"
"lathe-used--.05-Z100","lathe","bored","used123456","bulk support fixture; real axis slider","{""X"":0,""Y"":0,""Z"":100,""A"":0,""C"":0}","[-0.08400000000000002,0,0.08400000000000002,0.08400000000000002,0,-0.08400000000000002]","269.68886424018","270"
"lathe-used-asymmetric","lathe","face","used123456","bulk support fixture; real sliders","{""X"":37,""Y"":0,""Z"":-62,""A"":0,""C"":0}","[0.08400000000000002,0,-0.08400000000000002,-0.08400000000000002,0,0.08400000000000002]","-3.757939098224597","-4"
"lathe-used-asymmetric","lathe","flat","used123456","bulk support fixture; real sliders","{""X"":37,""Y"":0,""Z"":-62,""A"":0,""C"":0}","[0.08400000000000002,0,-0.08400000000000002,-0.08400000000000002,0,0.08400000000000002]","-4.772848897346623","-5"
"lathe-used-asymmetric","lathe","dx","used123456","bulk support fixture; real sliders","{""X"":37,""Y"":0,""Z"":-62,""A"":0,""C"":0}","[0.08400000000000002,0,-0.08400000000000002,-0.08400000000000002,0,0.08400000000000002]","40.63031666683739","41"
"lathe-used-asymmetric","lathe","dy","used123456","bulk support fixture; real sliders","{""X"":37,""Y"":0,""Z"":-62,""A"":0,""C"":0}","[0.08400000000000002,0,-0.08400000000000002,-0.08400000000000002,0,0.08400000000000002]","-3.932181833807833","-4"
"lathe-used-asymmetric","lathe","barSide","used123456","bulk support fixture; real sliders","{""X"":37,""Y"":0,""Z"":-62,""A"":0,""C"":0}","[0.08400000000000002,0,-0.08400000000000002,-0.08400000000000002,0,0.08400000000000002]","-4.358977051244911","-4"
"lathe-used-asymmetric","lathe","barTop","used123456","bulk support fixture; real sliders","{""X"":37,""Y"":0,""Z"":-62,""A"":0,""C"":0}","[0.08400000000000002,0,-0.08400000000000002,-0.08400000000000002,0,0.08400000000000002]","0.0009635900757865024","0"
"lathe-used-asymmetric","lathe","runoutRoot","used123456","bulk support fixture; real sliders","{""X"":37,""Y"":0,""Z"":-62,""A"":0,""C"":0}","[0.08400000000000002,0,-0.08400000000000002,-0.08400000000000002,0,0.08400000000000002]","11.98505076393485","12"
"lathe-used-asymmetric","lathe","runoutTip","used123456","bulk support fixture; real sliders","{""X"":37,""Y"":0,""Z"":-62,""A"":0,""C"":0}","[0.08400000000000002,0,-0.08400000000000002,-0.08400000000000002,0,0.08400000000000002]","14.39028429697391","14"
"lathe-used-asymmetric","lathe","borea","used123456","bulk support fixture; real sliders","{""X"":37,""Y"":0,""Z"":-62,""A"":0,""C"":0}","[0.08400000000000002,0,-0.08400000000000002,-0.08400000000000002,0,0.08400000000000002]","0","0"
"lathe-used-asymmetric","lathe","boreb","used123456","bulk support fixture; real sliders","{""X"":37,""Y"":0,""Z"":-62,""A"":0,""C"":0}","[0.08400000000000002,0,-0.08400000000000002,-0.08400000000000002,0,0.08400000000000002]","44.5952057340146","45"
"lathe-used-asymmetric","lathe","borec","used123456","bulk support fixture; real sliders","{""X"":37,""Y"":0,""Z"":-62,""A"":0,""C"":0}","[0.08400000000000002,0,-0.08400000000000002,-0.08400000000000002,0,0.08400000000000002]","81.26063333367684","81"
"lathe-used-asymmetric","lathe","bored","used123456","bulk support fixture; real sliders","{""X"":37,""Y"":0,""Z"":-62,""A"":0,""C"":0}","[0.08400000000000002,0,-0.08400000000000002,-0.08400000000000002,0,0.08400000000000002]","36.73084206640142","37"
"lathe-display-input","lathe","face","used123456","known bulk fixture via evaluate","{""X"":37,""Y"":0,""Z"":-62,""A"":0,""C"":0}","[0.08400000000000002,0,-0.08400000000000002,-0.08400000000000002,0,0.08400000000000002]","-3.757939098224597","-4"
"lathe-display-input","lathe","flat","used123456","known bulk fixture via evaluate","{""X"":37,""Y"":0,""Z"":-62,""A"":0,""C"":0}","[0.08400000000000002,0,-0.08400000000000002,-0.08400000000000002,0,0.08400000000000002]","-4.772848897346623","-5"
"lathe-display-input","lathe","dx","used123456","known bulk fixture via evaluate","{""X"":37,""Y"":0,""Z"":-62,""A"":0,""C"":0}","[0.08400000000000002,0,-0.08400000000000002,-0.08400000000000002,0,0.08400000000000002]","40.63031666683739","41"
"lathe-display-input","lathe","dy","used123456","known bulk fixture via evaluate","{""X"":37,""Y"":0,""Z"":-62,""A"":0,""C"":0}","[0.08400000000000002,0,-0.08400000000000002,-0.08400000000000002,0,0.08400000000000002]","-3.932181833807833","-4"
"lathe-display-input","lathe","barSide","used123456","known bulk fixture via evaluate","{""X"":37,""Y"":0,""Z"":-62,""A"":0,""C"":0}","[0.08400000000000002,0,-0.08400000000000002,-0.08400000000000002,0,0.08400000000000002]","-4.358977051244911","-4"
"lathe-display-input","lathe","barTop","used123456","known bulk fixture via evaluate","{""X"":37,""Y"":0,""Z"":-62,""A"":0,""C"":0}","[0.08400000000000002,0,-0.08400000000000002,-0.08400000000000002,0,0.08400000000000002]","0.0009635900757865024","0"
"lathe-display-input","lathe","runoutRoot","used123456","known bulk fixture via evaluate","{""X"":37,""Y"":0,""Z"":-62,""A"":0,""C"":0}","[0.08400000000000002,0,-0.08400000000000002,-0.08400000000000002,0,0.08400000000000002]","11.98505076393485","12"
"lathe-display-input","lathe","runoutTip","used123456","known bulk fixture via evaluate","{""X"":37,""Y"":0,""Z"":-62,""A"":0,""C"":0}","[0.08400000000000002,0,-0.08400000000000002,-0.08400000000000002,0,0.08400000000000002]","14.39028429697391","14"
"lathe-display-input","lathe","borea","used123456","known bulk fixture via evaluate","{""X"":37,""Y"":0,""Z"":-62,""A"":0,""C"":0}","[0.08400000000000002,0,-0.08400000000000002,-0.08400000000000002,0,0.08400000000000002]","0","0"
"lathe-display-input","lathe","boreb","used123456","known bulk fixture via evaluate","{""X"":37,""Y"":0,""Z"":-62,""A"":0,""C"":0}","[0.08400000000000002,0,-0.08400000000000002,-0.08400000000000002,0,0.08400000000000002]","44.5952057340146","45"
"lathe-display-input","lathe","borec","used123456","known bulk fixture via evaluate","{""X"":37,""Y"":0,""Z"":-62,""A"":0,""C"":0}","[0.08400000000000002,0,-0.08400000000000002,-0.08400000000000002,0,0.08400000000000002]","81.26063333367684","81"
"lathe-display-input","lathe","bored","used123456","known bulk fixture via evaluate","{""X"":37,""Y"":0,""Z"":-62,""A"":0,""C"":0}","[0.08400000000000002,0,-0.08400000000000002,-0.08400000000000002,0,0.08400000000000002]","36.73084206640142","37"
"lathe-view-front","lathe","face","used123456","real camera selector","{""X"":37,""Y"":0,""Z"":-62,""A"":0,""C"":0}","[0.08400000000000002,0,-0.08400000000000002,-0.08400000000000002,0,0.08400000000000002]","-3.757939098224597","-4"
"lathe-view-front","lathe","flat","used123456","real camera selector","{""X"":37,""Y"":0,""Z"":-62,""A"":0,""C"":0}","[0.08400000000000002,0,-0.08400000000000002,-0.08400000000000002,0,0.08400000000000002]","-4.772848897346623","-5"
"lathe-view-front","lathe","dx","used123456","real camera selector","{""X"":37,""Y"":0,""Z"":-62,""A"":0,""C"":0}","[0.08400000000000002,0,-0.08400000000000002,-0.08400000000000002,0,0.08400000000000002]","40.63031666683739","41"
"lathe-view-front","lathe","dy","used123456","real camera selector","{""X"":37,""Y"":0,""Z"":-62,""A"":0,""C"":0}","[0.08400000000000002,0,-0.08400000000000002,-0.08400000000000002,0,0.08400000000000002]","-3.932181833807833","-4"
"lathe-view-front","lathe","barSide","used123456","real camera selector","{""X"":37,""Y"":0,""Z"":-62,""A"":0,""C"":0}","[0.08400000000000002,0,-0.08400000000000002,-0.08400000000000002,0,0.08400000000000002]","-4.358977051244911","-4"
"lathe-view-front","lathe","barTop","used123456","real camera selector","{""X"":37,""Y"":0,""Z"":-62,""A"":0,""C"":0}","[0.08400000000000002,0,-0.08400000000000002,-0.08400000000000002,0,0.08400000000000002]","0.0009635900757865024","0"
"lathe-view-front","lathe","runoutRoot","used123456","real camera selector","{""X"":37,""Y"":0,""Z"":-62,""A"":0,""C"":0}","[0.08400000000000002,0,-0.08400000000000002,-0.08400000000000002,0,0.08400000000000002]","11.98505076393485","12"
"lathe-view-front","lathe","runoutTip","used123456","real camera selector","{""X"":37,""Y"":0,""Z"":-62,""A"":0,""C"":0}","[0.08400000000000002,0,-0.08400000000000002,-0.08400000000000002,0,0.08400000000000002]","14.39028429697391","14"
"lathe-view-front","lathe","borea","used123456","real camera selector","{""X"":37,""Y"":0,""Z"":-62,""A"":0,""C"":0}","[0.08400000000000002,0,-0.08400000000000002,-0.08400000000000002,0,0.08400000000000002]","0","0"
"lathe-view-front","lathe","boreb","used123456","real camera selector","{""X"":37,""Y"":0,""Z"":-62,""A"":0,""C"":0}","[0.08400000000000002,0,-0.08400000000000002,-0.08400000000000002,0,0.08400000000000002]","44.5952057340146","45"
"lathe-view-front","lathe","borec","used123456","real camera selector","{""X"":37,""Y"":0,""Z"":-62,""A"":0,""C"":0}","[0.08400000000000002,0,-0.08400000000000002,-0.08400000000000002,0,0.08400000000000002]","81.26063333367684","81"
"lathe-view-front","lathe","bored","used123456","real camera selector","{""X"":37,""Y"":0,""Z"":-62,""A"":0,""C"":0}","[0.08400000000000002,0,-0.08400000000000002,-0.08400000000000002,0,0.08400000000000002]","36.73084206640142","37"
"lathe-view-side","lathe","face","used123456","real camera selector","{""X"":37,""Y"":0,""Z"":-62,""A"":0,""C"":0}","[0.08400000000000002,0,-0.08400000000000002,-0.08400000000000002,0,0.08400000000000002]","-3.757939098224597","-4"
"lathe-view-side","lathe","flat","used123456","real camera selector","{""X"":37,""Y"":0,""Z"":-62,""A"":0,""C"":0}","[0.08400000000000002,0,-0.08400000000000002,-0.08400000000000002,0,0.08400000000000002]","-4.772848897346623","-5"
"lathe-view-side","lathe","dx","used123456","real camera selector","{""X"":37,""Y"":0,""Z"":-62,""A"":0,""C"":0}","[0.08400000000000002,0,-0.08400000000000002,-0.08400000000000002,0,0.08400000000000002]","40.63031666683739","41"
"lathe-view-side","lathe","dy","used123456","real camera selector","{""X"":37,""Y"":0,""Z"":-62,""A"":0,""C"":0}","[0.08400000000000002,0,-0.08400000000000002,-0.08400000000000002,0,0.08400000000000002]","-3.932181833807833","-4"
"lathe-view-side","lathe","barSide","used123456","real camera selector","{""X"":37,""Y"":0,""Z"":-62,""A"":0,""C"":0}","[0.08400000000000002,0,-0.08400000000000002,-0.08400000000000002,0,0.08400000000000002]","-4.358977051244911","-4"
"lathe-view-side","lathe","barTop","used123456","real camera selector","{""X"":37,""Y"":0,""Z"":-62,""A"":0,""C"":0}","[0.08400000000000002,0,-0.08400000000000002,-0.08400000000000002,0,0.08400000000000002]","0.0009635900757865024","0"
"lathe-view-side","lathe","runoutRoot","used123456","real camera selector","{""X"":37,""Y"":0,""Z"":-62,""A"":0,""C"":0}","[0.08400000000000002,0,-0.08400000000000002,-0.08400000000000002,0,0.08400000000000002]","11.98505076393485","12"
"lathe-view-side","lathe","runoutTip","used123456","real camera selector","{""X"":37,""Y"":0,""Z"":-62,""A"":0,""C"":0}","[0.08400000000000002,0,-0.08400000000000002,-0.08400000000000002,0,0.08400000000000002]","14.39028429697391","14"
"lathe-view-side","lathe","borea","used123456","real camera selector","{""X"":37,""Y"":0,""Z"":-62,""A"":0,""C"":0}","[0.08400000000000002,0,-0.08400000000000002,-0.08400000000000002,0,0.08400000000000002]","0","0"
"lathe-view-side","lathe","boreb","used123456","real camera selector","{""X"":37,""Y"":0,""Z"":-62,""A"":0,""C"":0}","[0.08400000000000002,0,-0.08400000000000002,-0.08400000000000002,0,0.08400000000000002]","44.5952057340146","45"
"lathe-view-side","lathe","borec","used123456","real camera selector","{""X"":37,""Y"":0,""Z"":-62,""A"":0,""C"":0}","[0.08400000000000002,0,-0.08400000000000002,-0.08400000000000002,0,0.08400000000000002]","81.26063333367684","81"
"lathe-view-side","lathe","bored","used123456","real camera selector","{""X"":37,""Y"":0,""Z"":-62,""A"":0,""C"":0}","[0.08400000000000002,0,-0.08400000000000002,-0.08400000000000002,0,0.08400000000000002]","36.73084206640142","37"
"lathe-view-oblique","lathe","face","used123456","real camera selector","{""X"":37,""Y"":0,""Z"":-62,""A"":0,""C"":0}","[0.08400000000000002,0,-0.08400000000000002,-0.08400000000000002,0,0.08400000000000002]","-3.757939098224597","-4"
"lathe-view-oblique","lathe","flat","used123456","real camera selector","{""X"":37,""Y"":0,""Z"":-62,""A"":0,""C"":0}","[0.08400000000000002,0,-0.08400000000000002,-0.08400000000000002,0,0.08400000000000002]","-4.772848897346623","-5"
"lathe-view-oblique","lathe","dx","used123456","real camera selector","{""X"":37,""Y"":0,""Z"":-62,""A"":0,""C"":0}","[0.08400000000000002,0,-0.08400000000000002,-0.08400000000000002,0,0.08400000000000002]","40.63031666683739","41"
"lathe-view-oblique","lathe","dy","used123456","real camera selector","{""X"":37,""Y"":0,""Z"":-62,""A"":0,""C"":0}","[0.08400000000000002,0,-0.08400000000000002,-0.08400000000000002,0,0.08400000000000002]","-3.932181833807833","-4"
"lathe-view-oblique","lathe","barSide","used123456","real camera selector","{""X"":37,""Y"":0,""Z"":-62,""A"":0,""C"":0}","[0.08400000000000002,0,-0.08400000000000002,-0.08400000000000002,0,0.08400000000000002]","-4.358977051244911","-4"
"lathe-view-oblique","lathe","barTop","used123456","real camera selector","{""X"":37,""Y"":0,""Z"":-62,""A"":0,""C"":0}","[0.08400000000000002,0,-0.08400000000000002,-0.08400000000000002,0,0.08400000000000002]","0.0009635900757865024","0"
"lathe-view-oblique","lathe","runoutRoot","used123456","real camera selector","{""X"":37,""Y"":0,""Z"":-62,""A"":0,""C"":0}","[0.08400000000000002,0,-0.08400000000000002,-0.08400000000000002,0,0.08400000000000002]","11.98505076393485","12"
"lathe-view-oblique","lathe","runoutTip","used123456","real camera selector","{""X"":37,""Y"":0,""Z"":-62,""A"":0,""C"":0}","[0.08400000000000002,0,-0.08400000000000002,-0.08400000000000002,0,0.08400000000000002]","14.39028429697391","14"
"lathe-view-oblique","lathe","borea","used123456","real camera selector","{""X"":37,""Y"":0,""Z"":-62,""A"":0,""C"":0}","[0.08400000000000002,0,-0.08400000000000002,-0.08400000000000002,0,0.08400000000000002]","0","0"
"lathe-view-oblique","lathe","boreb","used123456","real camera selector","{""X"":37,""Y"":0,""Z"":-62,""A"":0,""C"":0}","[0.08400000000000002,0,-0.08400000000000002,-0.08400000000000002,0,0.08400000000000002]","44.5952057340146","45"
"lathe-view-oblique","lathe","borec","used123456","real camera selector","{""X"":37,""Y"":0,""Z"":-62,""A"":0,""C"":0}","[0.08400000000000002,0,-0.08400000000000002,-0.08400000000000002,0,0.08400000000000002]","81.26063333367684","81"
"lathe-view-oblique","lathe","bored","used123456","real camera selector","{""X"":37,""Y"":0,""Z"":-62,""A"":0,""C"":0}","[0.08400000000000002,0,-0.08400000000000002,-0.08400000000000002,0,0.08400000000000002]","36.73084206640142","37"
"lathe-exaggerate-off","lathe","face","used123456","real display checkbox","{""X"":37,""Y"":0,""Z"":-62,""A"":0,""C"":0}","[0.08400000000000002,0,-0.08400000000000002,-0.08400000000000002,0,0.08400000000000002]","-3.757939098224597","-4"
"lathe-exaggerate-off","lathe","flat","used123456","real display checkbox","{""X"":37,""Y"":0,""Z"":-62,""A"":0,""C"":0}","[0.08400000000000002,0,-0.08400000000000002,-0.08400000000000002,0,0.08400000000000002]","-4.772848897346623","-5"
"lathe-exaggerate-off","lathe","dx","used123456","real display checkbox","{""X"":37,""Y"":0,""Z"":-62,""A"":0,""C"":0}","[0.08400000000000002,0,-0.08400000000000002,-0.08400000000000002,0,0.08400000000000002]","40.63031666683739","41"
"lathe-exaggerate-off","lathe","dy","used123456","real display checkbox","{""X"":37,""Y"":0,""Z"":-62,""A"":0,""C"":0}","[0.08400000000000002,0,-0.08400000000000002,-0.08400000000000002,0,0.08400000000000002]","-3.932181833807833","-4"
"lathe-exaggerate-off","lathe","barSide","used123456","real display checkbox","{""X"":37,""Y"":0,""Z"":-62,""A"":0,""C"":0}","[0.08400000000000002,0,-0.08400000000000002,-0.08400000000000002,0,0.08400000000000002]","-4.358977051244911","-4"
"lathe-exaggerate-off","lathe","barTop","used123456","real display checkbox","{""X"":37,""Y"":0,""Z"":-62,""A"":0,""C"":0}","[0.08400000000000002,0,-0.08400000000000002,-0.08400000000000002,0,0.08400000000000002]","0.0009635900757865024","0"
"lathe-exaggerate-off","lathe","runoutRoot","used123456","real display checkbox","{""X"":37,""Y"":0,""Z"":-62,""A"":0,""C"":0}","[0.08400000000000002,0,-0.08400000000000002,-0.08400000000000002,0,0.08400000000000002]","11.98505076393485","12"
"lathe-exaggerate-off","lathe","runoutTip","used123456","real display checkbox","{""X"":37,""Y"":0,""Z"":-62,""A"":0,""C"":0}","[0.08400000000000002,0,-0.08400000000000002,-0.08400000000000002,0,0.08400000000000002]","14.39028429697391","14"
"lathe-exaggerate-off","lathe","borea","used123456","real display checkbox","{""X"":37,""Y"":0,""Z"":-62,""A"":0,""C"":0}","[0.08400000000000002,0,-0.08400000000000002,-0.08400000000000002,0,0.08400000000000002]","0","0"
"lathe-exaggerate-off","lathe","boreb","used123456","real display checkbox","{""X"":37,""Y"":0,""Z"":-62,""A"":0,""C"":0}","[0.08400000000000002,0,-0.08400000000000002,-0.08400000000000002,0,0.08400000000000002]","44.5952057340146","45"
"lathe-exaggerate-off","lathe","borec","used123456","real display checkbox","{""X"":37,""Y"":0,""Z"":-62,""A"":0,""C"":0}","[0.08400000000000002,0,-0.08400000000000002,-0.08400000000000002,0,0.08400000000000002]","81.26063333367684","81"
"lathe-exaggerate-off","lathe","bored","used123456","real display checkbox","{""X"":37,""Y"":0,""Z"":-62,""A"":0,""C"":0}","[0.08400000000000002,0,-0.08400000000000002,-0.08400000000000002,0,0.08400000000000002]","36.73084206640142","37"
"lathe-showIdealOutline-off","lathe","face","used123456","real display checkbox","{""X"":37,""Y"":0,""Z"":-62,""A"":0,""C"":0}","[0.08400000000000002,0,-0.08400000000000002,-0.08400000000000002,0,0.08400000000000002]","-3.757939098224597","-4"
"lathe-showIdealOutline-off","lathe","flat","used123456","real display checkbox","{""X"":37,""Y"":0,""Z"":-62,""A"":0,""C"":0}","[0.08400000000000002,0,-0.08400000000000002,-0.08400000000000002,0,0.08400000000000002]","-4.772848897346623","-5"
"lathe-showIdealOutline-off","lathe","dx","used123456","real display checkbox","{""X"":37,""Y"":0,""Z"":-62,""A"":0,""C"":0}","[0.08400000000000002,0,-0.08400000000000002,-0.08400000000000002,0,0.08400000000000002]","40.63031666683739","41"
"lathe-showIdealOutline-off","lathe","dy","used123456","real display checkbox","{""X"":37,""Y"":0,""Z"":-62,""A"":0,""C"":0}","[0.08400000000000002,0,-0.08400000000000002,-0.08400000000000002,0,0.08400000000000002]","-3.932181833807833","-4"
"lathe-showIdealOutline-off","lathe","barSide","used123456","real display checkbox","{""X"":37,""Y"":0,""Z"":-62,""A"":0,""C"":0}","[0.08400000000000002,0,-0.08400000000000002,-0.08400000000000002,0,0.08400000000000002]","-4.358977051244911","-4"
"lathe-showIdealOutline-off","lathe","barTop","used123456","real display checkbox","{""X"":37,""Y"":0,""Z"":-62,""A"":0,""C"":0}","[0.08400000000000002,0,-0.08400000000000002,-0.08400000000000002,0,0.08400000000000002]","0.0009635900757865024","0"
"lathe-showIdealOutline-off","lathe","runoutRoot","used123456","real display checkbox","{""X"":37,""Y"":0,""Z"":-62,""A"":0,""C"":0}","[0.08400000000000002,0,-0.08400000000000002,-0.08400000000000002,0,0.08400000000000002]","11.98505076393485","12"
"lathe-showIdealOutline-off","lathe","runoutTip","used123456","real display checkbox","{""X"":37,""Y"":0,""Z"":-62,""A"":0,""C"":0}","[0.08400000000000002,0,-0.08400000000000002,-0.08400000000000002,0,0.08400000000000002]","14.39028429697391","14"
"lathe-showIdealOutline-off","lathe","borea","used123456","real display checkbox","{""X"":37,""Y"":0,""Z"":-62,""A"":0,""C"":0}","[0.08400000000000002,0,-0.08400000000000002,-0.08400000000000002,0,0.08400000000000002]","0","0"
"lathe-showIdealOutline-off","lathe","boreb","used123456","real display checkbox","{""X"":37,""Y"":0,""Z"":-62,""A"":0,""C"":0}","[0.08400000000000002,0,-0.08400000000000002,-0.08400000000000002,0,0.08400000000000002]","44.5952057340146","45"
"lathe-showIdealOutline-off","lathe","borec","used123456","real display checkbox","{""X"":37,""Y"":0,""Z"":-62,""A"":0,""C"":0}","[0.08400000000000002,0,-0.08400000000000002,-0.08400000000000002,0,0.08400000000000002]","81.26063333367684","81"
"lathe-showIdealOutline-off","lathe","bored","used123456","real display checkbox","{""X"":37,""Y"":0,""Z"":-62,""A"":0,""C"":0}","[0.08400000000000002,0,-0.08400000000000002,-0.08400000000000002,0,0.08400000000000002]","36.73084206640142","37"
"lathe-zoom","lathe","face","used123456","real wheel zoom","{""X"":37,""Y"":0,""Z"":-62,""A"":0,""C"":0}","[0.08400000000000002,0,-0.08400000000000002,-0.08400000000000002,0,0.08400000000000002]","-3.757939098224597","-4"
"lathe-zoom","lathe","flat","used123456","real wheel zoom","{""X"":37,""Y"":0,""Z"":-62,""A"":0,""C"":0}","[0.08400000000000002,0,-0.08400000000000002,-0.08400000000000002,0,0.08400000000000002]","-4.772848897346623","-5"
"lathe-zoom","lathe","dx","used123456","real wheel zoom","{""X"":37,""Y"":0,""Z"":-62,""A"":0,""C"":0}","[0.08400000000000002,0,-0.08400000000000002,-0.08400000000000002,0,0.08400000000000002]","40.63031666683739","41"
"lathe-zoom","lathe","dy","used123456","real wheel zoom","{""X"":37,""Y"":0,""Z"":-62,""A"":0,""C"":0}","[0.08400000000000002,0,-0.08400000000000002,-0.08400000000000002,0,0.08400000000000002]","-3.932181833807833","-4"
"lathe-zoom","lathe","barSide","used123456","real wheel zoom","{""X"":37,""Y"":0,""Z"":-62,""A"":0,""C"":0}","[0.08400000000000002,0,-0.08400000000000002,-0.08400000000000002,0,0.08400000000000002]","-4.358977051244911","-4"
"lathe-zoom","lathe","barTop","used123456","real wheel zoom","{""X"":37,""Y"":0,""Z"":-62,""A"":0,""C"":0}","[0.08400000000000002,0,-0.08400000000000002,-0.08400000000000002,0,0.08400000000000002]","0.0009635900757865024","0"
"lathe-zoom","lathe","runoutRoot","used123456","real wheel zoom","{""X"":37,""Y"":0,""Z"":-62,""A"":0,""C"":0}","[0.08400000000000002,0,-0.08400000000000002,-0.08400000000000002,0,0.08400000000000002]","11.98505076393485","12"
"lathe-zoom","lathe","runoutTip","used123456","real wheel zoom","{""X"":37,""Y"":0,""Z"":-62,""A"":0,""C"":0}","[0.08400000000000002,0,-0.08400000000000002,-0.08400000000000002,0,0.08400000000000002]","14.39028429697391","14"
"lathe-zoom","lathe","borea","used123456","real wheel zoom","{""X"":37,""Y"":0,""Z"":-62,""A"":0,""C"":0}","[0.08400000000000002,0,-0.08400000000000002,-0.08400000000000002,0,0.08400000000000002]","0","0"
"lathe-zoom","lathe","boreb","used123456","real wheel zoom","{""X"":37,""Y"":0,""Z"":-62,""A"":0,""C"":0}","[0.08400000000000002,0,-0.08400000000000002,-0.08400000000000002,0,0.08400000000000002]","44.5952057340146","45"
"lathe-zoom","lathe","borec","used123456","real wheel zoom","{""X"":37,""Y"":0,""Z"":-62,""A"":0,""C"":0}","[0.08400000000000002,0,-0.08400000000000002,-0.08400000000000002,0,0.08400000000000002]","81.26063333367684","81"
"lathe-zoom","lathe","bored","used123456","real wheel zoom","{""X"":37,""Y"":0,""Z"":-62,""A"":0,""C"":0}","[0.08400000000000002,0,-0.08400000000000002,-0.08400000000000002,0,0.08400000000000002]","36.73084206640142","37"
"lathe-export-source","lathe","face","used123456","known bulk fixture via evaluate","{""X"":37,""Y"":0,""Z"":-62,""A"":0,""C"":0}","[0,0.01,0,0,0,0]","-3.7579390983269456","-4"
"lathe-export-source","lathe","flat","used123456","known bulk fixture via evaluate","{""X"":37,""Y"":0,""Z"":-62,""A"":0,""C"":0}","[0,0.01,0,0,0,0]","8.576993088897297","9"
"lathe-export-source","lathe","dx","used123456","known bulk fixture via evaluate","{""X"":37,""Y"":0,""Z"":-62,""A"":0,""C"":0}","[0,0.01,0,0,0,0]","102.75236290180737","103"
"lathe-export-source","lathe","dy","used123456","known bulk fixture via evaluate","{""X"":37,""Y"":0,""Z"":-62,""A"":0,""C"":0}","[0,0.01,0,0,0,0]","-2.5814418730723987","-3"
"lathe-export-source","lathe","barSide","used123456","known bulk fixture via evaluate","{""X"":37,""Y"":0,""Z"":-62,""A"":0,""C"":0}","[0,0.01,0,0,0,0]","-17.709000439927042","-18"
"lathe-export-source","lathe","barTop","used123456","known bulk fixture via evaluate","{""X"":37,""Y"":0,""Z"":-62,""A"":0,""C"":0}","[0,0.01,0,0,0,0]","-0.006358111167767411","0"
"lathe-export-source","lathe","runoutRoot","used123456","known bulk fixture via evaluate","{""X"":37,""Y"":0,""Z"":-62,""A"":0,""C"":0}","[0,0.01,0,0,0,0]","11.98505076393485","12"
"lathe-export-source","lathe","runoutTip","used123456","known bulk fixture via evaluate","{""X"":37,""Y"":0,""Z"":-62,""A"":0,""C"":0}","[0,0.01,0,0,0,0]","14.39028429697391","14"
"lathe-export-source","lathe","borea","used123456","known bulk fixture via evaluate","{""X"":37,""Y"":0,""Z"":-62,""A"":0,""C"":0}","[0,0.01,0,0,0,0]","0","0"
"lathe-export-source","lathe","boreb","used123456","known bulk fixture via evaluate","{""X"":37,""Y"":0,""Z"":-62,""A"":0,""C"":0}","[0,0.01,0,0,0,0]","105.54483335145984","106"
"lathe-export-source","lathe","borec","used123456","known bulk fixture via evaluate","{""X"":37,""Y"":0,""Z"":-62,""A"":0,""C"":0}","[0,0.01,0,0,0,0]","205.50472580361384","206"
"lathe-export-source","lathe","bored","used123456","known bulk fixture via evaluate","{""X"":37,""Y"":0,""Z"":-62,""A"":0,""C"":0}","[0,0.01,0,0,0,0]","100.38194960531807","100"
"lathe-import-restored","lathe","face","used123456","actual downloaded JSON import","{""X"":37,""Y"":0,""Z"":-62,""A"":0,""C"":0}","[0,0.01,0,0,0,0]","-3.7579390983269456","-4"
"lathe-import-restored","lathe","flat","used123456","actual downloaded JSON import","{""X"":37,""Y"":0,""Z"":-62,""A"":0,""C"":0}","[0,0.01,0,0,0,0]","8.576993088897297","9"
"lathe-import-restored","lathe","dx","used123456","actual downloaded JSON import","{""X"":37,""Y"":0,""Z"":-62,""A"":0,""C"":0}","[0,0.01,0,0,0,0]","102.75236290180737","103"
"lathe-import-restored","lathe","dy","used123456","actual downloaded JSON import","{""X"":37,""Y"":0,""Z"":-62,""A"":0,""C"":0}","[0,0.01,0,0,0,0]","-2.5814418730723987","-3"
"lathe-import-restored","lathe","barSide","used123456","actual downloaded JSON import","{""X"":37,""Y"":0,""Z"":-62,""A"":0,""C"":0}","[0,0.01,0,0,0,0]","-17.709000439927042","-18"
"lathe-import-restored","lathe","barTop","used123456","actual downloaded JSON import","{""X"":37,""Y"":0,""Z"":-62,""A"":0,""C"":0}","[0,0.01,0,0,0,0]","-0.006358111167767411","0"
"lathe-import-restored","lathe","runoutRoot","used123456","actual downloaded JSON import","{""X"":37,""Y"":0,""Z"":-62,""A"":0,""C"":0}","[0,0.01,0,0,0,0]","11.98505076393485","12"
"lathe-import-restored","lathe","runoutTip","used123456","actual downloaded JSON import","{""X"":37,""Y"":0,""Z"":-62,""A"":0,""C"":0}","[0,0.01,0,0,0,0]","14.39028429697391","14"
"lathe-import-restored","lathe","borea","used123456","actual downloaded JSON import","{""X"":37,""Y"":0,""Z"":-62,""A"":0,""C"":0}","[0,0.01,0,0,0,0]","0","0"
"lathe-import-restored","lathe","boreb","used123456","actual downloaded JSON import","{""X"":37,""Y"":0,""Z"":-62,""A"":0,""C"":0}","[0,0.01,0,0,0,0]","105.54483335145984","106"
"lathe-import-restored","lathe","borec","used123456","actual downloaded JSON import","{""X"":37,""Y"":0,""Z"":-62,""A"":0,""C"":0}","[0,0.01,0,0,0,0]","205.50472580361384","206"
"lathe-import-restored","lathe","bored","used123456","actual downloaded JSON import","{""X"":37,""Y"":0,""Z"":-62,""A"":0,""C"":0}","[0,0.01,0,0,0,0]","100.38194960531807","100"
"lathe-legacy-import","lathe","face","used123456","before JSON imported into after","{""X"":37,""Y"":0,""Z"":-62,""A"":0,""C"":0}","[0,0.01,0,0,0,0]","-3.7579390983269456","-4"
"lathe-legacy-import","lathe","flat","used123456","before JSON imported into after","{""X"":37,""Y"":0,""Z"":-62,""A"":0,""C"":0}","[0,0.01,0,0,0,0]","8.576993088897297","9"
"lathe-legacy-import","lathe","dx","used123456","before JSON imported into after","{""X"":37,""Y"":0,""Z"":-62,""A"":0,""C"":0}","[0,0.01,0,0,0,0]","102.75236290180737","103"
"lathe-legacy-import","lathe","dy","used123456","before JSON imported into after","{""X"":37,""Y"":0,""Z"":-62,""A"":0,""C"":0}","[0,0.01,0,0,0,0]","-2.5814418730723987","-3"
"lathe-legacy-import","lathe","barSide","used123456","before JSON imported into after","{""X"":37,""Y"":0,""Z"":-62,""A"":0,""C"":0}","[0,0.01,0,0,0,0]","-17.709000439927042","-18"
"lathe-legacy-import","lathe","barTop","used123456","before JSON imported into after","{""X"":37,""Y"":0,""Z"":-62,""A"":0,""C"":0}","[0,0.01,0,0,0,0]","-0.006358111167767411","0"
"lathe-legacy-import","lathe","runoutRoot","used123456","before JSON imported into after","{""X"":37,""Y"":0,""Z"":-62,""A"":0,""C"":0}","[0,0.01,0,0,0,0]","11.98505076393485","12"
"lathe-legacy-import","lathe","runoutTip","used123456","before JSON imported into after","{""X"":37,""Y"":0,""Z"":-62,""A"":0,""C"":0}","[0,0.01,0,0,0,0]","14.39028429697391","14"
"lathe-legacy-import","lathe","borea","used123456","before JSON imported into after","{""X"":37,""Y"":0,""Z"":-62,""A"":0,""C"":0}","[0,0.01,0,0,0,0]","0","0"
"lathe-legacy-import","lathe","boreb","used123456","before JSON imported into after","{""X"":37,""Y"":0,""Z"":-62,""A"":0,""C"":0}","[0,0.01,0,0,0,0]","105.54483335145984","106"
"lathe-legacy-import","lathe","borec","used123456","before JSON imported into after","{""X"":37,""Y"":0,""Z"":-62,""A"":0,""C"":0}","[0,0.01,0,0,0,0]","205.50472580361384","206"
"lathe-legacy-import","lathe","bored","used123456","before JSON imported into after","{""X"":37,""Y"":0,""Z"":-62,""A"":0,""C"":0}","[0,0.01,0,0,0,0]","100.38194960531807","100"
"lathe-width320-first","lathe","face","used123456","known bulk fixture via evaluate","{""X"":0,""Y"":0,""Z"":0,""A"":0,""C"":0}","[0,0,0,0,0,0]","-3.7579390983043943","-4"
"lathe-width320-first","lathe","flat","used123456","known bulk fixture via evaluate","{""X"":0,""Y"":0,""Z"":0,""A"":0,""C"":0}","[0,0,0,0,0,0]","7.826992527158391","8"
"lathe-width320-first","lathe","dx","used123456","known bulk fixture via evaluate","{""X"":0,""Y"":0,""Z"":0,""A"":0,""C"":0}","[0,0,0,0,0,0]","123.79637200451012","124"
"lathe-width320-first","lathe","dy","used123456","known bulk fixture via evaluate","{""X"":0,""Y"":0,""Z"":0,""A"":0,""C"":0}","[0,0,0,0,0,0]","-2.65720293390892","-3"
"lathe-width320-first","lathe","barSide","used123456","known bulk fixture via evaluate","{""X"":0,""Y"":0,""Z"":0,""A"":0,""C"":0}","[0,0,0,0,0,0]","-16.958999990972917","-17"
"lathe-width320-first","lathe","barTop","used123456","known bulk fixture via evaluate","{""X"":0,""Y"":0,""Z"":0,""A"":0,""C"":0}","[0,0,0,0,0,0]","-0.00575215427546516","0"
"lathe-width320-first","lathe","runoutRoot","used123456","known bulk fixture via evaluate","{""X"":0,""Y"":0,""Z"":0,""A"":0,""C"":0}","[0,0,0,0,0,0]","11.98505076393485","12"
"lathe-width320-first","lathe","runoutTip","used123456","known bulk fixture via evaluate","{""X"":0,""Y"":0,""Z"":0,""A"":0,""C"":0}","[0,0,0,0,0,0]","14.39028429697391","14"
"lathe-width320-first","lathe","borea","used123456","known bulk fixture via evaluate","{""X"":0,""Y"":0,""Z"":0,""A"":0,""C"":0}","[0,0,0,0,0,0]","0","0"
"lathe-width320-first","lathe","boreb","used123456","known bulk fixture via evaluate","{""X"":0,""Y"":0,""Z"":0,""A"":0,""C"":0}","[0,0,0,0,0,0]","126.75994643730066","127"
"lathe-width320-first","lathe","borec","used123456","known bulk fixture via evaluate","{""X"":0,""Y"":0,""Z"":0,""A"":0,""C"":0}","[0,0,0,0,0,0]","247.59274400901893","248"
"lathe-width320-first","lathe","bored","used123456","known bulk fixture via evaluate","{""X"":0,""Y"":0,""Z"":0,""A"":0,""C"":0}","[0,0,0,0,0,0]","121.44554056948282","121"
"lathe-width320-second","lathe","face","used123456","known bulk fixture via evaluate","{""X"":0,""Y"":0,""Z"":0,""A"":0,""C"":0}","[0,0,0,0,0,0]","-3.7579390983043943","-4"
"lathe-width320-second","lathe","flat","used123456","known bulk fixture via evaluate","{""X"":0,""Y"":0,""Z"":0,""A"":0,""C"":0}","[0,0,0,0,0,0]","7.826992527158391","8"
"lathe-width320-second","lathe","dx","used123456","known bulk fixture via evaluate","{""X"":0,""Y"":0,""Z"":0,""A"":0,""C"":0}","[0,0,0,0,0,0]","123.79637200451012","124"
"lathe-width320-second","lathe","dy","used123456","known bulk fixture via evaluate","{""X"":0,""Y"":0,""Z"":0,""A"":0,""C"":0}","[0,0,0,0,0,0]","-2.65720293390892","-3"
"lathe-width320-second","lathe","barSide","used123456","known bulk fixture via evaluate","{""X"":0,""Y"":0,""Z"":0,""A"":0,""C"":0}","[0,0,0,0,0,0]","-16.958999990972917","-17"
"lathe-width320-second","lathe","barTop","used123456","known bulk fixture via evaluate","{""X"":0,""Y"":0,""Z"":0,""A"":0,""C"":0}","[0,0,0,0,0,0]","-0.00575215427546516","0"
"lathe-width320-second","lathe","runoutRoot","used123456","known bulk fixture via evaluate","{""X"":0,""Y"":0,""Z"":0,""A"":0,""C"":0}","[0,0,0,0,0,0]","11.98505076393485","12"
"lathe-width320-second","lathe","runoutTip","used123456","known bulk fixture via evaluate","{""X"":0,""Y"":0,""Z"":0,""A"":0,""C"":0}","[0,0,0,0,0,0]","14.39028429697391","14"
"lathe-width320-second","lathe","borea","used123456","known bulk fixture via evaluate","{""X"":0,""Y"":0,""Z"":0,""A"":0,""C"":0}","[0,0,0,0,0,0]","0","0"
"lathe-width320-second","lathe","boreb","used123456","known bulk fixture via evaluate","{""X"":0,""Y"":0,""Z"":0,""A"":0,""C"":0}","[0,0,0,0,0,0]","126.75994643730066","127"
"lathe-width320-second","lathe","borec","used123456","known bulk fixture via evaluate","{""X"":0,""Y"":0,""Z"":0,""A"":0,""C"":0}","[0,0,0,0,0,0]","247.59274400901893","248"
"lathe-width320-second","lathe","bored","used123456","known bulk fixture via evaluate","{""X"":0,""Y"":0,""Z"":0,""A"":0,""C"":0}","[0,0,0,0,0,0]","121.44554056948282","121"
"lathe-width390-first","lathe","face","used123456","known bulk fixture via evaluate","{""X"":0,""Y"":0,""Z"":0,""A"":0,""C"":0}","[0,0,0,0,0,0]","-3.7579390983043943","-4"
"lathe-width390-first","lathe","flat","used123456","known bulk fixture via evaluate","{""X"":0,""Y"":0,""Z"":0,""A"":0,""C"":0}","[0,0,0,0,0,0]","7.826992527158391","8"
"lathe-width390-first","lathe","dx","used123456","known bulk fixture via evaluate","{""X"":0,""Y"":0,""Z"":0,""A"":0,""C"":0}","[0,0,0,0,0,0]","123.79637200451012","124"
"lathe-width390-first","lathe","dy","used123456","known bulk fixture via evaluate","{""X"":0,""Y"":0,""Z"":0,""A"":0,""C"":0}","[0,0,0,0,0,0]","-2.65720293390892","-3"
"lathe-width390-first","lathe","barSide","used123456","known bulk fixture via evaluate","{""X"":0,""Y"":0,""Z"":0,""A"":0,""C"":0}","[0,0,0,0,0,0]","-16.958999990972917","-17"
"lathe-width390-first","lathe","barTop","used123456","known bulk fixture via evaluate","{""X"":0,""Y"":0,""Z"":0,""A"":0,""C"":0}","[0,0,0,0,0,0]","-0.00575215427546516","0"
"lathe-width390-first","lathe","runoutRoot","used123456","known bulk fixture via evaluate","{""X"":0,""Y"":0,""Z"":0,""A"":0,""C"":0}","[0,0,0,0,0,0]","11.98505076393485","12"
"lathe-width390-first","lathe","runoutTip","used123456","known bulk fixture via evaluate","{""X"":0,""Y"":0,""Z"":0,""A"":0,""C"":0}","[0,0,0,0,0,0]","14.39028429697391","14"
"lathe-width390-first","lathe","borea","used123456","known bulk fixture via evaluate","{""X"":0,""Y"":0,""Z"":0,""A"":0,""C"":0}","[0,0,0,0,0,0]","0","0"
"lathe-width390-first","lathe","boreb","used123456","known bulk fixture via evaluate","{""X"":0,""Y"":0,""Z"":0,""A"":0,""C"":0}","[0,0,0,0,0,0]","126.75994643730066","127"
"lathe-width390-first","lathe","borec","used123456","known bulk fixture via evaluate","{""X"":0,""Y"":0,""Z"":0,""A"":0,""C"":0}","[0,0,0,0,0,0]","247.59274400901893","248"
"lathe-width390-first","lathe","bored","used123456","known bulk fixture via evaluate","{""X"":0,""Y"":0,""Z"":0,""A"":0,""C"":0}","[0,0,0,0,0,0]","121.44554056948282","121"
"lathe-width390-second","lathe","face","used123456","known bulk fixture via evaluate","{""X"":0,""Y"":0,""Z"":0,""A"":0,""C"":0}","[0,0,0,0,0,0]","-3.7579390983043943","-4"
"lathe-width390-second","lathe","flat","used123456","known bulk fixture via evaluate","{""X"":0,""Y"":0,""Z"":0,""A"":0,""C"":0}","[0,0,0,0,0,0]","7.826992527158391","8"
"lathe-width390-second","lathe","dx","used123456","known bulk fixture via evaluate","{""X"":0,""Y"":0,""Z"":0,""A"":0,""C"":0}","[0,0,0,0,0,0]","123.79637200451012","124"
"lathe-width390-second","lathe","dy","used123456","known bulk fixture via evaluate","{""X"":0,""Y"":0,""Z"":0,""A"":0,""C"":0}","[0,0,0,0,0,0]","-2.65720293390892","-3"
"lathe-width390-second","lathe","barSide","used123456","known bulk fixture via evaluate","{""X"":0,""Y"":0,""Z"":0,""A"":0,""C"":0}","[0,0,0,0,0,0]","-16.958999990972917","-17"
"lathe-width390-second","lathe","barTop","used123456","known bulk fixture via evaluate","{""X"":0,""Y"":0,""Z"":0,""A"":0,""C"":0}","[0,0,0,0,0,0]","-0.00575215427546516","0"
"lathe-width390-second","lathe","runoutRoot","used123456","known bulk fixture via evaluate","{""X"":0,""Y"":0,""Z"":0,""A"":0,""C"":0}","[0,0,0,0,0,0]","11.98505076393485","12"
"lathe-width390-second","lathe","runoutTip","used123456","known bulk fixture via evaluate","{""X"":0,""Y"":0,""Z"":0,""A"":0,""C"":0}","[0,0,0,0,0,0]","14.39028429697391","14"
"lathe-width390-second","lathe","borea","used123456","known bulk fixture via evaluate","{""X"":0,""Y"":0,""Z"":0,""A"":0,""C"":0}","[0,0,0,0,0,0]","0","0"
"lathe-width390-second","lathe","boreb","used123456","known bulk fixture via evaluate","{""X"":0,""Y"":0,""Z"":0,""A"":0,""C"":0}","[0,0,0,0,0,0]","126.75994643730066","127"
"lathe-width390-second","lathe","borec","used123456","known bulk fixture via evaluate","{""X"":0,""Y"":0,""Z"":0,""A"":0,""C"":0}","[0,0,0,0,0,0]","247.59274400901893","248"
"lathe-width390-second","lathe","bored","used123456","known bulk fixture via evaluate","{""X"":0,""Y"":0,""Z"":0,""A"":0,""C"":0}","[0,0,0,0,0,0]","121.44554056948282","121"
"lathe-width1280-first","lathe","face","used123456","known bulk fixture via evaluate","{""X"":0,""Y"":0,""Z"":0,""A"":0,""C"":0}","[0,0,0,0,0,0]","-3.7579390983043943","-4"
"lathe-width1280-first","lathe","flat","used123456","known bulk fixture via evaluate","{""X"":0,""Y"":0,""Z"":0,""A"":0,""C"":0}","[0,0,0,0,0,0]","7.826992527158391","8"
"lathe-width1280-first","lathe","dx","used123456","known bulk fixture via evaluate","{""X"":0,""Y"":0,""Z"":0,""A"":0,""C"":0}","[0,0,0,0,0,0]","123.79637200451012","124"
"lathe-width1280-first","lathe","dy","used123456","known bulk fixture via evaluate","{""X"":0,""Y"":0,""Z"":0,""A"":0,""C"":0}","[0,0,0,0,0,0]","-2.65720293390892","-3"
"lathe-width1280-first","lathe","barSide","used123456","known bulk fixture via evaluate","{""X"":0,""Y"":0,""Z"":0,""A"":0,""C"":0}","[0,0,0,0,0,0]","-16.958999990972917","-17"
"lathe-width1280-first","lathe","barTop","used123456","known bulk fixture via evaluate","{""X"":0,""Y"":0,""Z"":0,""A"":0,""C"":0}","[0,0,0,0,0,0]","-0.00575215427546516","0"
"lathe-width1280-first","lathe","runoutRoot","used123456","known bulk fixture via evaluate","{""X"":0,""Y"":0,""Z"":0,""A"":0,""C"":0}","[0,0,0,0,0,0]","11.98505076393485","12"
"lathe-width1280-first","lathe","runoutTip","used123456","known bulk fixture via evaluate","{""X"":0,""Y"":0,""Z"":0,""A"":0,""C"":0}","[0,0,0,0,0,0]","14.39028429697391","14"
"lathe-width1280-first","lathe","borea","used123456","known bulk fixture via evaluate","{""X"":0,""Y"":0,""Z"":0,""A"":0,""C"":0}","[0,0,0,0,0,0]","0","0"
"lathe-width1280-first","lathe","boreb","used123456","known bulk fixture via evaluate","{""X"":0,""Y"":0,""Z"":0,""A"":0,""C"":0}","[0,0,0,0,0,0]","126.75994643730066","127"
"lathe-width1280-first","lathe","borec","used123456","known bulk fixture via evaluate","{""X"":0,""Y"":0,""Z"":0,""A"":0,""C"":0}","[0,0,0,0,0,0]","247.59274400901893","248"
"lathe-width1280-first","lathe","bored","used123456","known bulk fixture via evaluate","{""X"":0,""Y"":0,""Z"":0,""A"":0,""C"":0}","[0,0,0,0,0,0]","121.44554056948282","121"
"lathe-width1280-second","lathe","face","used123456","known bulk fixture via evaluate","{""X"":0,""Y"":0,""Z"":0,""A"":0,""C"":0}","[0,0,0,0,0,0]","-3.7579390983043943","-4"
"lathe-width1280-second","lathe","flat","used123456","known bulk fixture via evaluate","{""X"":0,""Y"":0,""Z"":0,""A"":0,""C"":0}","[0,0,0,0,0,0]","7.826992527158391","8"
"lathe-width1280-second","lathe","dx","used123456","known bulk fixture via evaluate","{""X"":0,""Y"":0,""Z"":0,""A"":0,""C"":0}","[0,0,0,0,0,0]","123.79637200451012","124"
"lathe-width1280-second","lathe","dy","used123456","known bulk fixture via evaluate","{""X"":0,""Y"":0,""Z"":0,""A"":0,""C"":0}","[0,0,0,0,0,0]","-2.65720293390892","-3"
"lathe-width1280-second","lathe","barSide","used123456","known bulk fixture via evaluate","{""X"":0,""Y"":0,""Z"":0,""A"":0,""C"":0}","[0,0,0,0,0,0]","-16.958999990972917","-17"
"lathe-width1280-second","lathe","barTop","used123456","known bulk fixture via evaluate","{""X"":0,""Y"":0,""Z"":0,""A"":0,""C"":0}","[0,0,0,0,0,0]","-0.00575215427546516","0"
"lathe-width1280-second","lathe","runoutRoot","used123456","known bulk fixture via evaluate","{""X"":0,""Y"":0,""Z"":0,""A"":0,""C"":0}","[0,0,0,0,0,0]","11.98505076393485","12"
"lathe-width1280-second","lathe","runoutTip","used123456","known bulk fixture via evaluate","{""X"":0,""Y"":0,""Z"":0,""A"":0,""C"":0}","[0,0,0,0,0,0]","14.39028429697391","14"
"lathe-width1280-second","lathe","borea","used123456","known bulk fixture via evaluate","{""X"":0,""Y"":0,""Z"":0,""A"":0,""C"":0}","[0,0,0,0,0,0]","0","0"
"lathe-width1280-second","lathe","boreb","used123456","known bulk fixture via evaluate","{""X"":0,""Y"":0,""Z"":0,""A"":0,""C"":0}","[0,0,0,0,0,0]","126.75994643730066","127"
"lathe-width1280-second","lathe","borec","used123456","known bulk fixture via evaluate","{""X"":0,""Y"":0,""Z"":0,""A"":0,""C"":0}","[0,0,0,0,0,0]","247.59274400901893","248"
"lathe-width1280-second","lathe","bored","used123456","known bulk fixture via evaluate","{""X"":0,""Y"":0,""Z"":0,""A"":0,""C"":0}","[0,0,0,0,0,0]","121.44554056948282","121"
